Maturity date,31-Jan-24,31-Oct-26,30-Jun-24,31-Oct-25,29-Dec-26,31-Jan-25,31-May-26,29-Jun-23,29-Jun-25,29-Jun-28,28-Sep-24,31-Jan-24,31-Jan-26,31-Jan-29,31-Jul-26,29-May-30,29-Jan-24,29-Jan-26,29-Jan-28,29-Jan-31,29-Oct-24,29-Oct-26,29-Oct-28,29-Oct-31,30-Sep-25,30-Sep-27,30-Sep-29,30-Sep-32,31-May-26,31-May-28,31-May-30,31-May-33,31-Aug-23,29-Mar-28
31-Aug-10,13.427,16.178,13.841,15.178,16.34,14.43,15.759,12.836,14.838,17.841,14.088,13.427,15.43,18.433,15.926,19.756,13.422,15.425,17.425,20.427,14.173,16.173,18.175,21.175,15.093,17.093,19.096,22.099,15.759,17.762,19.762,22.764,13.008,17.589
1-Sep-10,13.425,16.175,13.838,15.175,16.337,14.427,15.756,12.833,14.836,17.838,14.085,13.425,15.427,18.43,15.923,19.753,13.419,15.422,17.422,20.425,14.17,16.17,18.173,21.173,15.09,17.09,19.093,22.096,15.756,17.759,19.759,22.762,13.005,17.586
2-Sep-10,13.422,16.173,13.836,15.173,16.334,14.425,15.753,12.83,14.833,17.836,14.082,13.422,15.425,18.427,15.921,19.751,13.416,15.419,17.419,20.422,14.167,16.167,18.17,21.17,15.088,17.088,19.09,22.093,15.753,17.756,19.756,22.759,13.003,17.584
3-Sep-10,13.419,16.17,13.833,15.17,16.332,14.422,15.751,12.827,14.83,17.833,14.079,13.419,15.422,18.425,15.918,19.748,13.414,15.416,17.416,20.419,14.164,16.164,18.167,21.167,15.085,17.085,19.088,22.09,15.751,17.753,19.753,22.756,13,17.581
4-Sep-10,13.416,16.167,13.83,15.167,16.329,14.419,15.748,12.825,14.827,17.83,14.077,13.416,15.419,18.422,15.915,19.745,13.411,15.414,17.414,20.416,14.162,16.162,18.164,21.164,15.082,17.082,19.085,22.088,15.748,17.751,19.751,22.753,12.997,17.578
5-Sep-10,13.414,16.164,13.827,15.164,16.326,14.416,15.745,12.822,14.825,17.827,14.074,13.414,15.416,18.419,15.912,19.742,13.408,15.411,17.411,20.414,14.159,16.159,18.162,21.162,15.079,17.079,19.082,22.085,15.745,17.748,19.748,22.751,12.995,17.575
6-Sep-10,13.411,16.162,13.825,15.162,16.323,14.414,15.742,12.819,14.822,17.825,14.071,13.411,15.414,18.416,15.91,19.74,13.405,15.408,17.408,20.411,14.156,16.156,18.159,21.159,15.077,17.077,19.079,22.082,15.742,17.745,19.745,22.748,12.992,17.573
7-Sep-10,13.408,16.159,13.822,15.159,16.321,14.411,15.74,12.816,14.819,17.822,14.068,13.408,15.411,18.414,15.907,19.737,13.403,15.405,17.405,20.408,14.153,16.153,18.156,21.156,15.074,17.074,19.077,22.079,15.74,17.742,19.742,22.745,12.989,17.57
8-Sep-10,13.405,16.156,13.819,15.156,16.318,14.408,15.737,12.814,14.816,17.819,14.066,13.405,15.408,18.411,15.904,19.734,13.4,15.403,17.403,20.405,14.151,16.151,18.153,21.153,15.071,17.071,19.074,22.077,15.737,17.74,19.74,22.742,12.986,17.567
9-Sep-10,13.403,16.153,13.816,15.153,16.315,14.405,15.734,12.811,14.814,17.816,14.063,13.403,15.405,18.408,15.901,19.732,13.397,15.4,17.4,20.403,14.148,16.148,18.151,21.151,15.068,17.068,19.071,22.074,15.734,17.737,19.737,22.74,12.984,17.564
10-Sep-10,13.4,16.151,13.814,15.151,16.312,14.403,15.732,12.808,14.811,17.814,14.06,13.4,15.403,18.405,15.899,19.729,13.395,15.397,17.397,20.4,14.145,16.145,18.148,21.148,15.066,17.066,19.068,22.071,15.732,17.734,19.734,22.737,12.981,17.562
11-Sep-10,13.397,16.148,13.811,15.148,16.31,14.4,15.729,12.805,14.808,17.811,14.058,13.397,15.4,18.403,15.896,19.726,13.392,15.395,17.395,20.397,14.142,16.142,18.145,21.145,15.063,17.063,19.066,22.068,15.729,17.732,19.732,22.734,12.978,17.559
12-Sep-10,13.395,16.145,13.808,15.145,16.307,14.397,15.726,12.803,14.805,17.808,14.055,13.395,15.397,18.4,15.893,19.723,13.389,15.392,17.392,20.395,14.14,16.14,18.142,21.142,15.06,17.06,19.063,22.066,15.726,17.729,19.729,22.732,12.975,17.556
13-Sep-10,13.392,16.142,13.805,15.142,16.304,14.395,15.723,12.8,14.803,17.805,14.052,13.392,15.395,18.397,15.89,19.721,13.386,15.389,17.389,20.392,14.137,16.137,18.14,21.14,15.058,17.058,19.06,22.063,15.723,17.726,19.726,22.729,12.973,17.553
14-Sep-10,13.389,16.14,13.803,15.14,16.301,14.392,15.721,12.797,14.8,17.803,14.049,13.389,15.392,18.395,15.888,19.718,13.384,15.386,17.386,20.389,14.134,16.134,18.137,21.137,15.055,17.055,19.058,22.06,15.721,17.723,19.723,22.726,12.97,17.551
15-Sep-10,13.386,16.137,13.8,15.137,16.299,14.389,15.718,12.795,14.797,17.8,14.047,13.386,15.389,18.392,15.885,19.715,13.381,15.384,17.384,20.386,14.132,16.132,18.134,21.134,15.052,17.052,19.055,22.058,15.718,17.721,19.721,22.723,12.967,17.548
16-Sep-10,13.384,16.134,13.797,15.134,16.296,14.386,15.715,12.792,14.795,17.797,14.044,13.384,15.386,18.389,15.882,19.712,13.378,15.381,17.381,20.384,14.129,16.129,18.132,21.132,15.049,17.049,19.052,22.055,15.715,17.718,19.718,22.721,12.964,17.545
17-Sep-10,13.381,16.132,13.795,15.132,16.293,14.384,15.712,12.789,14.792,17.795,14.041,13.381,15.384,18.386,15.879,19.71,13.375,15.378,17.378,20.381,14.126,16.126,18.129,21.129,15.047,17.047,19.049,22.052,15.712,17.715,19.715,22.718,12.962,17.542
18-Sep-10,13.378,16.129,13.792,15.129,16.29,14.381,15.71,12.786,14.789,17.792,14.038,13.378,15.381,18.384,15.877,19.707,13.373,15.375,17.375,20.378,14.123,16.123,18.126,21.126,15.044,17.044,19.047,22.049,15.71,17.712,19.712,22.715,12.959,17.54
19-Sep-10,13.375,16.126,13.789,15.126,16.288,14.378,15.707,12.784,14.786,17.789,14.036,13.375,15.378,18.381,15.874,19.704,13.37,15.373,17.373,20.375,14.121,16.121,18.123,21.123,15.041,17.041,19.044,22.047,15.707,17.71,19.71,22.712,12.956,17.537
20-Sep-10,13.373,16.123,13.786,15.123,16.285,14.375,15.704,12.781,14.784,17.786,14.033,13.373,15.375,18.378,15.871,19.701,13.367,15.37,17.37,20.373,14.118,16.118,18.121,21.121,15.038,17.038,19.041,22.044,15.704,17.707,19.707,22.71,12.953,17.534
21-Sep-10,13.37,16.121,13.784,15.121,16.282,14.373,15.701,12.778,14.781,17.784,14.03,13.37,15.373,18.375,15.868,19.699,13.364,15.367,17.367,20.37,14.115,16.115,18.118,21.118,15.036,17.036,19.038,22.041,15.701,17.704,19.704,22.707,12.951,17.532
22-Sep-10,13.367,16.118,13.781,15.118,16.279,14.37,15.699,12.775,14.778,17.781,14.027,13.367,15.37,18.373,15.866,19.696,13.362,15.364,17.364,20.367,14.112,16.112,18.115,21.115,15.033,17.033,19.036,22.038,15.699,17.701,19.701,22.704,12.948,17.529
23-Sep-10,13.364,16.115,13.778,15.115,16.277,14.367,15.696,12.773,14.775,17.778,14.025,13.364,15.367,18.37,15.863,19.693,13.359,15.362,17.362,20.364,14.11,16.11,18.112,21.112,15.03,17.03,19.033,22.036,15.696,17.699,19.699,22.701,12.945,17.526
24-Sep-10,13.362,16.112,13.775,15.112,16.274,14.364,15.693,12.77,14.773,17.775,14.022,13.362,15.364,18.367,15.86,19.69,13.356,15.359,17.359,20.362,14.107,16.107,18.11,21.11,15.027,17.027,19.03,22.033,15.693,17.696,19.696,22.699,12.942,17.523
25-Sep-10,13.359,16.11,13.773,15.11,16.271,14.362,15.69,12.767,14.77,17.773,14.019,13.359,15.362,18.364,15.858,19.688,13.353,15.356,17.356,20.359,14.104,16.104,18.107,21.107,15.025,17.025,19.027,22.03,15.69,17.693,19.693,22.696,12.94,17.521
26-Sep-10,13.356,16.107,13.77,15.107,16.268,14.359,15.688,12.764,14.767,17.77,14.016,13.356,15.359,18.362,15.855,19.685,13.351,15.353,17.353,20.356,14.101,16.101,18.104,21.104,15.022,17.022,19.025,22.027,15.688,17.69,19.69,22.693,12.937,17.518
27-Sep-10,13.353,16.104,13.767,15.104,16.266,14.356,15.685,12.762,14.764,17.767,14.014,13.353,15.356,18.359,15.852,19.682,13.348,15.351,17.351,20.353,14.099,16.099,18.101,21.101,15.019,17.019,19.022,22.025,15.685,17.688,19.688,22.69,12.934,17.515
28-Sep-10,13.351,16.101,13.764,15.101,16.263,14.353,15.682,12.759,14.762,17.764,14.011,13.351,15.353,18.356,15.849,19.679,13.345,15.348,17.348,20.351,14.096,16.096,18.099,21.099,15.016,17.016,19.019,22.022,15.682,17.685,19.685,22.688,12.932,17.512
29-Sep-10,13.348,16.099,13.762,15.099,16.26,14.351,15.679,12.756,14.759,17.762,14.008,13.348,15.351,18.353,15.847,19.677,13.342,15.345,17.345,20.348,14.093,16.093,18.096,21.096,15.014,17.014,19.016,22.019,15.679,17.682,19.682,22.685,12.929,17.51
30-Sep-10,13.345,16.096,13.759,15.096,16.258,14.348,15.677,12.753,14.756,17.759,14.005,13.345,15.348,18.351,15.844,19.674,13.34,15.342,17.342,20.345,14.09,16.09,18.093,21.093,15.011,17.011,19.014,22.016,15.677,17.679,19.679,22.682,12.926,17.507
1-Oct-10,13.342,16.093,13.756,15.093,16.255,14.345,15.674,12.751,14.753,17.756,14.003,13.342,15.345,18.348,15.841,19.671,13.337,15.34,17.34,20.342,14.088,16.088,18.09,21.09,15.008,17.008,19.011,22.014,15.674,17.677,19.677,22.679,12.923,17.504
2-Oct-10,13.34,16.09,13.753,15.09,16.252,14.342,15.671,12.748,14.751,17.753,14,13.34,15.342,18.345,15.838,19.668,13.334,15.337,17.337,20.34,14.085,16.085,18.088,21.088,15.005,17.005,19.008,22.011,15.671,17.674,19.674,22.677,12.921,17.501
3-Oct-10,13.337,16.088,13.751,15.088,16.249,14.34,15.668,12.745,14.748,17.751,13.997,13.337,15.34,18.342,15.836,19.666,13.332,15.334,17.334,20.337,14.082,16.082,18.085,21.085,15.003,17.003,19.005,22.008,15.668,17.671,19.671,22.674,12.918,17.499
4-Oct-10,13.334,16.085,13.748,15.085,16.247,14.337,15.666,12.742,14.745,17.748,13.995,13.334,15.337,18.34,15.833,19.663,13.329,15.332,17.332,20.334,14.079,16.079,18.082,21.082,15,17,19.003,22.005,15.666,17.668,19.668,22.671,12.915,17.496
5-Oct-10,13.332,16.082,13.745,15.082,16.244,14.334,15.663,12.74,14.742,17.745,13.992,13.332,15.334,18.337,15.83,19.66,13.326,15.329,17.329,20.332,14.077,16.077,18.079,21.079,14.997,16.997,19,22.003,15.663,17.666,19.666,22.668,12.912,17.493
6-Oct-10,13.329,16.079,13.742,15.079,16.241,14.332,15.66,12.737,14.74,17.742,13.989,13.329,15.332,18.334,15.827,19.658,13.323,15.326,17.326,20.329,14.074,16.074,18.077,21.077,14.995,16.995,18.997,22,15.66,17.663,19.663,22.666,12.91,17.49
7-Oct-10,13.326,16.077,13.74,15.077,16.238,14.329,15.658,12.734,14.737,17.74,13.986,13.326,15.329,18.332,15.825,19.655,13.321,15.323,17.323,20.326,14.071,16.071,18.074,21.074,14.992,16.992,18.995,21.997,15.658,17.66,19.66,22.663,12.907,17.488
8-Oct-10,13.323,16.074,13.737,15.074,16.236,14.326,15.655,12.732,14.734,17.737,13.984,13.323,15.326,18.329,15.822,19.652,13.318,15.321,17.321,20.323,14.068,16.068,18.071,21.071,14.989,16.989,18.992,21.995,15.655,17.658,19.658,22.66,12.904,17.485
9-Oct-10,13.321,16.071,13.734,15.071,16.233,14.323,15.652,12.729,14.732,17.734,13.981,13.321,15.323,18.326,15.819,19.649,13.315,15.318,17.318,20.321,14.066,16.066,18.068,21.068,14.986,16.986,18.989,21.992,15.652,17.655,19.655,22.658,12.901,17.482
10-Oct-10,13.318,16.068,13.732,15.068,16.23,14.321,15.649,12.726,14.729,17.732,13.978,13.318,15.321,18.323,15.816,19.647,13.312,15.315,17.315,20.318,14.063,16.063,18.066,21.066,14.984,16.984,18.986,21.989,15.649,17.652,19.652,22.655,12.899,17.479
11-Oct-10,13.315,16.066,13.729,15.066,16.227,14.318,15.647,12.723,14.726,17.729,13.975,13.315,15.318,18.321,15.814,19.644,13.31,15.312,17.312,20.315,14.06,16.06,18.063,21.063,14.981,16.981,18.984,21.986,15.647,17.649,19.649,22.652,12.896,17.477
12-Oct-10,13.312,16.063,13.726,15.063,16.225,14.315,15.644,12.721,14.723,17.726,13.973,13.312,15.315,18.318,15.811,19.641,13.307,15.31,17.31,20.312,14.058,16.058,18.06,21.06,14.978,16.978,18.981,21.984,15.644,17.647,19.647,22.649,12.893,17.474
13-Oct-10,13.31,16.06,13.723,15.06,16.222,14.312,15.641,12.718,14.721,17.723,13.97,13.31,15.312,18.315,15.808,19.638,13.304,15.307,17.307,20.31,14.055,16.055,18.058,21.058,14.975,16.975,18.978,21.981,15.641,17.644,19.644,22.647,12.89,17.471
14-Oct-10,13.307,16.058,13.721,15.058,16.219,14.31,15.638,12.715,14.718,17.721,13.967,13.307,15.31,18.312,15.805,19.636,13.301,15.304,17.304,20.307,14.052,16.052,18.055,21.055,14.973,16.973,18.975,21.978,15.638,17.641,19.641,22.644,12.888,17.468
15-Oct-10,13.304,16.055,13.718,15.055,16.216,14.307,15.636,12.712,14.715,17.718,13.964,13.304,15.307,18.31,15.803,19.633,13.299,15.301,17.301,20.304,14.049,16.049,18.052,21.052,14.97,16.97,18.973,21.975,15.636,17.638,19.638,22.641,12.885,17.466
16-Oct-10,13.301,16.052,13.715,15.052,16.214,14.304,15.633,12.71,14.712,17.715,13.962,13.301,15.304,18.307,15.8,19.63,13.296,15.299,17.299,20.301,14.047,16.047,18.049,21.049,14.967,16.967,18.97,21.973,15.633,17.636,19.636,22.638,12.882,17.463
17-Oct-10,13.299,16.049,13.712,15.049,16.211,14.301,15.63,12.707,14.71,17.712,13.959,13.299,15.301,18.304,15.797,19.627,13.293,15.296,17.296,20.299,14.044,16.044,18.047,21.047,14.964,16.964,18.967,21.97,15.63,17.633,19.633,22.636,12.879,17.46
18-Oct-10,13.296,16.047,13.71,15.047,16.208,14.299,15.627,12.704,14.707,17.71,13.956,13.296,15.299,18.301,15.795,19.625,13.29,15.293,17.293,20.296,14.041,16.041,18.044,21.044,14.962,16.962,18.964,21.967,15.627,17.63,19.63,22.633,12.877,17.458
19-Oct-10,13.293,16.044,13.707,15.044,16.205,14.296,15.625,12.701,14.704,17.707,13.953,13.293,15.296,18.299,15.792,19.622,13.288,15.29,17.29,20.293,14.038,16.038,18.041,21.041,14.959,16.959,18.962,21.964,15.625,17.627,19.627,22.63,12.874,17.455
20-Oct-10,13.29,16.041,13.704,15.041,16.203,14.293,15.622,12.699,14.701,17.704,13.951,13.29,15.293,18.296,15.789,19.619,13.285,15.288,17.288,20.29,14.036,16.036,18.038,21.038,14.956,16.956,18.959,21.962,15.622,17.625,19.625,22.627,12.871,17.452
21-Oct-10,13.288,16.038,13.701,15.038,16.2,14.29,15.619,12.696,14.699,17.701,13.948,13.288,15.29,18.293,15.786,19.616,13.282,15.285,17.285,20.288,14.033,16.033,18.036,21.036,14.953,16.953,18.956,21.959,15.619,17.622,19.622,22.625,12.868,17.449
22-Oct-10,13.285,16.036,13.699,15.036,16.197,14.288,15.616,12.693,14.696,17.699,13.945,13.285,15.288,18.29,15.784,19.614,13.279,15.282,17.282,20.285,14.03,16.03,18.033,21.033,14.951,16.951,18.953,21.956,15.616,17.619,19.619,22.622,12.866,17.447
23-Oct-10,13.282,16.033,13.696,15.033,16.195,14.285,15.614,12.69,14.693,17.696,13.942,13.282,15.285,18.288,15.781,19.611,13.277,15.279,17.279,20.282,14.027,16.027,18.03,21.03,14.948,16.948,18.951,21.953,15.614,17.616,19.616,22.619,12.863,17.444
24-Oct-10,13.279,16.03,13.693,15.03,16.192,14.282,15.611,12.688,14.69,17.693,13.94,13.279,15.282,18.285,15.778,19.608,13.274,15.277,17.277,20.279,14.025,16.025,18.027,21.027,14.945,16.945,18.948,21.951,15.611,17.614,19.614,22.616,12.86,17.441
25-Oct-10,13.277,16.027,13.69,15.027,16.189,14.279,15.608,12.685,14.688,17.69,13.937,13.277,15.279,18.282,15.775,19.605,13.271,15.274,17.274,20.277,14.022,16.022,18.025,21.025,14.942,16.942,18.945,21.948,15.608,17.611,19.611,22.614,12.858,17.438
26-Oct-10,13.274,16.025,13.688,15.025,16.186,14.277,15.605,12.682,14.685,17.688,13.934,13.274,15.277,18.279,15.773,19.603,13.268,15.271,17.271,20.274,14.019,16.019,18.022,21.022,14.94,16.94,18.942,21.945,15.605,17.608,19.608,22.611,12.855,17.436
27-Oct-10,13.271,16.022,13.685,15.022,16.184,14.274,15.603,12.679,14.682,17.685,13.932,13.271,15.274,18.277,15.77,19.6,13.266,15.268,17.268,20.271,14.016,16.016,18.019,21.019,14.937,16.937,18.94,21.942,15.603,17.605,19.605,22.608,12.852,17.433
28-Oct-10,13.268,16.019,13.682,15.019,16.181,14.271,15.6,12.677,14.679,17.682,13.929,13.268,15.271,18.274,15.767,19.597,13.263,15.266,17.266,20.268,14.014,16.014,18.016,21.016,14.934,16.934,18.937,21.94,15.6,17.603,19.603,22.605,12.849,17.43
29-Oct-10,13.266,16.016,13.679,15.016,16.178,14.268,15.597,12.674,14.677,17.679,13.926,13.266,15.268,18.271,15.764,19.595,13.26,15.263,17.263,20.266,14.011,16.011,18.014,21.014,14.932,16.932,18.934,21.937,15.597,17.6,19.6,22.603,12.847,17.427
30-Oct-10,13.263,16.014,13.677,15.014,16.175,14.266,15.595,12.671,14.674,17.677,13.923,13.263,15.266,18.268,15.762,19.592,13.258,15.26,17.26,20.263,14.008,16.008,18.011,21.011,14.929,16.929,18.932,21.934,15.595,17.597,19.597,22.6,12.844,17.425
31-Oct-10,13.26,16.011,13.674,15.011,16.173,14.263,15.592,12.668,14.671,17.674,13.921,13.26,15.263,18.266,15.759,19.589,13.255,15.258,17.258,20.26,14.005,16.005,18.008,21.008,14.926,16.926,18.929,21.932,15.592,17.595,19.595,22.597,12.841,17.422
1-Nov-10,13.258,16.008,13.671,15.008,16.17,14.26,15.589,12.666,14.668,17.671,13.918,13.258,15.26,18.263,15.756,19.586,13.252,15.255,17.255,20.258,14.003,16.003,18.005,21.005,14.923,16.923,18.926,21.929,15.589,17.592,19.592,22.595,12.838,17.419
2-Nov-10,13.255,16.005,13.668,15.005,16.167,14.258,15.586,12.663,14.666,17.668,13.915,13.255,15.258,18.26,15.753,19.584,13.249,15.252,17.252,20.255,14,16,18.003,21.003,14.921,16.921,18.923,21.926,15.586,17.589,19.589,22.592,12.836,17.416
3-Nov-10,13.252,16.003,13.666,15.003,16.164,14.255,15.584,12.66,14.663,17.666,13.912,13.252,15.255,18.258,15.751,19.581,13.247,15.249,17.249,20.252,13.997,15.997,18,21,14.918,16.918,18.921,21.923,15.584,17.586,19.586,22.589,12.833,17.414
4-Nov-10,13.249,16,13.663,15,16.162,14.252,15.581,12.658,14.66,17.663,13.91,13.249,15.252,18.255,15.748,19.578,13.244,15.247,17.247,20.249,13.995,15.995,17.997,20.997,14.915,16.915,18.918,21.921,15.581,17.584,19.584,22.586,12.83,17.411
5-Nov-10,13.247,15.997,13.66,14.997,16.159,14.249,15.578,12.655,14.658,17.66,13.907,13.247,15.249,18.252,15.745,19.575,13.241,15.244,17.244,20.247,13.992,15.992,17.995,20.995,14.912,16.912,18.915,21.918,15.578,17.581,19.581,22.584,12.827,17.408
6-Nov-10,13.244,15.995,13.658,14.995,16.156,14.247,15.575,12.652,14.655,17.658,13.904,13.244,15.247,18.249,15.742,19.573,13.238,15.241,17.241,20.244,13.989,15.989,17.992,20.992,14.91,16.91,18.912,21.915,15.575,17.578,19.578,22.581,12.825,17.405
7-Nov-10,13.241,15.992,13.655,14.992,16.153,14.244,15.573,12.649,14.652,17.655,13.901,13.241,15.244,18.247,15.74,19.57,13.236,15.238,17.238,20.241,13.986,15.986,17.989,20.989,14.907,16.907,18.91,21.912,15.573,17.575,19.575,22.578,12.822,17.403
8-Nov-10,13.238,15.989,13.652,14.989,16.151,14.241,15.57,12.647,14.649,17.652,13.899,13.238,15.241,18.244,15.737,19.567,13.233,15.236,17.236,20.238,13.984,15.984,17.986,20.986,14.904,16.904,18.907,21.91,15.57,17.573,19.573,22.575,12.819,17.4
9-Nov-10,13.236,15.986,13.649,14.986,16.148,14.238,15.567,12.644,14.647,17.649,13.896,13.236,15.238,18.241,15.734,19.564,13.23,15.233,17.233,20.236,13.981,15.981,17.984,20.984,14.901,16.901,18.904,21.907,15.567,17.57,19.57,22.573,12.816,17.397
10-Nov-10,13.233,15.984,13.647,14.984,16.145,14.236,15.564,12.641,14.644,17.647,13.893,13.233,15.236,18.238,15.732,19.562,13.227,15.23,17.23,20.233,13.978,15.978,17.981,20.981,14.899,16.899,18.901,21.904,15.564,17.567,19.567,22.57,12.814,17.395
11-Nov-10,13.23,15.981,13.644,14.981,16.142,14.233,15.562,12.638,14.641,17.644,13.89,13.23,15.233,18.236,15.729,19.559,13.225,15.227,17.227,20.23,13.975,15.975,17.978,20.978,14.896,16.896,18.899,21.901,15.562,17.564,19.564,22.567,12.811,17.392
12-Nov-10,13.227,15.978,13.641,14.978,16.14,14.23,15.559,12.636,14.638,17.641,13.888,13.227,15.23,18.233,15.726,19.556,13.222,15.225,17.225,20.227,13.973,15.973,17.975,20.975,14.893,16.893,18.896,21.899,15.559,17.562,19.562,22.564,12.808,17.389
13-Nov-10,13.225,15.975,13.638,14.975,16.137,14.227,15.556,12.633,14.636,17.638,13.885,13.225,15.227,18.23,15.723,19.553,13.219,15.222,17.222,20.225,13.97,15.97,17.973,20.973,14.89,16.89,18.893,21.896,15.556,17.559,19.559,22.562,12.805,17.386
14-Nov-10,13.222,15.973,13.636,14.973,16.134,14.225,15.553,12.63,14.633,17.636,13.882,13.222,15.225,18.227,15.721,19.551,13.216,15.219,17.219,20.222,13.967,15.967,17.97,20.97,14.888,16.888,18.89,21.893,15.553,17.556,19.556,22.559,12.803,17.384
15-Nov-10,13.219,15.97,13.633,14.97,16.132,14.222,15.551,12.627,14.63,17.633,13.879,13.219,15.222,18.225,15.718,19.548,13.214,15.216,17.216,20.219,13.964,15.964,17.967,20.967,14.885,16.885,18.888,21.89,15.551,17.553,19.553,22.556,12.8,17.381
16-Nov-10,13.216,15.967,13.63,14.967,16.129,14.219,15.548,12.625,14.627,17.63,13.877,13.216,15.219,18.222,15.715,19.545,13.211,15.214,17.214,20.216,13.962,15.962,17.964,20.964,14.882,16.882,18.885,21.888,15.548,17.551,19.551,22.553,12.797,17.378
17-Nov-10,13.214,15.964,13.627,14.964,16.126,14.216,15.545,12.622,14.625,17.627,13.874,13.214,15.216,18.219,15.712,19.542,13.208,15.211,17.211,20.214,13.959,15.959,17.962,20.962,14.879,16.879,18.882,21.885,15.545,17.548,19.548,22.551,12.795,17.375
18-Nov-10,13.211,15.962,13.625,14.962,16.123,14.214,15.542,12.619,14.622,17.625,13.871,13.211,15.214,18.216,15.71,19.54,13.205,15.208,17.208,20.211,13.956,15.956,17.959,20.959,14.877,16.877,18.879,21.882,15.542,17.545,19.545,22.548,12.792,17.373
19-Nov-10,13.208,15.959,13.622,14.959,16.121,14.211,15.54,12.616,14.619,17.622,13.868,13.208,15.211,18.214,15.707,19.537,13.203,15.205,17.205,20.208,13.953,15.953,17.956,20.956,14.874,16.874,18.877,21.879,15.54,17.542,19.542,22.545,12.789,17.37
20-Nov-10,13.205,15.956,13.619,14.956,16.118,14.208,15.537,12.614,14.616,17.619,13.866,13.205,15.208,18.211,15.704,19.534,13.2,15.203,17.203,20.205,13.951,15.951,17.953,20.953,14.871,16.871,18.874,21.877,15.537,17.54,19.54,22.542,12.786,17.367
21-Nov-10,13.203,15.953,13.616,14.953,16.115,14.205,15.534,12.611,14.614,17.616,13.863,13.203,15.205,18.208,15.701,19.532,13.197,15.2,17.2,20.203,13.948,15.948,17.951,20.951,14.868,16.868,18.871,21.874,15.534,17.537,19.537,22.54,12.784,17.364
22-Nov-10,13.2,15.951,13.614,14.951,16.112,14.203,15.532,12.608,14.611,17.614,13.86,13.2,15.203,18.205,15.699,19.529,13.195,15.197,17.197,20.2,13.945,15.945,17.948,20.948,14.866,16.866,18.868,21.871,15.532,17.534,19.534,22.537,12.781,17.362
23-Nov-10,13.197,15.948,13.611,14.948,16.11,14.2,15.529,12.605,14.608,17.611,13.858,13.197,15.2,18.203,15.696,19.526,13.192,15.195,17.195,20.197,13.942,15.942,17.945,20.945,14.863,16.863,18.866,21.868,15.529,17.532,19.532,22.534,12.778,17.359
24-Nov-10,13.195,15.945,13.608,14.945,16.107,14.197,15.526,12.603,14.605,17.608,13.855,13.195,15.197,18.2,15.693,19.523,13.189,15.192,17.192,20.195,13.94,15.94,17.942,20.942,14.86,16.86,18.863,21.866,15.526,17.529,19.529,22.532,12.775,17.356
25-Nov-10,13.192,15.942,13.605,14.942,16.104,14.195,15.523,12.6,14.603,17.605,13.852,13.192,15.195,18.197,15.69,19.521,13.186,15.189,17.189,20.192,13.937,15.937,17.94,20.94,14.858,16.858,18.86,21.863,15.523,17.526,19.526,22.529,12.773,17.353
26-Nov-10,13.189,15.94,13.603,14.94,16.101,14.192,15.521,12.597,14.6,17.603,13.849,13.189,15.192,18.195,15.688,19.518,13.184,15.186,17.186,20.189,13.934,15.934,17.937,20.937,14.855,16.855,18.858,21.86,15.521,17.523,19.523,22.526,12.77,17.351
27-Nov-10,13.186,15.937,13.6,14.937,16.099,14.189,15.518,12.595,14.597,17.6,13.847,13.186,15.189,18.192,15.685,19.515,13.181,15.184,17.184,20.186,13.932,15.932,17.934,20.934,14.852,16.852,18.855,21.858,15.518,17.521,19.521,22.523,12.767,17.348
28-Nov-10,13.184,15.934,13.597,14.934,16.096,14.186,15.515,12.592,14.595,17.597,13.844,13.184,15.186,18.189,15.682,19.512,13.178,15.181,17.181,20.184,13.929,15.929,17.932,20.932,14.849,16.849,18.852,21.855,15.515,17.518,19.518,22.521,12.764,17.345
29-Nov-10,13.181,15.932,13.595,14.932,16.093,14.184,15.512,12.589,14.592,17.595,13.841,13.181,15.184,18.186,15.679,19.51,13.175,15.178,17.178,20.181,13.926,15.926,17.929,20.929,14.847,16.847,18.849,21.852,15.512,17.515,19.515,22.518,12.762,17.342
30-Nov-10,13.178,15.929,13.592,14.929,16.09,14.181,15.51,12.586,14.589,17.592,13.838,13.178,15.181,18.184,15.677,19.507,13.173,15.175,17.175,20.178,13.923,15.923,17.926,20.926,14.844,16.844,18.847,21.849,15.51,17.512,19.512,22.515,12.759,17.34
1-Dec-10,13.175,15.926,13.589,14.926,16.088,14.178,15.507,12.584,14.586,17.589,13.836,13.175,15.178,18.181,15.674,19.504,13.17,15.173,17.173,20.175,13.921,15.921,17.923,20.923,14.841,16.841,18.844,21.847,15.507,17.51,19.51,22.512,12.756,17.337
2-Dec-10,13.173,15.923,13.586,14.923,16.085,14.175,15.504,12.581,14.584,17.586,13.833,13.173,15.175,18.178,15.671,19.501,13.167,15.17,17.17,20.173,13.918,15.918,17.921,20.921,14.838,16.838,18.841,21.844,15.504,17.507,19.507,22.51,12.753,17.334
3-Dec-10,13.17,15.921,13.584,14.921,16.082,14.173,15.501,12.578,14.581,17.584,13.83,13.17,15.173,18.175,15.668,19.499,13.164,15.167,17.167,20.17,13.915,15.915,17.918,20.918,14.836,16.836,18.838,21.841,15.501,17.504,19.504,22.507,12.751,17.332
4-Dec-10,13.167,15.918,13.581,14.918,16.079,14.17,15.499,12.575,14.578,17.581,13.827,13.167,15.17,18.173,15.666,19.496,13.162,15.164,17.164,20.167,13.912,15.912,17.915,20.915,14.833,16.833,18.836,21.838,15.499,17.501,19.501,22.504,12.748,17.329
5-Dec-10,13.164,15.915,13.578,14.915,16.077,14.167,15.496,12.573,14.575,17.578,13.825,13.164,15.167,18.17,15.663,19.493,13.159,15.162,17.162,20.164,13.91,15.91,17.912,20.912,14.83,16.83,18.833,21.836,15.496,17.499,19.499,22.501,12.745,17.326
6-Dec-10,13.162,15.912,13.575,14.912,16.074,14.164,15.493,12.57,14.573,17.575,13.822,13.162,15.164,18.167,15.66,19.49,13.156,15.159,17.159,20.162,13.907,15.907,17.91,20.91,14.827,16.827,18.83,21.833,15.493,17.496,19.496,22.499,12.742,17.323
7-Dec-10,13.159,15.91,13.573,14.91,16.071,14.162,15.49,12.567,14.57,17.573,13.819,13.159,15.162,18.164,15.658,19.488,13.153,15.156,17.156,20.159,13.904,15.904,17.907,20.907,14.825,16.825,18.827,21.83,15.49,17.493,19.493,22.496,12.74,17.321
8-Dec-10,13.156,15.907,13.57,14.907,16.068,14.159,15.488,12.564,14.567,17.57,13.816,13.156,15.159,18.162,15.655,19.485,13.151,15.153,17.153,20.156,13.901,15.901,17.904,20.904,14.822,16.822,18.825,21.827,15.488,17.49,19.49,22.493,12.737,17.318
9-Dec-10,13.153,15.904,13.567,14.904,16.066,14.156,15.485,12.562,14.564,17.567,13.814,13.153,15.156,18.159,15.652,19.482,13.148,15.151,17.151,20.153,13.899,15.899,17.901,20.901,14.819,16.819,18.822,21.825,15.485,17.488,19.488,22.49,12.734,17.315
10-Dec-10,13.151,15.901,13.564,14.901,16.063,14.153,15.482,12.559,14.562,17.564,13.811,13.151,15.153,18.156,15.649,19.479,13.145,15.148,17.148,20.151,13.896,15.896,17.899,20.899,14.816,16.816,18.819,21.822,15.482,17.485,19.485,22.488,12.732,17.312
11-Dec-10,13.148,15.899,13.562,14.899,16.06,14.151,15.479,12.556,14.559,17.562,13.808,13.148,15.151,18.153,15.647,19.477,13.142,15.145,17.145,20.148,13.893,15.893,17.896,20.896,14.814,16.814,18.816,21.819,15.479,17.482,19.482,22.485,12.729,17.31
12-Dec-10,13.145,15.896,13.559,14.896,16.058,14.148,15.477,12.553,14.556,17.559,13.805,13.145,15.148,18.151,15.644,19.474,13.14,15.142,17.142,20.145,13.89,15.89,17.893,20.893,14.811,16.811,18.814,21.816,15.477,17.479,19.479,22.482,12.726,17.307
13-Dec-10,13.142,15.893,13.556,14.893,16.055,14.145,15.474,12.551,14.553,17.556,13.803,13.142,15.145,18.148,15.641,19.471,13.137,15.14,17.14,20.142,13.888,15.888,17.89,20.89,14.808,16.808,18.811,21.814,15.474,17.477,19.477,22.479,12.723,17.304
14-Dec-10,13.14,15.89,13.553,14.89,16.052,14.142,15.471,12.548,14.551,17.553,13.8,13.14,15.142,18.145,15.638,19.468,13.134,15.137,17.137,20.14,13.885,15.885,17.888,20.888,14.805,16.805,18.808,21.811,15.471,17.474,19.474,22.477,12.721,17.301
15-Dec-10,13.137,15.888,13.551,14.888,16.049,14.14,15.468,12.545,14.548,17.551,13.797,13.137,15.14,18.142,15.636,19.466,13.132,15.134,17.134,20.137,13.882,15.882,17.885,20.885,14.803,16.803,18.805,21.808,15.468,17.471,19.471,22.474,12.718,17.299
16-Dec-10,13.134,15.885,13.548,14.885,16.047,14.137,15.466,12.542,14.545,17.548,13.795,13.134,15.137,18.14,15.633,19.463,13.129,15.132,17.132,20.134,13.879,15.879,17.882,20.882,14.8,16.8,18.803,21.805,15.466,17.468,19.468,22.471,12.715,17.296
17-Dec-10,13.132,15.882,13.545,14.882,16.044,14.134,15.463,12.54,14.542,17.545,13.792,13.132,15.134,18.137,15.63,19.46,13.126,15.129,17.129,20.132,13.877,15.877,17.879,20.879,14.797,16.797,18.8,21.803,15.463,17.466,19.466,22.468,12.712,17.293
18-Dec-10,13.129,15.879,13.542,14.879,16.041,14.132,15.46,12.537,14.54,17.542,13.789,13.129,15.132,18.134,15.627,19.458,13.123,15.126,17.126,20.129,13.874,15.874,17.877,20.877,14.795,16.795,18.797,21.8,15.46,17.463,19.463,22.466,12.71,17.29
19-Dec-10,13.126,15.877,13.54,14.877,16.038,14.129,15.458,12.534,14.537,17.54,13.786,13.126,15.129,18.132,15.625,19.455,13.121,15.123,17.123,20.126,13.871,15.871,17.874,20.874,14.792,16.792,18.795,21.797,15.458,17.46,19.46,22.463,12.707,17.288
20-Dec-10,13.123,15.874,13.537,14.874,16.036,14.126,15.455,12.532,14.534,17.537,13.784,13.123,15.126,18.129,15.622,19.452,13.118,15.121,17.121,20.123,13.868,15.868,17.871,20.871,14.789,16.789,18.792,21.795,15.455,17.458,19.458,22.46,12.704,17.285
21-Dec-10,13.121,15.871,13.534,14.871,16.033,14.123,15.452,12.529,14.532,17.534,13.781,13.121,15.123,18.126,15.619,19.449,13.115,15.118,17.118,20.121,13.866,15.866,17.868,20.868,14.786,16.786,18.789,21.792,15.452,17.455,19.455,22.458,12.701,17.282
22-Dec-10,13.118,15.868,13.532,14.868,16.03,14.121,15.449,12.526,14.529,17.532,13.778,13.118,15.121,18.123,15.616,19.447,13.112,15.115,17.115,20.118,13.863,15.863,17.866,20.866,14.784,16.784,18.786,21.789,15.449,17.452,19.452,22.455,12.699,17.279
23-Dec-10,13.115,15.866,13.529,14.866,16.027,14.118,15.447,12.523,14.526,17.529,13.775,13.115,15.118,18.121,15.614,19.444,13.11,15.112,17.112,20.115,13.86,15.86,17.863,20.863,14.781,16.781,18.784,21.786,15.447,17.449,19.449,22.452,12.696,17.277
24-Dec-10,13.112,15.863,13.526,14.863,16.025,14.115,15.444,12.521,14.523,17.526,13.773,13.112,15.115,18.118,15.611,19.441,13.107,15.11,17.11,20.112,13.858,15.858,17.86,20.86,14.778,16.778,18.781,21.784,15.444,17.447,19.447,22.449,12.693,17.274
25-Dec-10,13.11,15.86,13.523,14.86,16.022,14.112,15.441,12.518,14.521,17.523,13.77,13.11,15.112,18.115,15.608,19.438,13.104,15.107,17.107,20.11,13.855,15.855,17.858,20.858,14.775,16.775,18.778,21.781,15.441,17.444,19.444,22.447,12.69,17.271
26-Dec-10,13.107,15.858,13.521,14.858,16.019,14.11,15.438,12.515,14.518,17.521,13.767,13.107,15.11,18.112,15.605,19.436,13.101,15.104,17.104,20.107,13.852,15.852,17.855,20.855,14.773,16.773,18.775,21.778,15.438,17.441,19.441,22.444,12.688,17.268
27-Dec-10,13.104,15.855,13.518,14.855,16.016,14.107,15.436,12.512,14.515,17.518,13.764,13.104,15.107,18.11,15.603,19.433,13.099,15.101,17.101,20.104,13.849,15.849,17.852,20.852,14.77,16.77,18.773,21.775,15.436,17.438,19.438,22.441,12.685,17.266
28-Dec-10,13.101,15.852,13.515,14.852,16.014,14.104,15.433,12.51,14.512,17.515,13.762,13.101,15.104,18.107,15.6,19.43,13.096,15.099,17.099,20.101,13.847,15.847,17.849,20.849,14.767,16.767,18.77,21.773,15.433,17.436,19.436,22.438,12.682,17.263
29-Dec-10,13.099,15.849,13.512,14.849,16.011,14.101,15.43,12.507,14.51,17.512,13.759,13.099,15.101,18.104,15.597,19.427,13.093,15.096,17.096,20.099,13.844,15.844,17.847,20.847,14.764,16.764,18.767,21.77,15.43,17.433,19.433,22.436,12.679,17.26
30-Dec-10,13.096,15.847,13.51,14.847,16.008,14.099,15.427,12.504,14.507,17.51,13.756,13.096,15.099,18.101,15.595,19.425,13.09,15.093,17.093,20.096,13.841,15.841,17.844,20.844,14.762,16.762,18.764,21.767,15.427,17.43,19.43,22.433,12.677,17.258
31-Dec-10,13.093,15.844,13.507,14.844,16.005,14.096,15.425,12.501,14.504,17.507,13.753,13.093,15.096,18.099,15.592,19.422,13.088,15.09,17.09,20.093,13.838,15.838,17.841,20.841,14.759,16.759,18.762,21.764,15.425,17.427,19.427,22.43,12.674,17.255
1-Jan-11,13.09,15.841,13.504,14.841,16.003,14.093,15.422,12.499,14.501,17.504,13.751,13.09,15.093,18.096,15.589,19.419,13.085,15.088,17.088,20.09,13.836,15.836,17.838,20.838,14.756,16.756,18.759,21.762,15.422,17.425,19.425,22.427,12.671,17.252
2-Jan-11,13.088,15.838,13.501,14.838,16,14.09,15.419,12.496,14.499,17.501,13.748,13.088,15.09,18.093,15.586,19.416,13.082,15.085,17.085,20.088,13.833,15.833,17.836,20.836,14.753,16.753,18.756,21.759,15.419,17.422,19.422,22.425,12.668,17.249
3-Jan-11,13.085,15.836,13.499,14.836,15.997,14.088,15.416,12.493,14.496,17.499,13.745,13.085,15.088,18.09,15.584,19.414,13.079,15.082,17.082,20.085,13.83,15.83,17.833,20.833,14.751,16.751,18.753,21.756,15.416,17.419,19.419,22.422,12.666,17.247
4-Jan-11,13.082,15.833,13.496,14.833,15.995,14.085,15.414,12.49,14.493,17.496,13.742,13.082,15.085,18.088,15.581,19.411,13.077,15.079,17.079,20.082,13.827,15.827,17.83,20.83,14.748,16.748,18.751,21.753,15.414,17.416,19.416,22.419,12.663,17.244
5-Jan-11,13.079,15.83,13.493,14.83,15.992,14.082,15.411,12.488,14.49,17.493,13.74,13.079,15.082,18.085,15.578,19.408,13.074,15.077,17.077,20.079,13.825,15.825,17.827,20.827,14.745,16.745,18.748,21.751,15.411,17.414,19.414,22.416,12.66,17.241
6-Jan-11,13.077,15.827,13.49,14.827,15.989,14.079,15.408,12.485,14.488,17.49,13.737,13.077,15.079,18.082,15.575,19.405,13.071,15.074,17.074,20.077,13.822,15.822,17.825,20.825,14.742,16.742,18.745,21.748,15.408,17.411,19.411,22.414,12.658,17.238
7-Jan-11,13.074,15.825,13.488,14.825,15.986,14.077,15.405,12.482,14.485,17.488,13.734,13.074,15.077,18.079,15.573,19.403,13.068,15.071,17.071,20.074,13.819,15.819,17.822,20.822,14.74,16.74,18.742,21.745,15.405,17.408,19.408,22.411,12.655,17.236
8-Jan-11,13.071,15.822,13.485,14.822,15.984,14.074,15.403,12.479,14.482,17.485,13.732,13.071,15.074,18.077,15.57,19.4,13.066,15.068,17.068,20.071,13.816,15.816,17.819,20.819,14.737,16.737,18.74,21.742,15.403,17.405,19.405,22.408,12.652,17.233
9-Jan-11,13.068,15.819,13.482,14.819,15.981,14.071,15.4,12.477,14.479,17.482,13.729,13.068,15.071,18.074,15.567,19.397,13.063,15.066,17.066,20.068,13.814,15.814,17.816,20.816,14.734,16.734,18.737,21.74,15.4,17.403,19.403,22.405,12.649,17.23
10-Jan-11,13.066,15.816,13.479,14.816,15.978,14.068,15.397,12.474,14.477,17.479,13.726,13.066,15.068,18.071,15.564,19.395,13.06,15.063,17.063,20.066,13.811,15.811,17.814,20.814,14.732,16.732,18.734,21.737,15.397,17.4,19.4,22.403,12.647,17.227
11-Jan-11,13.063,15.814,13.477,14.814,15.975,14.066,15.395,12.471,14.474,17.477,13.723,13.063,15.066,18.068,15.562,19.392,13.058,15.06,17.06,20.063,13.808,15.808,17.811,20.811,14.729,16.729,18.732,21.734,15.395,17.397,19.397,22.4,12.644,17.225
12-Jan-11,13.06,15.811,13.474,14.811,15.973,14.063,15.392,12.468,14.471,17.474,13.721,13.06,15.063,18.066,15.559,19.389,13.055,15.058,17.058,20.06,13.805,15.805,17.808,20.808,14.726,16.726,18.729,21.732,15.392,17.395,19.395,22.397,12.641,17.222
13-Jan-11,13.058,15.808,13.471,14.808,15.97,14.06,15.389,12.466,14.468,17.471,13.718,13.058,15.06,18.063,15.556,19.386,13.052,15.055,17.055,20.058,13.803,15.803,17.805,20.805,14.723,16.723,18.726,21.729,15.389,17.392,19.392,22.395,12.638,17.219
14-Jan-11,13.055,15.805,13.468,14.805,15.967,14.058,15.386,12.463,14.466,17.468,13.715,13.055,15.058,18.06,15.553,19.384,13.049,15.052,17.052,20.055,13.8,15.8,17.803,20.803,14.721,16.721,18.723,21.726,15.386,17.389,19.389,22.392,12.636,17.216
15-Jan-11,13.052,15.803,13.466,14.803,15.964,14.055,15.384,12.46,14.463,17.466,13.712,13.052,15.055,18.058,15.551,19.381,13.047,15.049,17.049,20.052,13.797,15.797,17.8,20.8,14.718,16.718,18.721,21.723,15.384,17.386,19.386,22.389,12.633,17.214
16-Jan-11,13.049,15.8,13.463,14.8,15.962,14.052,15.381,12.458,14.46,17.463,13.71,13.049,15.052,18.055,15.548,19.378,13.044,15.047,17.047,20.049,13.795,15.795,17.797,20.797,14.715,16.715,18.718,21.721,15.381,17.384,19.384,22.386,12.63,17.211
17-Jan-11,13.047,15.797,13.46,14.797,15.959,14.049,15.378,12.455,14.458,17.46,13.707,13.047,15.049,18.052,15.545,19.375,13.041,15.044,17.044,20.047,13.792,15.792,17.795,20.795,14.712,16.712,18.715,21.718,15.378,17.381,19.381,22.384,12.627,17.208
18-Jan-11,13.044,15.795,13.458,14.795,15.956,14.047,15.375,12.452,14.455,17.458,13.704,13.044,15.047,18.049,15.542,19.373,13.038,15.041,17.041,20.044,13.789,15.789,17.792,20.792,14.71,16.71,18.712,21.715,15.375,17.378,19.378,22.381,12.625,17.205
19-Jan-11,13.041,15.792,13.455,14.792,15.953,14.044,15.373,12.449,14.452,17.455,13.701,13.041,15.044,18.047,15.54,19.37,13.036,15.038,17.038,20.041,13.786,15.786,17.789,20.789,14.707,16.707,18.71,21.712,15.373,17.375,19.375,22.378,12.622,17.203
20-Jan-11,13.038,15.789,13.452,14.789,15.951,14.041,15.37,12.447,14.449,17.452,13.699,13.038,15.041,18.044,15.537,19.367,13.033,15.036,17.036,20.038,13.784,15.784,17.786,20.786,14.704,16.704,18.707,21.71,15.37,17.373,19.373,22.375,12.619,17.2
21-Jan-11,13.036,15.786,13.449,14.786,15.948,14.038,15.367,12.444,14.447,17.449,13.696,13.036,15.038,18.041,15.534,19.364,13.03,15.033,17.033,20.036,13.781,15.781,17.784,20.784,14.701,16.701,18.704,21.707,15.367,17.37,19.37,22.373,12.616,17.197
22-Jan-11,13.033,15.784,13.447,14.784,15.945,14.036,15.364,12.441,14.444,17.447,13.693,13.033,15.036,18.038,15.532,19.362,13.027,15.03,17.03,20.033,13.778,15.778,17.781,20.781,14.699,16.699,18.701,21.704,15.364,17.367,19.367,22.37,12.614,17.195
23-Jan-11,13.03,15.781,13.444,14.781,15.942,14.033,15.362,12.438,14.441,17.444,13.69,13.03,15.033,18.036,15.529,19.359,13.025,15.027,17.027,20.03,13.775,15.775,17.778,20.778,14.696,16.696,18.699,21.701,15.362,17.364,19.364,22.367,12.611,17.192
24-Jan-11,13.027,15.778,13.441,14.778,15.94,14.03,15.359,12.436,14.438,17.441,13.688,13.027,15.03,18.033,15.526,19.356,13.022,15.025,17.025,20.027,13.773,15.773,17.775,20.775,14.693,16.693,18.696,21.699,15.359,17.362,19.362,22.364,12.608,17.189
25-Jan-11,13.025,15.775,13.438,14.775,15.937,14.027,15.356,12.433,14.436,17.438,13.685,13.025,15.027,18.03,15.523,19.353,13.019,15.022,17.022,20.025,13.77,15.77,17.773,20.773,14.69,16.69,18.693,21.696,15.356,17.359,19.359,22.362,12.605,17.186
26-Jan-11,13.022,15.773,13.436,14.773,15.934,14.025,15.353,12.43,14.433,17.436,13.682,13.022,15.025,18.027,15.521,19.351,13.016,15.019,17.019,20.022,13.767,15.767,17.77,20.77,14.688,16.688,18.69,21.693,15.353,17.356,19.356,22.359,12.603,17.184
27-Jan-11,13.019,15.77,13.433,14.77,15.932,14.022,15.351,12.427,14.43,17.433,13.679,13.019,15.022,18.025,15.518,19.348,13.014,15.016,17.016,20.019,13.764,15.764,17.767,20.767,14.685,16.685,18.688,21.69,15.351,17.353,19.353,22.356,12.6,17.181
28-Jan-11,13.016,15.767,13.43,14.767,15.929,14.019,15.348,12.425,14.427,17.43,13.677,13.016,15.019,18.022,15.515,19.345,13.011,15.014,17.014,20.016,13.762,15.762,17.764,20.764,14.682,16.682,18.685,21.688,15.348,17.351,19.351,22.353,12.597,17.178
29-Jan-11,13.014,15.764,13.427,14.764,15.926,14.016,15.345,12.422,14.425,17.427,13.674,13.014,15.016,18.019,15.512,19.342,13.008,15.011,17.011,20.014,13.759,15.759,17.762,20.762,14.679,16.679,18.682,21.685,15.345,17.348,19.348,22.351,12.595,17.175
30-Jan-11,13.011,15.762,13.425,14.762,15.923,14.014,15.342,12.419,14.422,17.425,13.671,13.011,15.014,18.016,15.51,19.34,13.005,15.008,17.008,20.011,13.756,15.756,17.759,20.759,14.677,16.677,18.679,21.682,15.342,17.345,19.345,22.348,12.592,17.173
31-Jan-11,13.008,15.759,13.422,14.759,15.921,14.011,15.34,12.416,14.419,17.422,13.668,13.008,15.011,18.014,15.507,19.337,13.003,15.005,17.005,20.008,13.753,15.753,17.756,20.756,14.674,16.674,18.677,21.679,15.34,17.342,19.342,22.345,12.589,17.17
1-Feb-11,13.005,15.756,13.419,14.756,15.918,14.008,15.337,12.414,14.416,17.419,13.666,13.005,15.008,18.011,15.504,19.334,13,15.003,17.003,20.005,13.751,15.751,17.753,20.753,14.671,16.671,18.674,21.677,15.337,17.34,19.34,22.342,12.586,17.167
2-Feb-11,13.003,15.753,13.416,14.753,15.915,14.005,15.334,12.411,14.414,17.416,13.663,13.003,15.005,18.008,15.501,19.332,12.997,15,17,20.003,13.748,15.748,17.751,20.751,14.668,16.668,18.671,21.674,15.334,17.337,19.337,22.34,12.584,17.164
3-Feb-11,13,15.751,13.414,14.751,15.912,14.003,15.332,12.408,14.411,17.414,13.66,13,15.003,18.005,15.499,19.329,12.995,14.997,16.997,20,13.745,15.745,17.748,20.748,14.666,16.666,18.668,21.671,15.332,17.334,19.334,22.337,12.581,17.162
4-Feb-11,12.997,15.748,13.411,14.748,15.91,14,15.329,12.405,14.408,17.411,13.658,12.997,15,18.003,15.496,19.326,12.992,14.995,16.995,19.997,13.742,15.742,17.745,20.745,14.663,16.663,18.666,21.668,15.329,17.332,19.332,22.334,12.578,17.159
5-Feb-11,12.995,15.745,13.408,14.745,15.907,13.997,15.326,12.403,14.405,17.408,13.655,12.995,14.997,18,15.493,19.323,12.989,14.992,16.992,19.995,13.74,15.74,17.742,20.742,14.66,16.66,18.663,21.666,15.326,17.329,19.329,22.332,12.575,17.156
6-Feb-11,12.992,15.742,13.405,14.742,15.904,13.995,15.323,12.4,14.403,17.405,13.652,12.992,14.995,17.997,15.49,19.321,12.986,14.989,16.989,19.992,13.737,15.737,17.74,20.74,14.658,16.658,18.66,21.663,15.323,17.326,19.326,22.329,12.573,17.153
7-Feb-11,12.989,15.74,13.403,14.74,15.901,13.992,15.321,12.397,14.4,17.403,13.649,12.989,14.992,17.995,15.488,19.318,12.984,14.986,16.986,19.989,13.734,15.734,17.737,20.737,14.655,16.655,18.658,21.66,15.321,17.323,19.323,22.326,12.57,17.151
8-Feb-11,12.986,15.737,13.4,14.737,15.899,13.989,15.318,12.395,14.397,17.4,13.647,12.986,14.989,17.992,15.485,19.315,12.981,14.984,16.984,19.986,13.732,15.732,17.734,20.734,14.652,16.652,18.655,21.658,15.318,17.321,19.321,22.323,12.567,17.148
9-Feb-11,12.984,15.734,13.397,14.734,15.896,13.986,15.315,12.392,14.395,17.397,13.644,12.984,14.986,17.989,15.482,19.312,12.978,14.981,16.981,19.984,13.729,15.729,17.732,20.732,14.649,16.649,18.652,21.655,15.315,17.318,19.318,22.321,12.564,17.145
10-Feb-11,12.981,15.732,13.395,14.732,15.893,13.984,15.312,12.389,14.392,17.395,13.641,12.981,14.984,17.986,15.479,19.31,12.975,14.978,16.978,19.981,13.726,15.726,17.729,20.729,14.647,16.647,18.649,21.652,15.312,17.315,19.315,22.318,12.562,17.142
11-Feb-11,12.978,15.729,13.392,14.729,15.89,13.981,15.31,12.386,14.389,17.392,13.638,12.978,14.981,17.984,15.477,19.307,12.973,14.975,16.975,19.978,13.723,15.723,17.726,20.726,14.644,16.644,18.647,21.649,15.31,17.312,19.312,22.315,12.559,17.14
12-Feb-11,12.975,15.726,13.389,14.726,15.888,13.978,15.307,12.384,14.386,17.389,13.636,12.975,14.978,17.981,15.474,19.304,12.97,14.973,16.973,19.975,13.721,15.721,17.723,20.723,14.641,16.641,18.644,21.647,15.307,17.31,19.31,22.312,12.556,17.137
13-Feb-11,12.973,15.723,13.386,14.723,15.885,13.975,15.304,12.381,14.384,17.386,13.633,12.973,14.975,17.978,15.471,19.301,12.967,14.97,16.97,19.973,13.718,15.718,17.721,20.721,14.638,16.638,18.641,21.644,15.304,17.307,19.307,22.31,12.553,17.134
14-Feb-11,12.97,15.721,13.384,14.721,15.882,13.973,15.301,12.378,14.381,17.384,13.63,12.97,14.973,17.975,15.468,19.299,12.964,14.967,16.967,19.97,13.715,15.715,17.718,20.718,14.636,16.636,18.638,21.641,15.301,17.304,19.304,22.307,12.551,17.132
15-Feb-11,12.967,15.718,13.381,14.718,15.879,13.97,15.299,12.375,14.378,17.381,13.627,12.967,14.97,17.973,15.466,19.296,12.962,14.964,16.964,19.967,13.712,15.712,17.715,20.715,14.633,16.633,18.636,21.638,15.299,17.301,19.301,22.304,12.548,17.129
16-Feb-11,12.964,15.715,13.378,14.715,15.877,13.967,15.296,12.373,14.375,17.378,13.625,12.964,14.967,17.97,15.463,19.293,12.959,14.962,16.962,19.964,13.71,15.71,17.712,20.712,14.63,16.63,18.633,21.636,15.296,17.299,19.299,22.301,12.545,17.126
17-Feb-11,12.962,15.712,13.375,14.712,15.874,13.964,15.293,12.37,14.373,17.375,13.622,12.962,14.964,17.967,15.46,19.29,12.956,14.959,16.959,19.962,13.707,15.707,17.71,20.71,14.627,16.627,18.63,21.633,15.293,17.296,19.296,22.299,12.542,17.123
18-Feb-11,12.959,15.71,13.373,14.71,15.871,13.962,15.29,12.367,14.37,17.373,13.619,12.959,14.962,17.964,15.458,19.288,12.953,14.956,16.956,19.959,13.704,15.704,17.707,20.707,14.625,16.625,18.627,21.63,15.29,17.293,19.293,22.296,12.54,17.121
19-Feb-11,12.956,15.707,13.37,14.707,15.868,13.959,15.288,12.364,14.367,17.37,13.616,12.956,14.959,17.962,15.455,19.285,12.951,14.953,16.953,19.956,13.701,15.701,17.704,20.704,14.622,16.622,18.625,21.627,15.288,17.29,19.29,22.293,12.537,17.118
20-Feb-11,12.953,15.704,13.367,14.704,15.866,13.956,15.285,12.362,14.364,17.367,13.614,12.953,14.956,17.959,15.452,19.282,12.948,14.951,16.951,19.953,13.699,15.699,17.701,20.701,14.619,16.619,18.622,21.625,15.285,17.288,19.288,22.29,12.534,17.115
21-Feb-11,12.951,15.701,13.364,14.701,15.863,13.953,15.282,12.359,14.362,17.364,13.611,12.951,14.953,17.956,15.449,19.279,12.945,14.948,16.948,19.951,13.696,15.696,17.699,20.699,14.616,16.616,18.619,21.622,15.282,17.285,19.285,22.288,12.532,17.112
22-Feb-11,12.948,15.699,13.362,14.699,15.86,13.951,15.279,12.356,14.359,17.362,13.608,12.948,14.951,17.953,15.447,19.277,12.942,14.945,16.945,19.948,13.693,15.693,17.696,20.696,14.614,16.614,18.616,21.619,15.279,17.282,19.282,22.285,12.529,17.11
23-Feb-11,12.945,15.696,13.359,14.696,15.858,13.948,15.277,12.353,14.356,17.359,13.605,12.945,14.948,17.951,15.444,19.274,12.94,14.942,16.942,19.945,13.69,15.69,17.693,20.693,14.611,16.611,18.614,21.616,15.277,17.279,19.279,22.282,12.526,17.107
24-Feb-11,12.942,15.693,13.356,14.693,15.855,13.945,15.274,12.351,14.353,17.356,13.603,12.942,14.945,17.948,15.441,19.271,12.937,14.94,16.94,19.942,13.688,15.688,17.69,20.69,14.608,16.608,18.611,21.614,15.274,17.277,19.277,22.279,12.523,17.104
25-Feb-11,12.94,15.69,13.353,14.69,15.852,13.942,15.271,12.348,14.351,17.353,13.6,12.94,14.942,17.945,15.438,19.268,12.934,14.937,16.937,19.94,13.685,15.685,17.688,20.688,14.605,16.605,18.608,21.611,15.271,17.274,19.274,22.277,12.521,17.101
26-Feb-11,12.937,15.688,13.351,14.688,15.849,13.94,15.268,12.345,14.348,17.351,13.597,12.937,14.94,17.942,15.436,19.266,12.932,14.934,16.934,19.937,13.682,15.682,17.685,20.685,14.603,16.603,18.605,21.608,15.268,17.271,19.271,22.274,12.518,17.099
27-Feb-11,12.934,15.685,13.348,14.685,15.847,13.937,15.266,12.342,14.345,17.348,13.595,12.934,14.937,17.94,15.433,19.263,12.929,14.932,16.932,19.934,13.679,15.679,17.682,20.682,14.6,16.6,18.603,21.605,15.266,17.268,19.268,22.271,12.515,17.096
28-Feb-11,12.932,15.682,13.345,14.682,15.844,13.934,15.263,12.34,14.342,17.345,13.592,12.932,14.934,17.937,15.43,19.26,12.926,14.929,16.929,19.932,13.677,15.677,17.679,20.679,14.597,16.597,18.6,21.603,15.263,17.266,19.266,22.268,12.512,17.093
1-Mar-11,12.929,15.679,13.342,14.679,15.841,13.932,15.26,12.337,14.34,17.342,13.589,12.929,14.932,17.934,15.427,19.258,12.923,14.926,16.926,19.929,13.674,15.674,17.677,20.677,14.595,16.595,18.597,21.6,15.26,17.263,19.263,22.266,12.51,17.09
2-Mar-11,12.926,15.677,13.34,14.677,15.838,13.929,15.258,12.334,14.337,17.34,13.586,12.926,14.929,17.932,15.425,19.255,12.921,14.923,16.923,19.926,13.671,15.671,17.674,20.674,14.592,16.592,18.595,21.597,15.258,17.26,19.26,22.263,12.507,17.088
3-Mar-11,12.923,15.674,13.337,14.674,15.836,13.926,15.255,12.332,14.334,17.337,13.584,12.923,14.926,17.929,15.422,19.252,12.918,14.921,16.921,19.923,13.668,15.668,17.671,20.671,14.589,16.589,18.592,21.595,15.255,17.258,19.258,22.26,12.504,17.085
4-Mar-11,12.921,15.671,13.334,14.671,15.833,13.923,15.252,12.329,14.332,17.334,13.581,12.921,14.923,17.926,15.419,19.249,12.915,14.918,16.918,19.921,13.666,15.666,17.668,20.668,14.586,16.586,18.589,21.592,15.252,17.255,19.255,22.258,12.501,17.082
5-Mar-11,12.918,15.668,13.332,14.668,15.83,13.921,15.249,12.326,14.329,17.332,13.578,12.918,14.921,17.923,15.416,19.247,12.912,14.915,16.915,19.918,13.663,15.663,17.666,20.666,14.584,16.584,18.586,21.589,15.249,17.252,19.252,22.255,12.499,17.079
6-Mar-11,12.915,15.666,13.329,14.666,15.827,13.918,15.247,12.323,14.326,17.329,13.575,12.915,14.918,17.921,15.414,19.244,12.91,14.912,16.912,19.915,13.66,15.66,17.663,20.663,14.581,16.581,18.584,21.586,15.247,17.249,19.249,22.252,12.496,17.077
7-Mar-11,12.912,15.663,13.326,14.663,15.825,13.915,15.244,12.321,14.323,17.326,13.573,12.912,14.915,17.918,15.411,19.241,12.907,14.91,16.91,19.912,13.658,15.658,17.66,20.66,14.578,16.578,18.581,21.584,15.244,17.247,19.247,22.249,12.493,17.074
8-Mar-11,12.91,15.66,13.323,14.66,15.822,13.912,15.241,12.318,14.321,17.323,13.57,12.91,14.912,17.915,15.408,19.238,12.904,14.907,16.907,19.91,13.655,15.655,17.658,20.658,14.575,16.575,18.578,21.581,15.241,17.244,19.244,22.247,12.49,17.071
9-Mar-11,12.907,15.658,13.321,14.658,15.819,13.91,15.238,12.315,14.318,17.321,13.567,12.907,14.91,17.912,15.405,19.236,12.901,14.904,16.904,19.907,13.652,15.652,17.655,20.655,14.573,16.573,18.575,21.578,15.238,17.241,19.241,22.244,12.488,17.068
10-Mar-11,12.904,15.655,13.318,14.655,15.816,13.907,15.236,12.312,14.315,17.318,13.564,12.904,14.907,17.91,15.403,19.233,12.899,14.901,16.901,19.904,13.649,15.649,17.652,20.652,14.57,16.57,18.573,21.575,15.236,17.238,19.238,22.241,12.485,17.066
11-Mar-11,12.901,15.652,13.315,14.652,15.814,13.904,15.233,12.31,14.312,17.315,13.562,12.901,14.904,17.907,15.4,19.23,12.896,14.899,16.899,19.901,13.647,15.647,17.649,20.649,14.567,16.567,18.57,21.573,15.233,17.236,19.236,22.238,12.482,17.063
12-Mar-11,12.899,15.649,13.312,14.649,15.811,13.901,15.23,12.307,14.31,17.312,13.559,12.899,14.901,17.904,15.397,19.227,12.893,14.896,16.896,19.899,13.644,15.644,17.647,20.647,14.564,16.564,18.567,21.57,15.23,17.233,19.233,22.236,12.479,17.06
13-Mar-11,12.896,15.647,13.31,14.647,15.808,13.899,15.227,12.304,14.307,17.31,13.556,12.896,14.899,17.901,15.395,19.225,12.89,14.893,16.893,19.896,13.641,15.641,17.644,20.644,14.562,16.562,18.564,21.567,15.227,17.23,19.23,22.233,12.477,17.058
14-Mar-11,12.893,15.644,13.307,14.644,15.805,13.896,15.225,12.301,14.304,17.307,13.553,12.893,14.896,17.899,15.392,19.222,12.888,14.89,16.89,19.893,13.638,15.638,17.641,20.641,14.559,16.559,18.562,21.564,15.225,17.227,19.227,22.23,12.474,17.055
15-Mar-11,12.89,15.641,13.304,14.641,15.803,13.893,15.222,12.299,14.301,17.304,13.551,12.89,14.893,17.896,15.389,19.219,12.885,14.888,16.888,19.89,13.636,15.636,17.638,20.638,14.556,16.556,18.559,21.562,15.222,17.225,19.225,22.227,12.471,17.052
16-Mar-11,12.888,15.638,13.301,14.638,15.8,13.89,15.219,12.296,14.299,17.301,13.548,12.888,14.89,17.893,15.386,19.216,12.882,14.885,16.885,19.888,13.633,15.633,17.636,20.636,14.553,16.553,18.556,21.559,15.219,17.222,19.222,22.225,12.468,17.049
17-Mar-11,12.885,15.636,13.299,14.636,15.797,13.888,15.216,12.293,14.296,17.299,13.545,12.885,14.888,17.89,15.384,19.214,12.879,14.882,16.882,19.885,13.63,15.63,17.633,20.633,14.551,16.551,18.553,21.556,15.216,17.219,19.219,22.222,12.466,17.047
18-Mar-11,12.882,15.633,13.296,14.633,15.795,13.885,15.214,12.29,14.293,17.296,13.542,12.882,14.885,17.888,15.381,19.211,12.877,14.879,16.879,19.882,13.627,15.627,17.63,20.63,14.548,16.548,18.551,21.553,15.214,17.216,19.216,22.219,12.463,17.044
19-Mar-11,12.879,15.63,13.293,14.63,15.792,13.882,15.211,12.288,14.29,17.293,13.54,12.879,14.882,17.885,15.378,19.208,12.874,14.877,16.877,19.879,13.625,15.625,17.627,20.627,14.545,16.545,18.548,21.551,15.211,17.214,19.214,22.216,12.46,17.041
20-Mar-11,12.877,15.627,13.29,14.627,15.789,13.879,15.208,12.285,14.288,17.29,13.537,12.877,14.879,17.882,15.375,19.205,12.871,14.874,16.874,19.877,13.622,15.622,17.625,20.625,14.542,16.542,18.545,21.548,15.208,17.211,19.211,22.214,12.458,17.038
21-Mar-11,12.874,15.625,13.288,14.625,15.786,13.877,15.205,12.282,14.285,17.288,13.534,12.874,14.877,17.879,15.373,19.203,12.868,14.871,16.871,19.874,13.619,15.619,17.622,20.622,14.54,16.54,18.542,21.545,15.205,17.208,19.208,22.211,12.455,17.036
22-Mar-11,12.871,15.622,13.285,14.622,15.784,13.874,15.203,12.279,14.282,17.285,13.532,12.871,14.874,17.877,15.37,19.2,12.866,14.868,16.868,19.871,13.616,15.616,17.619,20.619,14.537,16.537,18.54,21.542,15.203,17.205,19.205,22.208,12.452,17.033
23-Mar-11,12.868,15.619,13.282,14.619,15.781,13.871,15.2,12.277,14.279,17.282,13.529,12.868,14.871,17.874,15.367,19.197,12.863,14.866,16.866,19.868,13.614,15.614,17.616,20.616,14.534,16.534,18.537,21.54,15.2,17.203,19.203,22.205,12.449,17.03
24-Mar-11,12.866,15.616,13.279,14.616,15.778,13.868,15.197,12.274,14.277,17.279,13.526,12.866,14.868,17.871,15.364,19.195,12.86,14.863,16.863,19.866,13.611,15.611,17.614,20.614,14.532,16.532,18.534,21.537,15.197,17.2,19.2,22.203,12.447,17.027
25-Mar-11,12.863,15.614,13.277,14.614,15.775,13.866,15.195,12.271,14.274,17.277,13.523,12.863,14.866,17.868,15.362,19.192,12.858,14.86,16.86,19.863,13.608,15.608,17.611,20.611,14.529,16.529,18.532,21.534,15.195,17.197,19.197,22.2,12.444,17.025
26-Mar-11,12.86,15.611,13.274,14.611,15.773,13.863,15.192,12.268,14.271,17.274,13.521,12.86,14.863,17.866,15.359,19.189,12.855,14.858,16.858,19.86,13.605,15.605,17.608,20.608,14.526,16.526,18.529,21.532,15.192,17.195,19.195,22.197,12.441,17.022
27-Mar-11,12.858,15.608,13.271,14.608,15.77,13.86,15.189,12.266,14.268,17.271,13.518,12.858,14.86,17.863,15.356,19.186,12.852,14.855,16.855,19.858,13.603,15.603,17.605,20.605,14.523,16.523,18.526,21.529,15.189,17.192,19.192,22.195,12.438,17.019
28-Mar-11,12.855,15.605,13.268,14.605,15.767,13.858,15.186,12.263,14.266,17.268,13.515,12.855,14.858,17.86,15.353,19.184,12.849,14.852,16.852,19.855,13.6,15.6,17.603,20.603,14.521,16.521,18.523,21.526,15.186,17.189,19.189,22.192,12.436,17.016
29-Mar-11,12.852,15.603,13.266,14.603,15.764,13.855,15.184,12.26,14.263,17.266,13.512,12.852,14.855,17.858,15.351,19.181,12.847,14.849,16.849,19.852,13.597,15.597,17.6,20.6,14.518,16.518,18.521,21.523,15.184,17.186,19.186,22.189,12.433,17.014
30-Mar-11,12.849,15.6,13.263,14.6,15.762,13.852,15.181,12.258,14.26,17.263,13.51,12.849,14.852,17.855,15.348,19.178,12.844,14.847,16.847,19.849,13.595,15.595,17.597,20.597,14.515,16.515,18.518,21.521,15.181,17.184,19.184,22.186,12.43,17.011
31-Mar-11,12.847,15.597,13.26,14.597,15.759,13.849,15.178,12.255,14.258,17.26,13.507,12.847,14.849,17.852,15.345,19.175,12.841,14.844,16.844,19.847,13.592,15.592,17.595,20.595,14.512,16.512,18.515,21.518,15.178,17.181,19.181,22.184,12.427,17.008
1-Apr-11,12.844,15.595,13.258,14.595,15.756,13.847,15.175,12.252,14.255,17.258,13.504,12.844,14.847,17.849,15.342,19.173,12.838,14.841,16.841,19.844,13.589,15.589,17.592,20.592,14.51,16.51,18.512,21.515,15.175,17.178,19.178,22.181,12.425,17.005
2-Apr-11,12.841,15.592,13.255,14.592,15.753,13.844,15.173,12.249,14.252,17.255,13.501,12.841,14.844,17.847,15.34,19.17,12.836,14.838,16.838,19.841,13.586,15.586,17.589,20.589,14.507,16.507,18.51,21.512,15.173,17.175,19.175,22.178,12.422,17.003
3-Apr-11,12.838,15.589,13.252,14.589,15.751,13.841,15.17,12.247,14.249,17.252,13.499,12.838,14.841,17.844,15.337,19.167,12.833,14.836,16.836,19.838,13.584,15.584,17.586,20.586,14.504,16.504,18.507,21.51,15.17,17.173,19.173,22.175,12.419,17
4-Apr-11,12.836,15.586,13.249,14.586,15.748,13.838,15.167,12.244,14.247,17.249,13.496,12.836,14.838,17.841,15.334,19.164,12.83,14.833,16.833,19.836,13.581,15.581,17.584,20.584,14.501,16.501,18.504,21.507,15.167,17.17,19.17,22.173,12.416,16.997
5-Apr-11,12.833,15.584,13.247,14.584,15.745,13.836,15.164,12.241,14.244,17.247,13.493,12.833,14.836,17.838,15.332,19.162,12.827,14.83,16.83,19.833,13.578,15.578,17.581,20.581,14.499,16.499,18.501,21.504,15.164,17.167,19.167,22.17,12.414,16.995
6-Apr-11,12.83,15.581,13.244,14.581,15.742,13.833,15.162,12.238,14.241,17.244,13.49,12.83,14.833,17.836,15.329,19.159,12.825,14.827,16.827,19.83,13.575,15.575,17.578,20.578,14.496,16.496,18.499,21.501,15.162,17.164,19.164,22.167,12.411,16.992
7-Apr-11,12.827,15.578,13.241,14.578,15.74,13.83,15.159,12.236,14.238,17.241,13.488,12.827,14.83,17.833,15.326,19.156,12.822,14.825,16.825,19.827,13.573,15.573,17.575,20.575,14.493,16.493,18.496,21.499,15.159,17.162,19.162,22.164,12.408,16.989
8-Apr-11,12.825,15.575,13.238,14.575,15.737,13.827,15.156,12.233,14.236,17.238,13.485,12.825,14.827,17.83,15.323,19.153,12.819,14.822,16.822,19.825,13.57,15.57,17.573,20.573,14.49,16.49,18.493,21.496,15.156,17.159,19.159,22.162,12.405,16.986
9-Apr-11,12.822,15.573,13.236,14.573,15.734,13.825,15.153,12.23,14.233,17.236,13.482,12.822,14.825,17.827,15.321,19.151,12.816,14.819,16.819,19.822,13.567,15.567,17.57,20.57,14.488,16.488,18.49,21.493,15.153,17.156,19.156,22.159,12.403,16.984
10-Apr-11,12.819,15.57,13.233,14.57,15.732,13.822,15.151,12.227,14.23,17.233,13.479,12.819,14.822,17.825,15.318,19.148,12.814,14.816,16.816,19.819,13.564,15.564,17.567,20.567,14.485,16.485,18.488,21.49,15.151,17.153,19.153,22.156,12.4,16.981
11-Apr-11,12.816,15.567,13.23,14.567,15.729,13.819,15.148,12.225,14.227,17.23,13.477,12.816,14.819,17.822,15.315,19.145,12.811,14.814,16.814,19.816,13.562,15.562,17.564,20.564,14.482,16.482,18.485,21.488,15.148,17.151,19.151,22.153,12.397,16.978
12-Apr-11,12.814,15.564,13.227,14.564,15.726,13.816,15.145,12.222,14.225,17.227,13.474,12.814,14.816,17.819,15.312,19.142,12.808,14.811,16.811,19.814,13.559,15.559,17.562,20.562,14.479,16.479,18.482,21.485,15.145,17.148,19.148,22.151,12.395,16.975
13-Apr-11,12.811,15.562,13.225,14.562,15.723,13.814,15.142,12.219,14.222,17.225,13.471,12.811,14.814,17.816,15.31,19.14,12.805,14.808,16.808,19.811,13.556,15.556,17.559,20.559,14.477,16.477,18.479,21.482,15.142,17.145,19.145,22.148,12.392,16.973
14-Apr-11,12.808,15.559,13.222,14.559,15.721,13.811,15.14,12.216,14.219,17.222,13.468,12.808,14.811,17.814,15.307,19.137,12.803,14.805,16.805,19.808,13.553,15.553,17.556,20.556,14.474,16.474,18.477,21.479,15.14,17.142,19.142,22.145,12.389,16.97
15-Apr-11,12.805,15.556,13.219,14.556,15.718,13.808,15.137,12.214,14.216,17.219,13.466,12.805,14.808,17.811,15.304,19.134,12.8,14.803,16.803,19.805,13.551,15.551,17.553,20.553,14.471,16.471,18.474,21.477,15.137,17.14,19.14,22.142,12.386,16.967
16-Apr-11,12.803,15.553,13.216,14.553,15.715,13.805,15.134,12.211,14.214,17.216,13.463,12.803,14.805,17.808,15.301,19.132,12.797,14.8,16.8,19.803,13.548,15.548,17.551,20.551,14.468,16.468,18.471,21.474,15.134,17.137,19.137,22.14,12.384,16.964
17-Apr-11,12.8,15.551,13.214,14.551,15.712,13.803,15.132,12.208,14.211,17.214,13.46,12.8,14.803,17.805,15.299,19.129,12.795,14.797,16.797,19.8,13.545,15.545,17.548,20.548,14.466,16.466,18.468,21.471,15.132,17.134,19.134,22.137,12.381,16.962
18-Apr-11,12.797,15.548,13.211,14.548,15.71,13.8,15.129,12.205,14.208,17.211,13.458,12.797,14.8,17.803,15.296,19.126,12.792,14.795,16.795,19.797,13.542,15.542,17.545,20.545,14.463,16.463,18.466,21.468,15.129,17.132,19.132,22.134,12.378,16.959
19-Apr-11,12.795,15.545,13.208,14.545,15.707,13.797,15.126,12.203,14.205,17.208,13.455,12.795,14.797,17.8,15.293,19.123,12.789,14.792,16.792,19.795,13.54,15.54,17.542,20.542,14.46,16.46,18.463,21.466,15.126,17.129,19.129,22.132,12.375,16.956
20-Apr-11,12.792,15.542,13.205,14.542,15.704,13.795,15.123,12.2,14.203,17.205,13.452,12.792,14.795,17.797,15.29,19.121,12.786,14.789,16.789,19.792,13.537,15.537,17.54,20.54,14.458,16.458,18.46,21.463,15.123,17.126,19.126,22.129,12.373,16.953
21-Apr-11,12.789,15.54,13.203,14.54,15.701,13.792,15.121,12.197,14.2,17.203,13.449,12.789,14.792,17.795,15.288,19.118,12.784,14.786,16.786,19.789,13.534,15.534,17.537,20.537,14.455,16.455,18.458,21.46,15.121,17.123,19.123,22.126,12.37,16.951
22-Apr-11,12.786,15.537,13.2,14.537,15.699,13.789,15.118,12.195,14.197,17.2,13.447,12.786,14.789,17.792,15.285,19.115,12.781,14.784,16.784,19.786,13.532,15.532,17.534,20.534,14.452,16.452,18.455,21.458,15.118,17.121,19.121,22.123,12.367,16.948
23-Apr-11,12.784,15.534,13.197,14.534,15.696,13.786,15.115,12.192,14.195,17.197,13.444,12.784,14.786,17.789,15.282,19.112,12.778,14.781,16.781,19.784,13.529,15.529,17.532,20.532,14.449,16.449,18.452,21.455,15.115,17.118,19.118,22.121,12.364,16.945
24-Apr-11,12.781,15.532,13.195,14.532,15.693,13.784,15.112,12.189,14.192,17.195,13.441,12.781,14.784,17.786,15.279,19.11,12.775,14.778,16.778,19.781,13.526,15.526,17.529,20.529,14.447,16.447,18.449,21.452,15.112,17.115,19.115,22.118,12.362,16.942
25-Apr-11,12.778,15.529,13.192,14.529,15.69,13.781,15.11,12.186,14.189,17.192,13.438,12.778,14.781,17.784,15.277,19.107,12.773,14.775,16.775,19.778,13.523,15.523,17.526,20.526,14.444,16.444,18.447,21.449,15.11,17.112,19.112,22.115,12.359,16.94
26-Apr-11,12.775,15.526,13.189,14.526,15.688,13.778,15.107,12.184,14.186,17.189,13.436,12.775,14.778,17.781,15.274,19.104,12.77,14.773,16.773,19.775,13.521,15.521,17.523,20.523,14.441,16.441,18.444,21.447,15.107,17.11,19.11,22.112,12.356,16.937
27-Apr-11,12.773,15.523,13.186,14.523,15.685,13.775,15.104,12.181,14.184,17.186,13.433,12.773,14.775,17.778,15.271,19.101,12.767,14.77,16.77,19.773,13.518,15.518,17.521,20.521,14.438,16.438,18.441,21.444,15.104,17.107,19.107,22.11,12.353,16.934
28-Apr-11,12.77,15.521,13.184,14.521,15.682,13.773,15.101,12.178,14.181,17.184,13.43,12.77,14.773,17.775,15.268,19.099,12.764,14.767,16.767,19.77,13.515,15.515,17.518,20.518,14.436,16.436,18.438,21.441,15.101,17.104,19.104,22.107,12.351,16.932
29-Apr-11,12.767,15.518,13.181,14.518,15.679,13.77,15.099,12.175,14.178,17.181,13.427,12.767,14.77,17.773,15.266,19.096,12.762,14.764,16.764,19.767,13.512,15.512,17.515,20.515,14.433,16.433,18.436,21.438,15.099,17.101,19.101,22.104,12.348,16.929
30-Apr-11,12.764,15.515,13.178,14.515,15.677,13.767,15.096,12.173,14.175,17.178,13.425,12.764,14.767,17.77,15.263,19.093,12.759,14.762,16.762,19.764,13.51,15.51,17.512,20.512,14.43,16.43,18.433,21.436,15.096,17.099,19.099,22.101,12.345,16.926
1-May-11,12.762,15.512,13.175,14.512,15.674,13.764,15.093,12.17,14.173,17.175,13.422,12.762,14.764,17.767,15.26,19.09,12.756,14.759,16.759,19.762,13.507,15.507,17.51,20.51,14.427,16.427,18.43,21.433,15.093,17.096,19.096,22.099,12.342,16.923
2-May-11,12.759,15.51,13.173,14.51,15.671,13.762,15.09,12.167,14.17,17.173,13.419,12.759,14.762,17.764,15.258,19.088,12.753,14.756,16.756,19.759,13.504,15.504,17.507,20.507,14.425,16.425,18.427,21.43,15.09,17.093,19.093,22.096,12.34,16.921
3-May-11,12.756,15.507,13.17,14.507,15.668,13.759,15.088,12.164,14.167,17.17,13.416,12.756,14.759,17.762,15.255,19.085,12.751,14.753,16.753,19.756,13.501,15.501,17.504,20.504,14.422,16.422,18.425,21.427,15.088,17.09,19.09,22.093,12.337,16.918
4-May-11,12.753,15.504,13.167,14.504,15.666,13.756,15.085,12.162,14.164,17.167,13.414,12.753,14.756,17.759,15.252,19.082,12.748,14.751,16.751,19.753,13.499,15.499,17.501,20.501,14.419,16.419,18.422,21.425,15.085,17.088,19.088,22.09,12.334,16.915
5-May-11,12.751,15.501,13.164,14.501,15.663,13.753,15.082,12.159,14.162,17.164,13.411,12.751,14.753,17.756,15.249,19.079,12.745,14.748,16.748,19.751,13.496,15.496,17.499,20.499,14.416,16.416,18.419,21.422,15.082,17.085,19.085,22.088,12.332,16.912
6-May-11,12.748,15.499,13.162,14.499,15.66,13.751,15.079,12.156,14.159,17.162,13.408,12.748,14.751,17.753,15.247,19.077,12.742,14.745,16.745,19.748,13.493,15.493,17.496,20.496,14.414,16.414,18.416,21.419,15.079,17.082,19.082,22.085,12.329,16.91
7-May-11,12.745,15.496,13.159,14.496,15.658,13.748,15.077,12.153,14.156,17.159,13.405,12.745,14.748,17.751,15.244,19.074,12.74,14.742,16.742,19.745,13.49,15.49,17.493,20.493,14.411,16.411,18.414,21.416,15.077,17.079,19.079,22.082,12.326,16.907
8-May-11,12.742,15.493,13.156,14.493,15.655,13.745,15.074,12.151,14.153,17.156,13.403,12.742,14.745,17.748,15.241,19.071,12.737,14.74,16.74,19.742,13.488,15.488,17.49,20.49,14.408,16.408,18.411,21.414,15.074,17.077,19.077,22.079,12.323,16.904
9-May-11,12.74,15.49,13.153,14.49,15.652,13.742,15.071,12.148,14.151,17.153,13.4,12.74,14.742,17.745,15.238,19.068,12.734,14.737,16.737,19.74,13.485,15.485,17.488,20.488,14.405,16.405,18.408,21.411,15.071,17.074,19.074,22.077,12.321,16.901
10-May-11,12.737,15.488,13.151,14.488,15.649,13.74,15.068,12.145,14.148,17.151,13.397,12.737,14.74,17.742,15.236,19.066,12.732,14.734,16.734,19.737,13.482,15.482,17.485,20.485,14.403,16.403,18.405,21.408,15.068,17.071,19.071,22.074,12.318,16.899
11-May-11,12.734,15.485,13.148,14.485,15.647,13.737,15.066,12.142,14.145,17.148,13.395,12.734,14.737,17.74,15.233,19.063,12.729,14.732,16.732,19.734,13.479,15.479,17.482,20.482,14.4,16.4,18.403,21.405,15.066,17.068,19.068,22.071,12.315,16.896
12-May-11,12.732,15.482,13.145,14.482,15.644,13.734,15.063,12.14,14.142,17.145,13.392,12.732,14.734,17.737,15.23,19.06,12.726,14.729,16.729,19.732,13.477,15.477,17.479,20.479,14.397,16.397,18.4,21.403,15.063,17.066,19.066,22.068,12.312,16.893
13-May-11,12.729,15.479,13.142,14.479,15.641,13.732,15.06,12.137,14.14,17.142,13.389,12.729,14.732,17.734,15.227,19.058,12.723,14.726,16.726,19.729,13.474,15.474,17.477,20.477,14.395,16.395,18.397,21.4,15.06,17.063,19.063,22.066,12.31,16.89
14-May-11,12.726,15.477,13.14,14.477,15.638,13.729,15.058,12.134,14.137,17.14,13.386,12.726,14.729,17.732,15.225,19.055,12.721,14.723,16.723,19.726,13.471,15.471,17.474,20.474,14.392,16.392,18.395,21.397,15.058,17.06,19.06,22.063,12.307,16.888
15-May-11,12.723,15.474,13.137,14.474,15.636,13.726,15.055,12.132,14.134,17.137,13.384,12.723,14.726,17.729,15.222,19.052,12.718,14.721,16.721,19.723,13.468,15.468,17.471,20.471,14.389,16.389,18.392,21.395,15.055,17.058,19.058,22.06,12.304,16.885
16-May-11,12.721,15.471,13.134,14.471,15.633,13.723,15.052,12.129,14.132,17.134,13.381,12.721,14.723,17.726,15.219,19.049,12.715,14.718,16.718,19.721,13.466,15.466,17.468,20.468,14.386,16.386,18.389,21.392,15.052,17.055,19.055,22.058,12.301,16.882
17-May-11,12.718,15.468,13.132,14.468,15.63,13.721,15.049,12.126,14.129,17.132,13.378,12.718,14.721,17.723,15.216,19.047,12.712,14.715,16.715,19.718,13.463,15.463,17.466,20.466,14.384,16.384,18.386,21.389,15.049,17.052,19.052,22.055,12.299,16.879
18-May-11,12.715,15.466,13.129,14.466,15.627,13.718,15.047,12.123,14.126,17.129,13.375,12.715,14.718,17.721,15.214,19.044,12.71,14.712,16.712,19.715,13.46,15.46,17.463,20.463,14.381,16.381,18.384,21.386,15.047,17.049,19.049,22.052,12.296,16.877
19-May-11,12.712,15.463,13.126,14.463,15.625,13.715,15.044,12.121,14.123,17.126,13.373,12.712,14.715,17.718,15.211,19.041,12.707,14.71,16.71,19.712,13.458,15.458,17.46,20.46,14.378,16.378,18.381,21.384,15.044,17.047,19.047,22.049,12.293,16.874
20-May-11,12.71,15.46,13.123,14.46,15.622,13.712,15.041,12.118,14.121,17.123,13.37,12.71,14.712,17.715,15.208,19.038,12.704,14.707,16.707,19.71,13.455,15.455,17.458,20.458,14.375,16.375,18.378,21.381,15.041,17.044,19.044,22.047,12.29,16.871
21-May-11,12.707,15.458,13.121,14.458,15.619,13.71,15.038,12.115,14.118,17.121,13.367,12.707,14.71,17.712,15.205,19.036,12.701,14.704,16.704,19.707,13.452,15.452,17.455,20.455,14.373,16.373,18.375,21.378,15.038,17.041,19.041,22.044,12.288,16.868
22-May-11,12.704,15.455,13.118,14.455,15.616,13.707,15.036,12.112,14.115,17.118,13.364,12.704,14.707,17.71,15.203,19.033,12.699,14.701,16.701,19.704,13.449,15.449,17.452,20.452,14.37,16.37,18.373,21.375,15.036,17.038,19.038,22.041,12.285,16.866
23-May-11,12.701,15.452,13.115,14.452,15.614,13.704,15.033,12.11,14.112,17.115,13.362,12.701,14.704,17.707,15.2,19.03,12.696,14.699,16.699,19.701,13.447,15.447,17.449,20.449,14.367,16.367,18.37,21.373,15.033,17.036,19.036,22.038,12.282,16.863
24-May-11,12.699,15.449,13.112,14.449,15.611,13.701,15.03,12.107,14.11,17.112,13.359,12.699,14.701,17.704,15.197,19.027,12.693,14.696,16.696,19.699,13.444,15.444,17.447,20.447,14.364,16.364,18.367,21.37,15.03,17.033,19.033,22.036,12.279,16.86
25-May-11,12.696,15.447,13.11,14.447,15.608,13.699,15.027,12.104,14.107,17.11,13.356,12.696,14.699,17.701,15.195,19.025,12.69,14.693,16.693,19.696,13.441,15.441,17.444,20.444,14.362,16.362,18.364,21.367,15.027,17.03,19.03,22.033,12.277,16.858
26-May-11,12.693,15.444,13.107,14.444,15.605,13.696,15.025,12.101,14.104,17.107,13.353,12.693,14.696,17.699,15.192,19.022,12.688,14.69,16.69,19.693,13.438,15.438,17.441,20.441,14.359,16.359,18.362,21.364,15.025,17.027,19.027,22.03,12.274,16.855
27-May-11,12.69,15.441,13.104,14.441,15.603,13.693,15.022,12.099,14.101,17.104,13.351,12.69,14.693,17.696,15.189,19.019,12.685,14.688,16.688,19.69,13.436,15.436,17.438,20.438,14.356,16.356,18.359,21.362,15.022,17.025,19.025,22.027,12.271,16.852
28-May-11,12.688,15.438,13.101,14.438,15.6,13.69,15.019,12.096,14.099,17.101,13.348,12.688,14.69,17.693,15.186,19.016,12.682,14.685,16.685,19.688,13.433,15.433,17.436,20.436,14.353,16.353,18.356,21.359,15.019,17.022,19.022,22.025,12.268,16.849
29-May-11,12.685,15.436,13.099,14.436,15.597,13.688,15.016,12.093,14.096,17.099,13.345,12.685,14.688,17.69,15.184,19.014,12.679,14.682,16.682,19.685,13.43,15.43,17.433,20.433,14.351,16.351,18.353,21.356,15.016,17.019,19.019,22.022,12.266,16.847
30-May-11,12.682,15.433,13.096,14.433,15.595,13.685,15.014,12.09,14.093,17.096,13.342,12.682,14.685,17.688,15.181,19.011,12.677,14.679,16.679,19.682,13.427,15.427,17.43,20.43,14.348,16.348,18.351,21.353,15.014,17.016,19.016,22.019,12.263,16.844
31-May-11,12.679,15.43,13.093,14.43,15.592,13.682,15.011,12.088,14.09,17.093,13.34,12.679,14.682,17.685,15.178,19.008,12.674,14.677,16.677,19.679,13.425,15.425,17.427,20.427,14.345,16.345,18.348,21.351,15.011,17.014,19.014,22.016,12.26,16.841
1-Jun-11,12.677,15.427,13.09,14.427,15.589,13.679,15.008,12.085,14.088,17.09,13.337,12.677,14.679,17.682,15.175,19.005,12.671,14.674,16.674,19.677,13.422,15.422,17.425,20.425,14.342,16.342,18.345,21.348,15.008,17.011,19.011,22.014,12.258,16.838
2-Jun-11,12.674,15.425,13.088,14.425,15.586,13.677,15.005,12.082,14.085,17.088,13.334,12.674,14.677,17.679,15.173,19.003,12.668,14.671,16.671,19.674,13.419,15.419,17.422,20.422,14.34,16.34,18.342,21.345,15.005,17.008,19.008,22.011,12.255,16.836
3-Jun-11,12.671,15.422,13.085,14.422,15.584,13.674,15.003,12.079,14.082,17.085,13.332,12.671,14.674,17.677,15.17,19,12.666,14.668,16.668,19.671,13.416,15.416,17.419,20.419,14.337,16.337,18.34,21.342,15.003,17.005,19.005,22.008,12.252,16.833
4-Jun-11,12.668,15.419,13.082,14.419,15.581,13.671,15,12.077,14.079,17.082,13.329,12.668,14.671,17.674,15.167,18.997,12.663,14.666,16.666,19.668,13.414,15.414,17.416,20.416,14.334,16.334,18.337,21.34,15,17.003,19.003,22.005,12.249,16.83
5-Jun-11,12.666,15.416,13.079,14.416,15.578,13.668,14.997,12.074,14.077,17.079,13.326,12.666,14.668,17.671,15.164,18.995,12.66,14.663,16.663,19.666,13.411,15.411,17.414,20.414,14.332,16.332,18.334,21.337,14.997,17,19,22.003,12.247,16.827
6-Jun-11,12.663,15.414,13.077,14.414,15.575,13.666,14.995,12.071,14.074,17.077,13.323,12.663,14.666,17.668,15.162,18.992,12.658,14.66,16.66,19.663,13.408,15.408,17.411,20.411,14.329,16.329,18.332,21.334,14.995,16.997,18.997,22,12.244,16.825
7-Jun-11,12.66,15.411,13.074,14.411,15.573,13.663,14.992,12.068,14.071,17.074,13.321,12.66,14.663,17.666,15.159,18.989,12.655,14.658,16.658,19.66,13.405,15.405,17.408,20.408,14.326,16.326,18.329,21.332,14.992,16.995,18.995,21.997,12.241,16.822
8-Jun-11,12.658,15.408,13.071,14.408,15.57,13.66,14.989,12.066,14.068,17.071,13.318,12.658,14.66,17.663,15.156,18.986,12.652,14.655,16.655,19.658,13.403,15.403,17.405,20.405,14.323,16.323,18.326,21.329,14.989,16.992,18.992,21.995,12.238,16.819
9-Jun-11,12.655,15.405,13.068,14.405,15.567,13.658,14.986,12.063,14.066,17.068,13.315,12.655,14.658,17.66,15.153,18.984,12.649,14.652,16.652,19.655,13.4,15.4,17.403,20.403,14.321,16.321,18.323,21.326,14.986,16.989,18.989,21.992,12.236,16.816
10-Jun-11,12.652,15.403,13.066,14.403,15.564,13.655,14.984,12.06,14.063,17.066,13.312,12.652,14.655,17.658,15.151,18.981,12.647,14.649,16.649,19.652,13.397,15.397,17.4,20.4,14.318,16.318,18.321,21.323,14.984,16.986,18.986,21.989,12.233,16.814
11-Jun-11,12.649,15.4,13.063,14.4,15.562,13.652,14.981,12.058,14.06,17.063,13.31,12.649,14.652,17.655,15.148,18.978,12.644,14.647,16.647,19.649,13.395,15.395,17.397,20.397,14.315,16.315,18.318,21.321,14.981,16.984,18.984,21.986,12.23,16.811
12-Jun-11,12.647,15.397,13.06,14.397,15.559,13.649,14.978,12.055,14.058,17.06,13.307,12.647,14.649,17.652,15.145,18.975,12.641,14.644,16.644,19.647,13.392,15.392,17.395,20.395,14.312,16.312,18.315,21.318,14.978,16.981,18.981,21.984,12.227,16.808
13-Jun-11,12.644,15.395,13.058,14.395,15.556,13.647,14.975,12.052,14.055,17.058,13.304,12.644,14.647,17.649,15.142,18.973,12.638,14.641,16.641,19.644,13.389,15.389,17.392,20.392,14.31,16.31,18.312,21.315,14.975,16.978,18.978,21.981,12.225,16.805
14-Jun-11,12.641,15.392,13.055,14.392,15.553,13.644,14.973,12.049,14.052,17.055,13.301,12.641,14.644,17.647,15.14,18.97,12.636,14.638,16.638,19.641,13.386,15.386,17.389,20.389,14.307,16.307,18.31,21.312,14.973,16.975,18.975,21.978,12.222,16.803
15-Jun-11,12.638,15.389,13.052,14.389,15.551,13.641,14.97,12.047,14.049,17.052,13.299,12.638,14.641,17.644,15.137,18.967,12.633,14.636,16.636,19.638,13.384,15.384,17.386,20.386,14.304,16.304,18.307,21.31,14.97,16.973,18.973,21.975,12.219,16.8
16-Jun-11,12.636,15.386,13.049,14.386,15.548,13.638,14.967,12.044,14.047,17.049,13.296,12.636,14.638,17.641,15.134,18.964,12.63,14.633,16.633,19.636,13.381,15.381,17.384,20.384,14.301,16.301,18.304,21.307,14.967,16.97,18.97,21.973,12.216,16.797
17-Jun-11,12.633,15.384,13.047,14.384,15.545,13.636,14.964,12.041,14.044,17.047,13.293,12.633,14.636,17.638,15.132,18.962,12.627,14.63,16.63,19.633,13.378,15.378,17.381,20.381,14.299,16.299,18.301,21.304,14.964,16.967,18.967,21.97,12.214,16.795
18-Jun-11,12.63,15.381,13.044,14.381,15.542,13.633,14.962,12.038,14.041,17.044,13.29,12.63,14.633,17.636,15.129,18.959,12.625,14.627,16.627,19.63,13.375,15.375,17.378,20.378,14.296,16.296,18.299,21.301,14.962,16.964,18.964,21.967,12.211,16.792
19-Jun-11,12.627,15.378,13.041,14.378,15.54,13.63,14.959,12.036,14.038,17.041,13.288,12.627,14.63,17.633,15.126,18.956,12.622,14.625,16.625,19.627,13.373,15.373,17.375,20.375,14.293,16.293,18.296,21.299,14.959,16.962,18.962,21.964,12.208,16.789
20-Jun-11,12.625,15.375,13.038,14.375,15.537,13.627,14.956,12.033,14.036,17.038,13.285,12.625,14.627,17.63,15.123,18.953,12.619,14.622,16.622,19.625,13.37,15.37,17.373,20.373,14.29,16.29,18.293,21.296,14.956,16.959,18.959,21.962,12.205,16.786
21-Jun-11,12.622,15.373,13.036,14.373,15.534,13.625,14.953,12.03,14.033,17.036,13.282,12.622,14.625,17.627,15.121,18.951,12.616,14.619,16.619,19.622,13.367,15.367,17.37,20.37,14.288,16.288,18.29,21.293,14.953,16.956,18.956,21.959,12.203,16.784
22-Jun-11,12.619,15.37,13.033,14.37,15.532,13.622,14.951,12.027,14.03,17.033,13.279,12.619,14.622,17.625,15.118,18.948,12.614,14.616,16.616,19.619,13.364,15.364,17.367,20.367,14.285,16.285,18.288,21.29,14.951,16.953,18.953,21.956,12.2,16.781
23-Jun-11,12.616,15.367,13.03,14.367,15.529,13.619,14.948,12.025,14.027,17.03,13.277,12.616,14.619,17.622,15.115,18.945,12.611,14.614,16.614,19.616,13.362,15.362,17.364,20.364,14.282,16.282,18.285,21.288,14.948,16.951,18.951,21.953,12.197,16.778
24-Jun-11,12.614,15.364,13.027,14.364,15.526,13.616,14.945,12.022,14.025,17.027,13.274,12.614,14.616,17.619,15.112,18.942,12.608,14.611,16.611,19.614,13.359,15.359,17.362,20.362,14.279,16.279,18.282,21.285,14.945,16.948,18.948,21.951,12.195,16.775
25-Jun-11,12.611,15.362,13.025,14.362,15.523,13.614,14.942,12.019,14.022,17.025,13.271,12.611,14.614,17.616,15.11,18.94,12.605,14.608,16.608,19.611,13.356,15.356,17.359,20.359,14.277,16.277,18.279,21.282,14.942,16.945,18.945,21.948,12.192,16.773
26-Jun-11,12.608,15.359,13.022,14.359,15.521,13.611,14.94,12.016,14.019,17.022,13.268,12.608,14.611,17.614,15.107,18.937,12.603,14.605,16.605,19.608,13.353,15.353,17.356,20.356,14.274,16.274,18.277,21.279,14.94,16.942,18.942,21.945,12.189,16.77
27-Jun-11,12.605,15.356,13.019,14.356,15.518,13.608,14.937,12.014,14.016,17.019,13.266,12.605,14.608,17.611,15.104,18.934,12.6,14.603,16.603,19.605,13.351,15.351,17.353,20.353,14.271,16.271,18.274,21.277,14.937,16.94,18.94,21.942,12.186,16.767
28-Jun-11,12.603,15.353,13.016,14.353,15.515,13.605,14.934,12.011,14.014,17.016,13.263,12.603,14.605,17.608,15.101,18.932,12.597,14.6,16.6,19.603,13.348,15.348,17.351,20.351,14.268,16.268,18.271,21.274,14.934,16.937,18.937,21.94,12.184,16.764
29-Jun-11,12.6,15.351,13.014,14.351,15.512,13.603,14.932,12.008,14.011,17.014,13.26,12.6,14.603,17.605,15.099,18.929,12.595,14.597,16.597,19.6,13.345,15.345,17.348,20.348,14.266,16.266,18.268,21.271,14.932,16.934,18.934,21.937,12.181,16.762
30-Jun-11,12.597,15.348,13.011,14.348,15.51,13.6,14.929,12.005,14.008,17.011,13.258,12.597,14.6,17.603,15.096,18.926,12.592,14.595,16.595,19.597,13.342,15.342,17.345,20.345,14.263,16.263,18.266,21.268,14.929,16.932,18.932,21.934,12.178,16.759
1-Jul-11,12.595,15.345,13.008,14.345,15.507,13.597,14.926,12.003,14.005,17.008,13.255,12.595,14.597,17.6,15.093,18.923,12.589,14.592,16.592,19.595,13.34,15.34,17.342,20.342,14.26,16.26,18.263,21.266,14.926,16.929,18.929,21.932,12.175,16.756
2-Jul-11,12.592,15.342,13.005,14.342,15.504,13.595,14.923,12,14.003,17.005,13.252,12.592,14.595,17.597,15.09,18.921,12.586,14.589,16.589,19.592,13.337,15.337,17.34,20.34,14.258,16.258,18.26,21.263,14.923,16.926,18.926,21.929,12.173,16.753
3-Jul-11,12.589,15.34,13.003,14.34,15.501,13.592,14.921,11.997,14,17.003,13.249,12.589,14.592,17.595,15.088,18.918,12.584,14.586,16.586,19.589,13.334,15.334,17.337,20.337,14.255,16.255,18.258,21.26,14.921,16.923,18.923,21.926,12.17,16.751
4-Jul-11,12.586,15.337,13,14.337,15.499,13.589,14.918,11.995,13.997,17,13.247,12.586,14.589,17.592,15.085,18.915,12.581,14.584,16.584,19.586,13.332,15.332,17.334,20.334,14.252,16.252,18.255,21.258,14.918,16.921,18.921,21.923,12.167,16.748
5-Jul-11,12.584,15.334,12.997,14.334,15.496,13.586,14.915,11.992,13.995,16.997,13.244,12.584,14.586,17.589,15.082,18.912,12.578,14.581,16.581,19.584,13.329,15.329,17.332,20.332,14.249,16.249,18.252,21.255,14.915,16.918,18.918,21.921,12.164,16.745
6-Jul-11,12.581,15.332,12.995,14.332,15.493,13.584,14.912,11.989,13.992,16.995,13.241,12.581,14.584,17.586,15.079,18.91,12.575,14.578,16.578,19.581,13.326,15.326,17.329,20.329,14.247,16.247,18.249,21.252,14.912,16.915,18.915,21.918,12.162,16.742
7-Jul-11,12.578,15.329,12.992,14.329,15.49,13.581,14.91,11.986,13.989,16.992,13.238,12.578,14.581,17.584,15.077,18.907,12.573,14.575,16.575,19.578,13.323,15.323,17.326,20.326,14.244,16.244,18.247,21.249,14.91,16.912,18.912,21.915,12.159,16.74
8-Jul-11,12.575,15.326,12.989,14.326,15.488,13.578,14.907,11.984,13.986,16.989,13.236,12.575,14.578,17.581,15.074,18.904,12.57,14.573,16.573,19.575,13.321,15.321,17.323,20.323,14.241,16.241,18.244,21.247,14.907,16.91,18.91,21.912,12.156,16.737
9-Jul-11,12.573,15.323,12.986,14.323,15.485,13.575,14.904,11.981,13.984,16.986,13.233,12.573,14.575,17.578,15.071,18.901,12.567,14.57,16.57,19.573,13.318,15.318,17.321,20.321,14.238,16.238,18.241,21.244,14.904,16.907,18.907,21.91,12.153,16.734
10-Jul-11,12.57,15.321,12.984,14.321,15.482,13.573,14.901,11.978,13.981,16.984,13.23,12.57,14.573,17.575,15.068,18.899,12.564,14.567,16.567,19.57,13.315,15.315,17.318,20.318,14.236,16.236,18.238,21.241,14.901,16.904,18.904,21.907,12.151,16.732
11-Jul-11,12.567,15.318,12.981,14.318,15.479,13.57,14.899,11.975,13.978,16.981,13.227,12.567,14.57,17.573,15.066,18.896,12.562,14.564,16.564,19.567,13.312,15.312,17.315,20.315,14.233,16.233,18.236,21.238,14.899,16.901,18.901,21.904,12.148,16.729
12-Jul-11,12.564,15.315,12.978,14.315,15.477,13.567,14.896,11.973,13.975,16.978,13.225,12.564,14.567,17.57,15.063,18.893,12.559,14.562,16.562,19.564,13.31,15.31,17.312,20.312,14.23,16.23,18.233,21.236,14.896,16.899,18.899,21.901,12.145,16.726
13-Jul-11,12.562,15.312,12.975,14.312,15.474,13.564,14.893,11.97,13.973,16.975,13.222,12.562,14.564,17.567,15.06,18.89,12.556,14.559,16.559,19.562,13.307,15.307,17.31,20.31,14.227,16.227,18.23,21.233,14.893,16.896,18.896,21.899,12.142,16.723
14-Jul-11,12.559,15.31,12.973,14.31,15.471,13.562,14.89,11.967,13.97,16.973,13.219,12.559,14.562,17.564,15.058,18.888,12.553,14.556,16.556,19.559,13.304,15.304,17.307,20.307,14.225,16.225,18.227,21.23,14.89,16.893,18.893,21.896,12.14,16.721
15-Jul-11,12.556,15.307,12.97,14.307,15.468,13.559,14.888,11.964,13.967,16.97,13.216,12.556,14.559,17.562,15.055,18.885,12.551,14.553,16.553,19.556,13.301,15.301,17.304,20.304,14.222,16.222,18.225,21.227,14.888,16.89,18.89,21.893,12.137,16.718
16-Jul-11,12.553,15.304,12.967,14.304,15.466,13.556,14.885,11.962,13.964,16.967,13.214,12.553,14.556,17.559,15.052,18.882,12.548,14.551,16.551,19.553,13.299,15.299,17.301,20.301,14.219,16.219,18.222,21.225,14.885,16.888,18.888,21.89,12.134,16.715
17-Jul-11,12.551,15.301,12.964,14.301,15.463,13.553,14.882,11.959,13.962,16.964,13.211,12.551,14.553,17.556,15.049,18.879,12.545,14.548,16.548,19.551,13.296,15.296,17.299,20.299,14.216,16.216,18.219,21.222,14.882,16.885,18.885,21.888,12.132,16.712
18-Jul-11,12.548,15.299,12.962,14.299,15.46,13.551,14.879,11.956,13.959,16.962,13.208,12.548,14.551,17.553,15.047,18.877,12.542,14.545,16.545,19.548,13.293,15.293,17.296,20.296,14.214,16.214,18.216,21.219,14.879,16.882,18.882,21.885,12.129,16.71
19-Jul-11,12.545,15.296,12.959,14.296,15.458,13.548,14.877,11.953,13.956,16.959,13.205,12.545,14.548,17.551,15.044,18.874,12.54,14.542,16.542,19.545,13.29,15.29,17.293,20.293,14.211,16.211,18.214,21.216,14.877,16.879,18.879,21.882,12.126,16.707
20-Jul-11,12.542,15.293,12.956,14.293,15.455,13.545,14.874,11.951,13.953,16.956,13.203,12.542,14.545,17.548,15.041,18.871,12.537,14.54,16.54,19.542,13.288,15.288,17.29,20.29,14.208,16.208,18.211,21.214,14.874,16.877,18.877,21.879,12.123,16.704
21-Jul-11,12.54,15.29,12.953,14.29,15.452,13.542,14.871,11.948,13.951,16.953,13.2,12.54,14.542,17.545,15.038,18.868,12.534,14.537,16.537,19.54,13.285,15.285,17.288,20.288,14.205,16.205,18.208,21.211,14.871,16.874,18.874,21.877,12.121,16.701
22-Jul-11,12.537,15.288,12.951,14.288,15.449,13.54,14.868,11.945,13.948,16.951,13.197,12.537,14.54,17.542,15.036,18.866,12.532,14.534,16.534,19.537,13.282,15.282,17.285,20.285,14.203,16.203,18.205,21.208,14.868,16.871,18.871,21.874,12.118,16.699
23-Jul-11,12.534,15.285,12.948,14.285,15.447,13.537,14.866,11.942,13.945,16.948,13.195,12.534,14.537,17.54,15.033,18.863,12.529,14.532,16.532,19.534,13.279,15.279,17.282,20.282,14.2,16.2,18.203,21.205,14.866,16.868,18.868,21.871,12.115,16.696
24-Jul-11,12.532,15.282,12.945,14.282,15.444,13.534,14.863,11.94,13.942,16.945,13.192,12.532,14.534,17.537,15.03,18.86,12.526,14.529,16.529,19.532,13.277,15.277,17.279,20.279,14.197,16.197,18.2,21.203,14.863,16.866,18.866,21.868,12.112,16.693
25-Jul-11,12.529,15.279,12.942,14.279,15.441,13.532,14.86,11.937,13.94,16.942,13.189,12.529,14.532,17.534,15.027,18.858,12.523,14.526,16.526,19.529,13.274,15.274,17.277,20.277,14.195,16.195,18.197,21.2,14.86,16.863,18.863,21.866,12.11,16.69
26-Jul-11,12.526,15.277,12.94,14.277,15.438,13.529,14.858,11.934,13.937,16.94,13.186,12.526,14.529,17.532,15.025,18.855,12.521,14.523,16.523,19.526,13.271,15.271,17.274,20.274,14.192,16.192,18.195,21.197,14.858,16.86,18.86,21.863,12.107,16.688
27-Jul-11,12.523,15.274,12.937,14.274,15.436,13.526,14.855,11.932,13.934,16.937,13.184,12.523,14.526,17.529,15.022,18.852,12.518,14.521,16.521,19.523,13.268,15.268,17.271,20.271,14.189,16.189,18.192,21.195,14.855,16.858,18.858,21.86,12.104,16.685
28-Jul-11,12.521,15.271,12.934,14.271,15.433,13.523,14.852,11.929,13.932,16.934,13.181,12.521,14.523,17.526,15.019,18.849,12.515,14.518,16.518,19.521,13.266,15.266,17.268,20.268,14.186,16.186,18.189,21.192,14.852,16.855,18.855,21.858,12.101,16.682
29-Jul-11,12.518,15.268,12.932,14.268,15.43,13.521,14.849,11.926,13.929,16.932,13.178,12.518,14.521,17.523,15.016,18.847,12.512,14.515,16.515,19.518,13.263,15.263,17.266,20.266,14.184,16.184,18.186,21.189,14.849,16.852,18.852,21.855,12.099,16.679
30-Jul-11,12.515,15.266,12.929,14.266,15.427,13.518,14.847,11.923,13.926,16.929,13.175,12.515,14.518,17.521,15.014,18.844,12.51,14.512,16.512,19.515,13.26,15.26,17.263,20.263,14.181,16.181,18.184,21.186,14.847,16.849,18.849,21.852,12.096,16.677
31-Jul-11,12.512,15.263,12.926,14.263,15.425,13.515,14.844,11.921,13.923,16.926,13.173,12.512,14.515,17.518,15.011,18.841,12.507,14.51,16.51,19.512,13.258,15.258,17.26,20.26,14.178,16.178,18.181,21.184,14.844,16.847,18.847,21.849,12.093,16.674
1-Aug-11,12.51,15.26,12.923,14.26,15.422,13.512,14.841,11.918,13.921,16.923,13.17,12.51,14.512,17.515,15.008,18.838,12.504,14.507,16.507,19.51,13.255,15.255,17.258,20.258,14.175,16.175,18.178,21.181,14.841,16.844,18.844,21.847,12.09,16.671
2-Aug-11,12.507,15.258,12.921,14.258,15.419,13.51,14.838,11.915,13.918,16.921,13.167,12.507,14.51,17.512,15.005,18.836,12.501,14.504,16.504,19.507,13.252,15.252,17.255,20.255,14.173,16.173,18.175,21.178,14.838,16.841,18.841,21.844,12.088,16.668
3-Aug-11,12.504,15.255,12.918,14.255,15.416,13.507,14.836,11.912,13.915,16.918,13.164,12.504,14.507,17.51,15.003,18.833,12.499,14.501,16.501,19.504,13.249,15.249,17.252,20.252,14.17,16.17,18.173,21.175,14.836,16.838,18.838,21.841,12.085,16.666
4-Aug-11,12.501,15.252,12.915,14.252,15.414,13.504,14.833,11.91,13.912,16.915,13.162,12.501,14.504,17.507,15,18.83,12.496,14.499,16.499,19.501,13.247,15.247,17.249,20.249,14.167,16.167,18.17,21.173,14.833,16.836,18.836,21.838,12.082,16.663
5-Aug-11,12.499,15.249,12.912,14.249,15.411,13.501,14.83,11.907,13.91,16.912,13.159,12.499,14.501,17.504,14.997,18.827,12.493,14.496,16.496,19.499,13.244,15.244,17.247,20.247,14.164,16.164,18.167,21.17,14.83,16.833,18.833,21.836,12.079,16.66
6-Aug-11,12.496,15.247,12.91,14.247,15.408,13.499,14.827,11.904,13.907,16.91,13.156,12.496,14.499,17.501,14.995,18.825,12.49,14.493,16.493,19.496,13.241,15.241,17.244,20.244,14.162,16.162,18.164,21.167,14.827,16.83,18.83,21.833,12.077,16.658
7-Aug-11,12.493,15.244,12.907,14.244,15.405,13.496,14.825,11.901,13.904,16.907,13.153,12.493,14.496,17.499,14.992,18.822,12.488,14.49,16.49,19.493,13.238,15.238,17.241,20.241,14.159,16.159,18.162,21.164,14.825,16.827,18.827,21.83,12.074,16.655
8-Aug-11,12.49,15.241,12.904,14.241,15.403,13.493,14.822,11.899,13.901,16.904,13.151,12.49,14.493,17.496,14.989,18.819,12.485,14.488,16.488,19.49,13.236,15.236,17.238,20.238,14.156,16.156,18.159,21.162,14.822,16.825,18.825,21.827,12.071,16.652
9-Aug-11,12.488,15.238,12.901,14.238,15.4,13.49,14.819,11.896,13.899,16.901,13.148,12.488,14.49,17.493,14.986,18.816,12.482,14.485,16.485,19.488,13.233,15.233,17.236,20.236,14.153,16.153,18.156,21.159,14.819,16.822,18.822,21.825,12.068,16.649
10-Aug-11,12.485,15.236,12.899,14.236,15.397,13.488,14.816,11.893,13.896,16.899,13.145,12.485,14.488,17.49,14.984,18.814,12.479,14.482,16.482,19.485,13.23,15.23,17.233,20.233,14.151,16.151,18.153,21.156,14.816,16.819,18.819,21.822,12.066,16.647
11-Aug-11,12.482,15.233,12.896,14.233,15.395,13.485,14.814,11.89,13.893,16.896,13.142,12.482,14.485,17.488,14.981,18.811,12.477,14.479,16.479,19.482,13.227,15.227,17.23,20.23,14.148,16.148,18.151,21.153,14.814,16.816,18.816,21.819,12.063,16.644
12-Aug-11,12.479,15.23,12.893,14.23,15.392,13.482,14.811,11.888,13.89,16.893,13.14,12.479,14.482,17.485,14.978,18.808,12.474,14.477,16.477,19.479,13.225,15.225,17.227,20.227,14.145,16.145,18.148,21.151,14.811,16.814,18.814,21.816,12.06,16.641
13-Aug-11,12.477,15.227,12.89,14.227,15.389,13.479,14.808,11.885,13.888,16.89,13.137,12.477,14.479,17.482,14.975,18.805,12.471,14.474,16.474,19.477,13.222,15.222,17.225,20.225,14.142,16.142,18.145,21.148,14.808,16.811,18.811,21.814,12.058,16.638
14-Aug-11,12.474,15.225,12.888,14.225,15.386,13.477,14.805,11.882,13.885,16.888,13.134,12.474,14.477,17.479,14.973,18.803,12.468,14.471,16.471,19.474,13.219,15.219,17.222,20.222,14.14,16.14,18.142,21.145,14.805,16.808,18.808,21.811,12.055,16.636
15-Aug-11,12.471,15.222,12.885,14.222,15.384,13.474,14.803,11.879,13.882,16.885,13.132,12.471,14.474,17.477,14.97,18.8,12.466,14.468,16.468,19.471,13.216,15.216,17.219,20.219,14.137,16.137,18.14,21.142,14.803,16.805,18.805,21.808,12.052,16.633
16-Aug-11,12.468,15.219,12.882,14.219,15.381,13.471,14.8,11.877,13.879,16.882,13.129,12.468,14.471,17.474,14.967,18.797,12.463,14.466,16.466,19.468,13.214,15.214,17.216,20.216,14.134,16.134,18.137,21.14,14.8,16.803,18.803,21.805,12.049,16.63
17-Aug-11,12.466,15.216,12.879,14.216,15.378,13.468,14.797,11.874,13.877,16.879,13.126,12.466,14.468,17.471,14.964,18.795,12.46,14.463,16.463,19.466,13.211,15.211,17.214,20.214,14.132,16.132,18.134,21.137,14.797,16.8,18.8,21.803,12.047,16.627
18-Aug-11,12.463,15.214,12.877,14.214,15.375,13.466,14.795,11.871,13.874,16.877,13.123,12.463,14.466,17.468,14.962,18.792,12.458,14.46,16.46,19.463,13.208,15.208,17.211,20.211,14.129,16.129,18.132,21.134,14.795,16.797,18.797,21.8,12.044,16.625
19-Aug-11,12.46,15.211,12.874,14.211,15.373,13.463,14.792,11.868,13.871,16.874,13.121,12.46,14.463,17.466,14.959,18.789,12.455,14.458,16.458,19.46,13.205,15.205,17.208,20.208,14.126,16.126,18.129,21.132,14.792,16.795,18.795,21.797,12.041,16.622
20-Aug-11,12.458,15.208,12.871,14.208,15.37,13.46,14.789,11.866,13.868,16.871,13.118,12.458,14.46,17.463,14.956,18.786,12.452,14.455,16.455,19.458,13.203,15.203,17.205,20.205,14.123,16.123,18.126,21.129,14.789,16.792,18.792,21.795,12.038,16.619
21-Aug-11,12.455,15.205,12.868,14.205,15.367,13.458,14.786,11.863,13.866,16.868,13.115,12.455,14.458,17.46,14.953,18.784,12.449,14.452,16.452,19.455,13.2,15.2,17.203,20.203,14.121,16.121,18.123,21.126,14.786,16.789,18.789,21.792,12.036,16.616
22-Aug-11,12.452,15.203,12.866,14.203,15.364,13.455,14.784,11.86,13.863,16.866,13.112,12.452,14.455,17.458,14.951,18.781,12.447,14.449,16.449,19.452,13.197,15.197,17.2,20.2,14.118,16.118,18.121,21.123,14.784,16.786,18.786,21.789,12.033,16.614
23-Aug-11,12.449,15.2,12.863,14.2,15.362,13.452,14.781,11.858,13.86,16.863,13.11,12.449,14.452,17.455,14.948,18.778,12.444,14.447,16.447,19.449,13.195,15.195,17.197,20.197,14.115,16.115,18.118,21.121,14.781,16.784,18.784,21.786,12.03,16.611
24-Aug-11,12.447,15.197,12.86,14.197,15.359,13.449,14.778,11.855,13.858,16.86,13.107,12.447,14.449,17.452,14.945,18.775,12.441,14.444,16.444,19.447,13.192,15.192,17.195,20.195,14.112,16.112,18.115,21.118,14.778,16.781,18.781,21.784,12.027,16.608
25-Aug-11,12.444,15.195,12.858,14.195,15.356,13.447,14.775,11.852,13.855,16.858,13.104,12.444,14.447,17.449,14.942,18.773,12.438,14.441,16.441,19.444,13.189,15.189,17.192,20.192,14.11,16.11,18.112,21.115,14.775,16.778,18.778,21.781,12.025,16.605
26-Aug-11,12.441,15.192,12.855,14.192,15.353,13.444,14.773,11.849,13.852,16.855,13.101,12.441,14.444,17.447,14.94,18.77,12.436,14.438,16.438,19.441,13.186,15.186,17.189,20.189,14.107,16.107,18.11,21.112,14.773,16.775,18.775,21.778,12.022,16.603
27-Aug-11,12.438,15.189,12.852,14.189,15.351,13.441,14.77,11.847,13.849,16.852,13.099,12.438,14.441,17.444,14.937,18.767,12.433,14.436,16.436,19.438,13.184,15.184,17.186,20.186,14.104,16.104,18.107,21.11,14.77,16.773,18.773,21.775,12.019,16.6
28-Aug-11,12.436,15.186,12.849,14.186,15.348,13.438,14.767,11.844,13.847,16.849,13.096,12.436,14.438,17.441,14.934,18.764,12.43,14.433,16.433,19.436,13.181,15.181,17.184,20.184,14.101,16.101,18.104,21.107,14.767,16.77,18.77,21.773,12.016,16.597
29-Aug-11,12.433,15.184,12.847,14.184,15.345,13.436,14.764,11.841,13.844,16.847,13.093,12.433,14.436,17.438,14.932,18.762,12.427,14.43,16.43,19.433,13.178,15.178,17.181,20.181,14.099,16.099,18.101,21.104,14.764,16.767,18.767,21.77,12.014,16.595
30-Aug-11,12.43,15.181,12.844,14.181,15.342,13.433,14.762,11.838,13.841,16.844,13.09,12.43,14.433,17.436,14.929,18.759,12.425,14.427,16.427,19.43,13.175,15.175,17.178,20.178,14.096,16.096,18.099,21.101,14.762,16.764,18.764,21.767,12.011,16.592
31-Aug-11,12.427,15.178,12.841,14.178,15.34,13.43,14.759,11.836,13.838,16.841,13.088,12.427,14.43,17.433,14.926,18.756,12.422,14.425,16.425,19.427,13.173,15.173,17.175,20.175,14.093,16.093,18.096,21.099,14.759,16.762,18.762,21.764,12.008,16.589
1-Sep-11,12.425,15.175,12.838,14.175,15.337,13.427,14.756,11.833,13.836,16.838,13.085,12.425,14.427,17.43,14.923,18.753,12.419,14.422,16.422,19.425,13.17,15.17,17.173,20.173,14.09,16.09,18.093,21.096,14.756,16.759,18.759,21.762,12.005,16.586
2-Sep-11,12.422,15.173,12.836,14.173,15.334,13.425,14.753,11.83,13.833,16.836,13.082,12.422,14.425,17.427,14.921,18.751,12.416,14.419,16.419,19.422,13.167,15.167,17.17,20.17,14.088,16.088,18.09,21.093,14.753,16.756,18.756,21.759,12.003,16.584
3-Sep-11,12.419,15.17,12.833,14.17,15.332,13.422,14.751,11.827,13.83,16.833,13.079,12.419,14.422,17.425,14.918,18.748,12.414,14.416,16.416,19.419,13.164,15.164,17.167,20.167,14.085,16.085,18.088,21.09,14.751,16.753,18.753,21.756,12,16.581
4-Sep-11,12.416,15.167,12.83,14.167,15.329,13.419,14.748,11.825,13.827,16.83,13.077,12.416,14.419,17.422,14.915,18.745,12.411,14.414,16.414,19.416,13.162,15.162,17.164,20.164,14.082,16.082,18.085,21.088,14.748,16.751,18.751,21.753,11.997,16.578
5-Sep-11,12.414,15.164,12.827,14.164,15.326,13.416,14.745,11.822,13.825,16.827,13.074,12.414,14.416,17.419,14.912,18.742,12.408,14.411,16.411,19.414,13.159,15.159,17.162,20.162,14.079,16.079,18.082,21.085,14.745,16.748,18.748,21.751,11.995,16.575
6-Sep-11,12.411,15.162,12.825,14.162,15.323,13.414,14.742,11.819,13.822,16.825,13.071,12.411,14.414,17.416,14.91,18.74,12.405,14.408,16.408,19.411,13.156,15.156,17.159,20.159,14.077,16.077,18.079,21.082,14.742,16.745,18.745,21.748,11.992,16.573
7-Sep-11,12.408,15.159,12.822,14.159,15.321,13.411,14.74,11.816,13.819,16.822,13.068,12.408,14.411,17.414,14.907,18.737,12.403,14.405,16.405,19.408,13.153,15.153,17.156,20.156,14.074,16.074,18.077,21.079,14.74,16.742,18.742,21.745,11.989,16.57
8-Sep-11,12.405,15.156,12.819,14.156,15.318,13.408,14.737,11.814,13.816,16.819,13.066,12.405,14.408,17.411,14.904,18.734,12.4,14.403,16.403,19.405,13.151,15.151,17.153,20.153,14.071,16.071,18.074,21.077,14.737,16.74,18.74,21.742,11.986,16.567
9-Sep-11,12.403,15.153,12.816,14.153,15.315,13.405,14.734,11.811,13.814,16.816,13.063,12.403,14.405,17.408,14.901,18.732,12.397,14.4,16.4,19.403,13.148,15.148,17.151,20.151,14.068,16.068,18.071,21.074,14.734,16.737,18.737,21.74,11.984,16.564
10-Sep-11,12.4,15.151,12.814,14.151,15.312,13.403,14.732,11.808,13.811,16.814,13.06,12.4,14.403,17.405,14.899,18.729,12.395,14.397,16.397,19.4,13.145,15.145,17.148,20.148,14.066,16.066,18.068,21.071,14.732,16.734,18.734,21.737,11.981,16.562
11-Sep-11,12.397,15.148,12.811,14.148,15.31,13.4,14.729,11.805,13.808,16.811,13.058,12.397,14.4,17.403,14.896,18.726,12.392,14.395,16.395,19.397,13.142,15.142,17.145,20.145,14.063,16.063,18.066,21.068,14.729,16.732,18.732,21.734,11.978,16.559
12-Sep-11,12.395,15.145,12.808,14.145,15.307,13.397,14.726,11.803,13.805,16.808,13.055,12.395,14.397,17.4,14.893,18.723,12.389,14.392,16.392,19.395,13.14,15.14,17.142,20.142,14.06,16.06,18.063,21.066,14.726,16.729,18.729,21.732,11.975,16.556
13-Sep-11,12.392,15.142,12.805,14.142,15.304,13.395,14.723,11.8,13.803,16.805,13.052,12.392,14.395,17.397,14.89,18.721,12.386,14.389,16.389,19.392,13.137,15.137,17.14,20.14,14.058,16.058,18.06,21.063,14.723,16.726,18.726,21.729,11.973,16.553
14-Sep-11,12.389,15.14,12.803,14.14,15.301,13.392,14.721,11.797,13.8,16.803,13.049,12.389,14.392,17.395,14.888,18.718,12.384,14.386,16.386,19.389,13.134,15.134,17.137,20.137,14.055,16.055,18.058,21.06,14.721,16.723,18.723,21.726,11.97,16.551
15-Sep-11,12.386,15.137,12.8,14.137,15.299,13.389,14.718,11.795,13.797,16.8,13.047,12.386,14.389,17.392,14.885,18.715,12.381,14.384,16.384,19.386,13.132,15.132,17.134,20.134,14.052,16.052,18.055,21.058,14.718,16.721,18.721,21.723,11.967,16.548
16-Sep-11,12.384,15.134,12.797,14.134,15.296,13.386,14.715,11.792,13.795,16.797,13.044,12.384,14.386,17.389,14.882,18.712,12.378,14.381,16.381,19.384,13.129,15.129,17.132,20.132,14.049,16.049,18.052,21.055,14.715,16.718,18.718,21.721,11.964,16.545
17-Sep-11,12.381,15.132,12.795,14.132,15.293,13.384,14.712,11.789,13.792,16.795,13.041,12.381,14.384,17.386,14.879,18.71,12.375,14.378,16.378,19.381,13.126,15.126,17.129,20.129,14.047,16.047,18.049,21.052,14.712,16.715,18.715,21.718,11.962,16.542
18-Sep-11,12.378,15.129,12.792,14.129,15.29,13.381,14.71,11.786,13.789,16.792,13.038,12.378,14.381,17.384,14.877,18.707,12.373,14.375,16.375,19.378,13.123,15.123,17.126,20.126,14.044,16.044,18.047,21.049,14.71,16.712,18.712,21.715,11.959,16.54
19-Sep-11,12.375,15.126,12.789,14.126,15.288,13.378,14.707,11.784,13.786,16.789,13.036,12.375,14.378,17.381,14.874,18.704,12.37,14.373,16.373,19.375,13.121,15.121,17.123,20.123,14.041,16.041,18.044,21.047,14.707,16.71,18.71,21.712,11.956,16.537
20-Sep-11,12.373,15.123,12.786,14.123,15.285,13.375,14.704,11.781,13.784,16.786,13.033,12.373,14.375,17.378,14.871,18.701,12.367,14.37,16.37,19.373,13.118,15.118,17.121,20.121,14.038,16.038,18.041,21.044,14.704,16.707,18.707,21.71,11.953,16.534
21-Sep-11,12.37,15.121,12.784,14.121,15.282,13.373,14.701,11.778,13.781,16.784,13.03,12.37,14.373,17.375,14.868,18.699,12.364,14.367,16.367,19.37,13.115,15.115,17.118,20.118,14.036,16.036,18.038,21.041,14.701,16.704,18.704,21.707,11.951,16.532
22-Sep-11,12.367,15.118,12.781,14.118,15.279,13.37,14.699,11.775,13.778,16.781,13.027,12.367,14.37,17.373,14.866,18.696,12.362,14.364,16.364,19.367,13.112,15.112,17.115,20.115,14.033,16.033,18.036,21.038,14.699,16.701,18.701,21.704,11.948,16.529
23-Sep-11,12.364,15.115,12.778,14.115,15.277,13.367,14.696,11.773,13.775,16.778,13.025,12.364,14.367,17.37,14.863,18.693,12.359,14.362,16.362,19.364,13.11,15.11,17.112,20.112,14.03,16.03,18.033,21.036,14.696,16.699,18.699,21.701,11.945,16.526
24-Sep-11,12.362,15.112,12.775,14.112,15.274,13.364,14.693,11.77,13.773,16.775,13.022,12.362,14.364,17.367,14.86,18.69,12.356,14.359,16.359,19.362,13.107,15.107,17.11,20.11,14.027,16.027,18.03,21.033,14.693,16.696,18.696,21.699,11.942,16.523
25-Sep-11,12.359,15.11,12.773,14.11,15.271,13.362,14.69,11.767,13.77,16.773,13.019,12.359,14.362,17.364,14.858,18.688,12.353,14.356,16.356,19.359,13.104,15.104,17.107,20.107,14.025,16.025,18.027,21.03,14.69,16.693,18.693,21.696,11.94,16.521
26-Sep-11,12.356,15.107,12.77,14.107,15.268,13.359,14.688,11.764,13.767,16.77,13.016,12.356,14.359,17.362,14.855,18.685,12.351,14.353,16.353,19.356,13.101,15.101,17.104,20.104,14.022,16.022,18.025,21.027,14.688,16.69,18.69,21.693,11.937,16.518
27-Sep-11,12.353,15.104,12.767,14.104,15.266,13.356,14.685,11.762,13.764,16.767,13.014,12.353,14.356,17.359,14.852,18.682,12.348,14.351,16.351,19.353,13.099,15.099,17.101,20.101,14.019,16.019,18.022,21.025,14.685,16.688,18.688,21.69,11.934,16.515
28-Sep-11,12.351,15.101,12.764,14.101,15.263,13.353,14.682,11.759,13.762,16.764,13.011,12.351,14.353,17.356,14.849,18.679,12.345,14.348,16.348,19.351,13.096,15.096,17.099,20.099,14.016,16.016,18.019,21.022,14.682,16.685,18.685,21.688,11.932,16.512
29-Sep-11,12.348,15.099,12.762,14.099,15.26,13.351,14.679,11.756,13.759,16.762,13.008,12.348,14.351,17.353,14.847,18.677,12.342,14.345,16.345,19.348,13.093,15.093,17.096,20.096,14.014,16.014,18.016,21.019,14.679,16.682,18.682,21.685,11.929,16.51
30-Sep-11,12.345,15.096,12.759,14.096,15.258,13.348,14.677,11.753,13.756,16.759,13.005,12.345,14.348,17.351,14.844,18.674,12.34,14.342,16.342,19.345,13.09,15.09,17.093,20.093,14.011,16.011,18.014,21.016,14.677,16.679,18.679,21.682,11.926,16.507
1-Oct-11,12.342,15.093,12.756,14.093,15.255,13.345,14.674,11.751,13.753,16.756,13.003,12.342,14.345,17.348,14.841,18.671,12.337,14.34,16.34,19.342,13.088,15.088,17.09,20.09,14.008,16.008,18.011,21.014,14.674,16.677,18.677,21.679,11.923,16.504
2-Oct-11,12.34,15.09,12.753,14.09,15.252,13.342,14.671,11.748,13.751,16.753,13,12.34,14.342,17.345,14.838,18.668,12.334,14.337,16.337,19.34,13.085,15.085,17.088,20.088,14.005,16.005,18.008,21.011,14.671,16.674,18.674,21.677,11.921,16.501
3-Oct-11,12.337,15.088,12.751,14.088,15.249,13.34,14.668,11.745,13.748,16.751,12.997,12.337,14.34,17.342,14.836,18.666,12.332,14.334,16.334,19.337,13.082,15.082,17.085,20.085,14.003,16.003,18.005,21.008,14.668,16.671,18.671,21.674,11.918,16.499
4-Oct-11,12.334,15.085,12.748,14.085,15.247,13.337,14.666,11.742,13.745,16.748,12.995,12.334,14.337,17.34,14.833,18.663,12.329,14.332,16.332,19.334,13.079,15.079,17.082,20.082,14,16,18.003,21.005,14.666,16.668,18.668,21.671,11.915,16.496
5-Oct-11,12.332,15.082,12.745,14.082,15.244,13.334,14.663,11.74,13.742,16.745,12.992,12.332,14.334,17.337,14.83,18.66,12.326,14.329,16.329,19.332,13.077,15.077,17.079,20.079,13.997,15.997,18,21.003,14.663,16.666,18.666,21.668,11.912,16.493
6-Oct-11,12.329,15.079,12.742,14.079,15.241,13.332,14.66,11.737,13.74,16.742,12.989,12.329,14.332,17.334,14.827,18.658,12.323,14.326,16.326,19.329,13.074,15.074,17.077,20.077,13.995,15.995,17.997,21,14.66,16.663,18.663,21.666,11.91,16.49
7-Oct-11,12.326,15.077,12.74,14.077,15.238,13.329,14.658,11.734,13.737,16.74,12.986,12.326,14.329,17.332,14.825,18.655,12.321,14.323,16.323,19.326,13.071,15.071,17.074,20.074,13.992,15.992,17.995,20.997,14.658,16.66,18.66,21.663,11.907,16.488
8-Oct-11,12.323,15.074,12.737,14.074,15.236,13.326,14.655,11.732,13.734,16.737,12.984,12.323,14.326,17.329,14.822,18.652,12.318,14.321,16.321,19.323,13.068,15.068,17.071,20.071,13.989,15.989,17.992,20.995,14.655,16.658,18.658,21.66,11.904,16.485
9-Oct-11,12.321,15.071,12.734,14.071,15.233,13.323,14.652,11.729,13.732,16.734,12.981,12.321,14.323,17.326,14.819,18.649,12.315,14.318,16.318,19.321,13.066,15.066,17.068,20.068,13.986,15.986,17.989,20.992,14.652,16.655,18.655,21.658,11.901,16.482
10-Oct-11,12.318,15.068,12.732,14.068,15.23,13.321,14.649,11.726,13.729,16.732,12.978,12.318,14.321,17.323,14.816,18.647,12.312,14.315,16.315,19.318,13.063,15.063,17.066,20.066,13.984,15.984,17.986,20.989,14.649,16.652,18.652,21.655,11.899,16.479
11-Oct-11,12.315,15.066,12.729,14.066,15.227,13.318,14.647,11.723,13.726,16.729,12.975,12.315,14.318,17.321,14.814,18.644,12.31,14.312,16.312,19.315,13.06,15.06,17.063,20.063,13.981,15.981,17.984,20.986,14.647,16.649,18.649,21.652,11.896,16.477
12-Oct-11,12.312,15.063,12.726,14.063,15.225,13.315,14.644,11.721,13.723,16.726,12.973,12.312,14.315,17.318,14.811,18.641,12.307,14.31,16.31,19.312,13.058,15.058,17.06,20.06,13.978,15.978,17.981,20.984,14.644,16.647,18.647,21.649,11.893,16.474
13-Oct-11,12.31,15.06,12.723,14.06,15.222,13.312,14.641,11.718,13.721,16.723,12.97,12.31,14.312,17.315,14.808,18.638,12.304,14.307,16.307,19.31,13.055,15.055,17.058,20.058,13.975,15.975,17.978,20.981,14.641,16.644,18.644,21.647,11.89,16.471
14-Oct-11,12.307,15.058,12.721,14.058,15.219,13.31,14.638,11.715,13.718,16.721,12.967,12.307,14.31,17.312,14.805,18.636,12.301,14.304,16.304,19.307,13.052,15.052,17.055,20.055,13.973,15.973,17.975,20.978,14.638,16.641,18.641,21.644,11.888,16.468
15-Oct-11,12.304,15.055,12.718,14.055,15.216,13.307,14.636,11.712,13.715,16.718,12.964,12.304,14.307,17.31,14.803,18.633,12.299,14.301,16.301,19.304,13.049,15.049,17.052,20.052,13.97,15.97,17.973,20.975,14.636,16.638,18.638,21.641,11.885,16.466
16-Oct-11,12.301,15.052,12.715,14.052,15.214,13.304,14.633,11.71,13.712,16.715,12.962,12.301,14.304,17.307,14.8,18.63,12.296,14.299,16.299,19.301,13.047,15.047,17.049,20.049,13.967,15.967,17.97,20.973,14.633,16.636,18.636,21.638,11.882,16.463
17-Oct-11,12.299,15.049,12.712,14.049,15.211,13.301,14.63,11.707,13.71,16.712,12.959,12.299,14.301,17.304,14.797,18.627,12.293,14.296,16.296,19.299,13.044,15.044,17.047,20.047,13.964,15.964,17.967,20.97,14.63,16.633,18.633,21.636,11.879,16.46
18-Oct-11,12.296,15.047,12.71,14.047,15.208,13.299,14.627,11.704,13.707,16.71,12.956,12.296,14.299,17.301,14.795,18.625,12.29,14.293,16.293,19.296,13.041,15.041,17.044,20.044,13.962,15.962,17.964,20.967,14.627,16.63,18.63,21.633,11.877,16.458
19-Oct-11,12.293,15.044,12.707,14.044,15.205,13.296,14.625,11.701,13.704,16.707,12.953,12.293,14.296,17.299,14.792,18.622,12.288,14.29,16.29,19.293,13.038,15.038,17.041,20.041,13.959,15.959,17.962,20.964,14.625,16.627,18.627,21.63,11.874,16.455
20-Oct-11,12.29,15.041,12.704,14.041,15.203,13.293,14.622,11.699,13.701,16.704,12.951,12.29,14.293,17.296,14.789,18.619,12.285,14.288,16.288,19.29,13.036,15.036,17.038,20.038,13.956,15.956,17.959,20.962,14.622,16.625,18.625,21.627,11.871,16.452
21-Oct-11,12.288,15.038,12.701,14.038,15.2,13.29,14.619,11.696,13.699,16.701,12.948,12.288,14.29,17.293,14.786,18.616,12.282,14.285,16.285,19.288,13.033,15.033,17.036,20.036,13.953,15.953,17.956,20.959,14.619,16.622,18.622,21.625,11.868,16.449
22-Oct-11,12.285,15.036,12.699,14.036,15.197,13.288,14.616,11.693,13.696,16.699,12.945,12.285,14.288,17.29,14.784,18.614,12.279,14.282,16.282,19.285,13.03,15.03,17.033,20.033,13.951,15.951,17.953,20.956,14.616,16.619,18.619,21.622,11.866,16.447
23-Oct-11,12.282,15.033,12.696,14.033,15.195,13.285,14.614,11.69,13.693,16.696,12.942,12.282,14.285,17.288,14.781,18.611,12.277,14.279,16.279,19.282,13.027,15.027,17.03,20.03,13.948,15.948,17.951,20.953,14.614,16.616,18.616,21.619,11.863,16.444
24-Oct-11,12.279,15.03,12.693,14.03,15.192,13.282,14.611,11.688,13.69,16.693,12.94,12.279,14.282,17.285,14.778,18.608,12.274,14.277,16.277,19.279,13.025,15.025,17.027,20.027,13.945,15.945,17.948,20.951,14.611,16.614,18.614,21.616,11.86,16.441
25-Oct-11,12.277,15.027,12.69,14.027,15.189,13.279,14.608,11.685,13.688,16.69,12.937,12.277,14.279,17.282,14.775,18.605,12.271,14.274,16.274,19.277,13.022,15.022,17.025,20.025,13.942,15.942,17.945,20.948,14.608,16.611,18.611,21.614,11.858,16.438
26-Oct-11,12.274,15.025,12.688,14.025,15.186,13.277,14.605,11.682,13.685,16.688,12.934,12.274,14.277,17.279,14.773,18.603,12.268,14.271,16.271,19.274,13.019,15.019,17.022,20.022,13.94,15.94,17.942,20.945,14.605,16.608,18.608,21.611,11.855,16.436
27-Oct-11,12.271,15.022,12.685,14.022,15.184,13.274,14.603,11.679,13.682,16.685,12.932,12.271,14.274,17.277,14.77,18.6,12.266,14.268,16.268,19.271,13.016,15.016,17.019,20.019,13.937,15.937,17.94,20.942,14.603,16.605,18.605,21.608,11.852,16.433
28-Oct-11,12.268,15.019,12.682,14.019,15.181,13.271,14.6,11.677,13.679,16.682,12.929,12.268,14.271,17.274,14.767,18.597,12.263,14.266,16.266,19.268,13.014,15.014,17.016,20.016,13.934,15.934,17.937,20.94,14.6,16.603,18.603,21.605,11.849,16.43
29-Oct-11,12.266,15.016,12.679,14.016,15.178,13.268,14.597,11.674,13.677,16.679,12.926,12.266,14.268,17.271,14.764,18.595,12.26,14.263,16.263,19.266,13.011,15.011,17.014,20.014,13.932,15.932,17.934,20.937,14.597,16.6,18.6,21.603,11.847,16.427
30-Oct-11,12.263,15.014,12.677,14.014,15.175,13.266,14.595,11.671,13.674,16.677,12.923,12.263,14.266,17.268,14.762,18.592,12.258,14.26,16.26,19.263,13.008,15.008,17.011,20.011,13.929,15.929,17.932,20.934,14.595,16.597,18.597,21.6,11.844,16.425
31-Oct-11,12.26,15.011,12.674,14.011,15.173,13.263,14.592,11.668,13.671,16.674,12.921,12.26,14.263,17.266,14.759,18.589,12.255,14.258,16.258,19.26,13.005,15.005,17.008,20.008,13.926,15.926,17.929,20.932,14.592,16.595,18.595,21.597,11.841,16.422
1-Nov-11,12.258,15.008,12.671,14.008,15.17,13.26,14.589,11.666,13.668,16.671,12.918,12.258,14.26,17.263,14.756,18.586,12.252,14.255,16.255,19.258,13.003,15.003,17.005,20.005,13.923,15.923,17.926,20.929,14.589,16.592,18.592,21.595,11.838,16.419
2-Nov-11,12.255,15.005,12.668,14.005,15.167,13.258,14.586,11.663,13.666,16.668,12.915,12.255,14.258,17.26,14.753,18.584,12.249,14.252,16.252,19.255,13,15,17.003,20.003,13.921,15.921,17.923,20.926,14.586,16.589,18.589,21.592,11.836,16.416
3-Nov-11,12.252,15.003,12.666,14.003,15.164,13.255,14.584,11.66,13.663,16.666,12.912,12.252,14.255,17.258,14.751,18.581,12.247,14.249,16.249,19.252,12.997,14.997,17,20,13.918,15.918,17.921,20.923,14.584,16.586,18.586,21.589,11.833,16.414
4-Nov-11,12.249,15,12.663,14,15.162,13.252,14.581,11.658,13.66,16.663,12.91,12.249,14.252,17.255,14.748,18.578,12.244,14.247,16.247,19.249,12.995,14.995,16.997,19.997,13.915,15.915,17.918,20.921,14.581,16.584,18.584,21.586,11.83,16.411
5-Nov-11,12.247,14.997,12.66,13.997,15.159,13.249,14.578,11.655,13.658,16.66,12.907,12.247,14.249,17.252,14.745,18.575,12.241,14.244,16.244,19.247,12.992,14.992,16.995,19.995,13.912,15.912,17.915,20.918,14.578,16.581,18.581,21.584,11.827,16.408
6-Nov-11,12.244,14.995,12.658,13.995,15.156,13.247,14.575,11.652,13.655,16.658,12.904,12.244,14.247,17.249,14.742,18.573,12.238,14.241,16.241,19.244,12.989,14.989,16.992,19.992,13.91,15.91,17.912,20.915,14.575,16.578,18.578,21.581,11.825,16.405
7-Nov-11,12.241,14.992,12.655,13.992,15.153,13.244,14.573,11.649,13.652,16.655,12.901,12.241,14.244,17.247,14.74,18.57,12.236,14.238,16.238,19.241,12.986,14.986,16.989,19.989,13.907,15.907,17.91,20.912,14.573,16.575,18.575,21.578,11.822,16.403
8-Nov-11,12.238,14.989,12.652,13.989,15.151,13.241,14.57,11.647,13.649,16.652,12.899,12.238,14.241,17.244,14.737,18.567,12.233,14.236,16.236,19.238,12.984,14.984,16.986,19.986,13.904,15.904,17.907,20.91,14.57,16.573,18.573,21.575,11.819,16.4
9-Nov-11,12.236,14.986,12.649,13.986,15.148,13.238,14.567,11.644,13.647,16.649,12.896,12.236,14.238,17.241,14.734,18.564,12.23,14.233,16.233,19.236,12.981,14.981,16.984,19.984,13.901,15.901,17.904,20.907,14.567,16.57,18.57,21.573,11.816,16.397
10-Nov-11,12.233,14.984,12.647,13.984,15.145,13.236,14.564,11.641,13.644,16.647,12.893,12.233,14.236,17.238,14.732,18.562,12.227,14.23,16.23,19.233,12.978,14.978,16.981,19.981,13.899,15.899,17.901,20.904,14.564,16.567,18.567,21.57,11.814,16.395
11-Nov-11,12.23,14.981,12.644,13.981,15.142,13.233,14.562,11.638,13.641,16.644,12.89,12.23,14.233,17.236,14.729,18.559,12.225,14.227,16.227,19.23,12.975,14.975,16.978,19.978,13.896,15.896,17.899,20.901,14.562,16.564,18.564,21.567,11.811,16.392
12-Nov-11,12.227,14.978,12.641,13.978,15.14,13.23,14.559,11.636,13.638,16.641,12.888,12.227,14.23,17.233,14.726,18.556,12.222,14.225,16.225,19.227,12.973,14.973,16.975,19.975,13.893,15.893,17.896,20.899,14.559,16.562,18.562,21.564,11.808,16.389
13-Nov-11,12.225,14.975,12.638,13.975,15.137,13.227,14.556,11.633,13.636,16.638,12.885,12.225,14.227,17.23,14.723,18.553,12.219,14.222,16.222,19.225,12.97,14.97,16.973,19.973,13.89,15.89,17.893,20.896,14.556,16.559,18.559,21.562,11.805,16.386
14-Nov-11,12.222,14.973,12.636,13.973,15.134,13.225,14.553,11.63,13.633,16.636,12.882,12.222,14.225,17.227,14.721,18.551,12.216,14.219,16.219,19.222,12.967,14.967,16.97,19.97,13.888,15.888,17.89,20.893,14.553,16.556,18.556,21.559,11.803,16.384
15-Nov-11,12.219,14.97,12.633,13.97,15.132,13.222,14.551,11.627,13.63,16.633,12.879,12.219,14.222,17.225,14.718,18.548,12.214,14.216,16.216,19.219,12.964,14.964,16.967,19.967,13.885,15.885,17.888,20.89,14.551,16.553,18.553,21.556,11.8,16.381
16-Nov-11,12.216,14.967,12.63,13.967,15.129,13.219,14.548,11.625,13.627,16.63,12.877,12.216,14.219,17.222,14.715,18.545,12.211,14.214,16.214,19.216,12.962,14.962,16.964,19.964,13.882,15.882,17.885,20.888,14.548,16.551,18.551,21.553,11.797,16.378
17-Nov-11,12.214,14.964,12.627,13.964,15.126,13.216,14.545,11.622,13.625,16.627,12.874,12.214,14.216,17.219,14.712,18.542,12.208,14.211,16.211,19.214,12.959,14.959,16.962,19.962,13.879,15.879,17.882,20.885,14.545,16.548,18.548,21.551,11.795,16.375
18-Nov-11,12.211,14.962,12.625,13.962,15.123,13.214,14.542,11.619,13.622,16.625,12.871,12.211,14.214,17.216,14.71,18.54,12.205,14.208,16.208,19.211,12.956,14.956,16.959,19.959,13.877,15.877,17.879,20.882,14.542,16.545,18.545,21.548,11.792,16.373
19-Nov-11,12.208,14.959,12.622,13.959,15.121,13.211,14.54,11.616,13.619,16.622,12.868,12.208,14.211,17.214,14.707,18.537,12.203,14.205,16.205,19.208,12.953,14.953,16.956,19.956,13.874,15.874,17.877,20.879,14.54,16.542,18.542,21.545,11.789,16.37
20-Nov-11,12.205,14.956,12.619,13.956,15.118,13.208,14.537,11.614,13.616,16.619,12.866,12.205,14.208,17.211,14.704,18.534,12.2,14.203,16.203,19.205,12.951,14.951,16.953,19.953,13.871,15.871,17.874,20.877,14.537,16.54,18.54,21.542,11.786,16.367
21-Nov-11,12.203,14.953,12.616,13.953,15.115,13.205,14.534,11.611,13.614,16.616,12.863,12.203,14.205,17.208,14.701,18.532,12.197,14.2,16.2,19.203,12.948,14.948,16.951,19.951,13.868,15.868,17.871,20.874,14.534,16.537,18.537,21.54,11.784,16.364
22-Nov-11,12.2,14.951,12.614,13.951,15.112,13.203,14.532,11.608,13.611,16.614,12.86,12.2,14.203,17.205,14.699,18.529,12.195,14.197,16.197,19.2,12.945,14.945,16.948,19.948,13.866,15.866,17.868,20.871,14.532,16.534,18.534,21.537,11.781,16.362
23-Nov-11,12.197,14.948,12.611,13.948,15.11,13.2,14.529,11.605,13.608,16.611,12.858,12.197,14.2,17.203,14.696,18.526,12.192,14.195,16.195,19.197,12.942,14.942,16.945,19.945,13.863,15.863,17.866,20.868,14.529,16.532,18.532,21.534,11.778,16.359
24-Nov-11,12.195,14.945,12.608,13.945,15.107,13.197,14.526,11.603,13.605,16.608,12.855,12.195,14.197,17.2,14.693,18.523,12.189,14.192,16.192,19.195,12.94,14.94,16.942,19.942,13.86,15.86,17.863,20.866,14.526,16.529,18.529,21.532,11.775,16.356
25-Nov-11,12.192,14.942,12.605,13.942,15.104,13.195,14.523,11.6,13.603,16.605,12.852,12.192,14.195,17.197,14.69,18.521,12.186,14.189,16.189,19.192,12.937,14.937,16.94,19.94,13.858,15.858,17.86,20.863,14.523,16.526,18.526,21.529,11.773,16.353
26-Nov-11,12.189,14.94,12.603,13.94,15.101,13.192,14.521,11.597,13.6,16.603,12.849,12.189,14.192,17.195,14.688,18.518,12.184,14.186,16.186,19.189,12.934,14.934,16.937,19.937,13.855,15.855,17.858,20.86,14.521,16.523,18.523,21.526,11.77,16.351
27-Nov-11,12.186,14.937,12.6,13.937,15.099,13.189,14.518,11.595,13.597,16.6,12.847,12.186,14.189,17.192,14.685,18.515,12.181,14.184,16.184,19.186,12.932,14.932,16.934,19.934,13.852,15.852,17.855,20.858,14.518,16.521,18.521,21.523,11.767,16.348
28-Nov-11,12.184,14.934,12.597,13.934,15.096,13.186,14.515,11.592,13.595,16.597,12.844,12.184,14.186,17.189,14.682,18.512,12.178,14.181,16.181,19.184,12.929,14.929,16.932,19.932,13.849,15.849,17.852,20.855,14.515,16.518,18.518,21.521,11.764,16.345
29-Nov-11,12.181,14.932,12.595,13.932,15.093,13.184,14.512,11.589,13.592,16.595,12.841,12.181,14.184,17.186,14.679,18.51,12.175,14.178,16.178,19.181,12.926,14.926,16.929,19.929,13.847,15.847,17.849,20.852,14.512,16.515,18.515,21.518,11.762,16.342
30-Nov-11,12.178,14.929,12.592,13.929,15.09,13.181,14.51,11.586,13.589,16.592,12.838,12.178,14.181,17.184,14.677,18.507,12.173,14.175,16.175,19.178,12.923,14.923,16.926,19.926,13.844,15.844,17.847,20.849,14.51,16.512,18.512,21.515,11.759,16.34
1-Dec-11,12.175,14.926,12.589,13.926,15.088,13.178,14.507,11.584,13.586,16.589,12.836,12.175,14.178,17.181,14.674,18.504,12.17,14.173,16.173,19.175,12.921,14.921,16.923,19.923,13.841,15.841,17.844,20.847,14.507,16.51,18.51,21.512,11.756,16.337
2-Dec-11,12.173,14.923,12.586,13.923,15.085,13.175,14.504,11.581,13.584,16.586,12.833,12.173,14.175,17.178,14.671,18.501,12.167,14.17,16.17,19.173,12.918,14.918,16.921,19.921,13.838,15.838,17.841,20.844,14.504,16.507,18.507,21.51,11.753,16.334
3-Dec-11,12.17,14.921,12.584,13.921,15.082,13.173,14.501,11.578,13.581,16.584,12.83,12.17,14.173,17.175,14.668,18.499,12.164,14.167,16.167,19.17,12.915,14.915,16.918,19.918,13.836,15.836,17.838,20.841,14.501,16.504,18.504,21.507,11.751,16.332
4-Dec-11,12.167,14.918,12.581,13.918,15.079,13.17,14.499,11.575,13.578,16.581,12.827,12.167,14.17,17.173,14.666,18.496,12.162,14.164,16.164,19.167,12.912,14.912,16.915,19.915,13.833,15.833,17.836,20.838,14.499,16.501,18.501,21.504,11.748,16.329
5-Dec-11,12.164,14.915,12.578,13.915,15.077,13.167,14.496,11.573,13.575,16.578,12.825,12.164,14.167,17.17,14.663,18.493,12.159,14.162,16.162,19.164,12.91,14.91,16.912,19.912,13.83,15.83,17.833,20.836,14.496,16.499,18.499,21.501,11.745,16.326
6-Dec-11,12.162,14.912,12.575,13.912,15.074,13.164,14.493,11.57,13.573,16.575,12.822,12.162,14.164,17.167,14.66,18.49,12.156,14.159,16.159,19.162,12.907,14.907,16.91,19.91,13.827,15.827,17.83,20.833,14.493,16.496,18.496,21.499,11.742,16.323
7-Dec-11,12.159,14.91,12.573,13.91,15.071,13.162,14.49,11.567,13.57,16.573,12.819,12.159,14.162,17.164,14.658,18.488,12.153,14.156,16.156,19.159,12.904,14.904,16.907,19.907,13.825,15.825,17.827,20.83,14.49,16.493,18.493,21.496,11.74,16.321
8-Dec-11,12.156,14.907,12.57,13.907,15.068,13.159,14.488,11.564,13.567,16.57,12.816,12.156,14.159,17.162,14.655,18.485,12.151,14.153,16.153,19.156,12.901,14.901,16.904,19.904,13.822,15.822,17.825,20.827,14.488,16.49,18.49,21.493,11.737,16.318
9-Dec-11,12.153,14.904,12.567,13.904,15.066,13.156,14.485,11.562,13.564,16.567,12.814,12.153,14.156,17.159,14.652,18.482,12.148,14.151,16.151,19.153,12.899,14.899,16.901,19.901,13.819,15.819,17.822,20.825,14.485,16.488,18.488,21.49,11.734,16.315
10-Dec-11,12.151,14.901,12.564,13.901,15.063,13.153,14.482,11.559,13.562,16.564,12.811,12.151,14.153,17.156,14.649,18.479,12.145,14.148,16.148,19.151,12.896,14.896,16.899,19.899,13.816,15.816,17.819,20.822,14.482,16.485,18.485,21.488,11.732,16.312
11-Dec-11,12.148,14.899,12.562,13.899,15.06,13.151,14.479,11.556,13.559,16.562,12.808,12.148,14.151,17.153,14.647,18.477,12.142,14.145,16.145,19.148,12.893,14.893,16.896,19.896,13.814,15.814,17.816,20.819,14.479,16.482,18.482,21.485,11.729,16.31
12-Dec-11,12.145,14.896,12.559,13.896,15.058,13.148,14.477,11.553,13.556,16.559,12.805,12.145,14.148,17.151,14.644,18.474,12.14,14.142,16.142,19.145,12.89,14.89,16.893,19.893,13.811,15.811,17.814,20.816,14.477,16.479,18.479,21.482,11.726,16.307
13-Dec-11,12.142,14.893,12.556,13.893,15.055,13.145,14.474,11.551,13.553,16.556,12.803,12.142,14.145,17.148,14.641,18.471,12.137,14.14,16.14,19.142,12.888,14.888,16.89,19.89,13.808,15.808,17.811,20.814,14.474,16.477,18.477,21.479,11.723,16.304
14-Dec-11,12.14,14.89,12.553,13.89,15.052,13.142,14.471,11.548,13.551,16.553,12.8,12.14,14.142,17.145,14.638,18.468,12.134,14.137,16.137,19.14,12.885,14.885,16.888,19.888,13.805,15.805,17.808,20.811,14.471,16.474,18.474,21.477,11.721,16.301
15-Dec-11,12.137,14.888,12.551,13.888,15.049,13.14,14.468,11.545,13.548,16.551,12.797,12.137,14.14,17.142,14.636,18.466,12.132,14.134,16.134,19.137,12.882,14.882,16.885,19.885,13.803,15.803,17.805,20.808,14.468,16.471,18.471,21.474,11.718,16.299
16-Dec-11,12.134,14.885,12.548,13.885,15.047,13.137,14.466,11.542,13.545,16.548,12.795,12.134,14.137,17.14,14.633,18.463,12.129,14.132,16.132,19.134,12.879,14.879,16.882,19.882,13.8,15.8,17.803,20.805,14.466,16.468,18.468,21.471,11.715,16.296
17-Dec-11,12.132,14.882,12.545,13.882,15.044,13.134,14.463,11.54,13.542,16.545,12.792,12.132,14.134,17.137,14.63,18.46,12.126,14.129,16.129,19.132,12.877,14.877,16.879,19.879,13.797,15.797,17.8,20.803,14.463,16.466,18.466,21.468,11.712,16.293
18-Dec-11,12.129,14.879,12.542,13.879,15.041,13.132,14.46,11.537,13.54,16.542,12.789,12.129,14.132,17.134,14.627,18.458,12.123,14.126,16.126,19.129,12.874,14.874,16.877,19.877,13.795,15.795,17.797,20.8,14.46,16.463,18.463,21.466,11.71,16.29
19-Dec-11,12.126,14.877,12.54,13.877,15.038,13.129,14.458,11.534,13.537,16.54,12.786,12.126,14.129,17.132,14.625,18.455,12.121,14.123,16.123,19.126,12.871,14.871,16.874,19.874,13.792,15.792,17.795,20.797,14.458,16.46,18.46,21.463,11.707,16.288
20-Dec-11,12.123,14.874,12.537,13.874,15.036,13.126,14.455,11.532,13.534,16.537,12.784,12.123,14.126,17.129,14.622,18.452,12.118,14.121,16.121,19.123,12.868,14.868,16.871,19.871,13.789,15.789,17.792,20.795,14.455,16.458,18.458,21.46,11.704,16.285
21-Dec-11,12.121,14.871,12.534,13.871,15.033,13.123,14.452,11.529,13.532,16.534,12.781,12.121,14.123,17.126,14.619,18.449,12.115,14.118,16.118,19.121,12.866,14.866,16.868,19.868,13.786,15.786,17.789,20.792,14.452,16.455,18.455,21.458,11.701,16.282
22-Dec-11,12.118,14.868,12.532,13.868,15.03,13.121,14.449,11.526,13.529,16.532,12.778,12.118,14.121,17.123,14.616,18.447,12.112,14.115,16.115,19.118,12.863,14.863,16.866,19.866,13.784,15.784,17.786,20.789,14.449,16.452,18.452,21.455,11.699,16.279
23-Dec-11,12.115,14.866,12.529,13.866,15.027,13.118,14.447,11.523,13.526,16.529,12.775,12.115,14.118,17.121,14.614,18.444,12.11,14.112,16.112,19.115,12.86,14.86,16.863,19.863,13.781,15.781,17.784,20.786,14.447,16.449,18.449,21.452,11.696,16.277
24-Dec-11,12.112,14.863,12.526,13.863,15.025,13.115,14.444,11.521,13.523,16.526,12.773,12.112,14.115,17.118,14.611,18.441,12.107,14.11,16.11,19.112,12.858,14.858,16.86,19.86,13.778,15.778,17.781,20.784,14.444,16.447,18.447,21.449,11.693,16.274
25-Dec-11,12.11,14.86,12.523,13.86,15.022,13.112,14.441,11.518,13.521,16.523,12.77,12.11,14.112,17.115,14.608,18.438,12.104,14.107,16.107,19.11,12.855,14.855,16.858,19.858,13.775,15.775,17.778,20.781,14.441,16.444,18.444,21.447,11.69,16.271
26-Dec-11,12.107,14.858,12.521,13.858,15.019,13.11,14.438,11.515,13.518,16.521,12.767,12.107,14.11,17.112,14.605,18.436,12.101,14.104,16.104,19.107,12.852,14.852,16.855,19.855,13.773,15.773,17.775,20.778,14.438,16.441,18.441,21.444,11.688,16.268
27-Dec-11,12.104,14.855,12.518,13.855,15.016,13.107,14.436,11.512,13.515,16.518,12.764,12.104,14.107,17.11,14.603,18.433,12.099,14.101,16.101,19.104,12.849,14.849,16.852,19.852,13.77,15.77,17.773,20.775,14.436,16.438,18.438,21.441,11.685,16.266
28-Dec-11,12.101,14.852,12.515,13.852,15.014,13.104,14.433,11.51,13.512,16.515,12.762,12.101,14.104,17.107,14.6,18.43,12.096,14.099,16.099,19.101,12.847,14.847,16.849,19.849,13.767,15.767,17.77,20.773,14.433,16.436,18.436,21.438,11.682,16.263
29-Dec-11,12.099,14.849,12.512,13.849,15.011,13.101,14.43,11.507,13.51,16.512,12.759,12.099,14.101,17.104,14.597,18.427,12.093,14.096,16.096,19.099,12.844,14.844,16.847,19.847,13.764,15.764,17.767,20.77,14.43,16.433,18.433,21.436,11.679,16.26
30-Dec-11,12.096,14.847,12.51,13.847,15.008,13.099,14.427,11.504,13.507,16.51,12.756,12.096,14.099,17.101,14.595,18.425,12.09,14.093,16.093,19.096,12.841,14.841,16.844,19.844,13.762,15.762,17.764,20.767,14.427,16.43,18.43,21.433,11.677,16.258
31-Dec-11,12.093,14.844,12.507,13.844,15.005,13.096,14.425,11.501,13.504,16.507,12.753,12.093,14.096,17.099,14.592,18.422,12.088,14.09,16.09,19.093,12.838,14.838,16.841,19.841,13.759,15.759,17.762,20.764,14.425,16.427,18.427,21.43,11.674,16.255
1-Jan-12,12.09,14.841,12.504,13.841,15.003,13.093,14.422,11.499,13.501,16.504,12.751,12.09,14.093,17.096,14.589,18.419,12.085,14.088,16.088,19.09,12.836,14.836,16.838,19.838,13.756,15.756,17.759,20.762,14.422,16.425,18.425,21.427,11.671,16.252
2-Jan-12,12.088,14.838,12.501,13.838,15,13.09,14.419,11.496,13.499,16.501,12.748,12.088,14.09,17.093,14.586,18.416,12.082,14.085,16.085,19.088,12.833,14.833,16.836,19.836,13.753,15.753,17.756,20.759,14.419,16.422,18.422,21.425,11.668,16.249
3-Jan-12,12.085,14.836,12.499,13.836,14.997,13.088,14.416,11.493,13.496,16.499,12.745,12.085,14.088,17.09,14.584,18.414,12.079,14.082,16.082,19.085,12.83,14.83,16.833,19.833,13.751,15.751,17.753,20.756,14.416,16.419,18.419,21.422,11.666,16.247
4-Jan-12,12.082,14.833,12.496,13.833,14.995,13.085,14.414,11.49,13.493,16.496,12.742,12.082,14.085,17.088,14.581,18.411,12.077,14.079,16.079,19.082,12.827,14.827,16.83,19.83,13.748,15.748,17.751,20.753,14.414,16.416,18.416,21.419,11.663,16.244
5-Jan-12,12.079,14.83,12.493,13.83,14.992,13.082,14.411,11.488,13.49,16.493,12.74,12.079,14.082,17.085,14.578,18.408,12.074,14.077,16.077,19.079,12.825,14.825,16.827,19.827,13.745,15.745,17.748,20.751,14.411,16.414,18.414,21.416,11.66,16.241
6-Jan-12,12.077,14.827,12.49,13.827,14.989,13.079,14.408,11.485,13.488,16.49,12.737,12.077,14.079,17.082,14.575,18.405,12.071,14.074,16.074,19.077,12.822,14.822,16.825,19.825,13.742,15.742,17.745,20.748,14.408,16.411,18.411,21.414,11.658,16.238
7-Jan-12,12.074,14.825,12.488,13.825,14.986,13.077,14.405,11.482,13.485,16.488,12.734,12.074,14.077,17.079,14.573,18.403,12.068,14.071,16.071,19.074,12.819,14.819,16.822,19.822,13.74,15.74,17.742,20.745,14.405,16.408,18.408,21.411,11.655,16.236
8-Jan-12,12.071,14.822,12.485,13.822,14.984,13.074,14.403,11.479,13.482,16.485,12.732,12.071,14.074,17.077,14.57,18.4,12.066,14.068,16.068,19.071,12.816,14.816,16.819,19.819,13.737,15.737,17.74,20.742,14.403,16.405,18.405,21.408,11.652,16.233
9-Jan-12,12.068,14.819,12.482,13.819,14.981,13.071,14.4,11.477,13.479,16.482,12.729,12.068,14.071,17.074,14.567,18.397,12.063,14.066,16.066,19.068,12.814,14.814,16.816,19.816,13.734,15.734,17.737,20.74,14.4,16.403,18.403,21.405,11.649,16.23
10-Jan-12,12.066,14.816,12.479,13.816,14.978,13.068,14.397,11.474,13.477,16.479,12.726,12.066,14.068,17.071,14.564,18.395,12.06,14.063,16.063,19.066,12.811,14.811,16.814,19.814,13.732,15.732,17.734,20.737,14.397,16.4,18.4,21.403,11.647,16.227
11-Jan-12,12.063,14.814,12.477,13.814,14.975,13.066,14.395,11.471,13.474,16.477,12.723,12.063,14.066,17.068,14.562,18.392,12.058,14.06,16.06,19.063,12.808,14.808,16.811,19.811,13.729,15.729,17.732,20.734,14.395,16.397,18.397,21.4,11.644,16.225
12-Jan-12,12.06,14.811,12.474,13.811,14.973,13.063,14.392,11.468,13.471,16.474,12.721,12.06,14.063,17.066,14.559,18.389,12.055,14.058,16.058,19.06,12.805,14.805,16.808,19.808,13.726,15.726,17.729,20.732,14.392,16.395,18.395,21.397,11.641,16.222
13-Jan-12,12.058,14.808,12.471,13.808,14.97,13.06,14.389,11.466,13.468,16.471,12.718,12.058,14.06,17.063,14.556,18.386,12.052,14.055,16.055,19.058,12.803,14.803,16.805,19.805,13.723,15.723,17.726,20.729,14.389,16.392,18.392,21.395,11.638,16.219
14-Jan-12,12.055,14.805,12.468,13.805,14.967,13.058,14.386,11.463,13.466,16.468,12.715,12.055,14.058,17.06,14.553,18.384,12.049,14.052,16.052,19.055,12.8,14.8,16.803,19.803,13.721,15.721,17.723,20.726,14.386,16.389,18.389,21.392,11.636,16.216
15-Jan-12,12.052,14.803,12.466,13.803,14.964,13.055,14.384,11.46,13.463,16.466,12.712,12.052,14.055,17.058,14.551,18.381,12.047,14.049,16.049,19.052,12.797,14.797,16.8,19.8,13.718,15.718,17.721,20.723,14.384,16.386,18.386,21.389,11.633,16.214
16-Jan-12,12.049,14.8,12.463,13.8,14.962,13.052,14.381,11.458,13.46,16.463,12.71,12.049,14.052,17.055,14.548,18.378,12.044,14.047,16.047,19.049,12.795,14.795,16.797,19.797,13.715,15.715,17.718,20.721,14.381,16.384,18.384,21.386,11.63,16.211
17-Jan-12,12.047,14.797,12.46,13.797,14.959,13.049,14.378,11.455,13.458,16.46,12.707,12.047,14.049,17.052,14.545,18.375,12.041,14.044,16.044,19.047,12.792,14.792,16.795,19.795,13.712,15.712,17.715,20.718,14.378,16.381,18.381,21.384,11.627,16.208
18-Jan-12,12.044,14.795,12.458,13.795,14.956,13.047,14.375,11.452,13.455,16.458,12.704,12.044,14.047,17.049,14.542,18.373,12.038,14.041,16.041,19.044,12.789,14.789,16.792,19.792,13.71,15.71,17.712,20.715,14.375,16.378,18.378,21.381,11.625,16.205
19-Jan-12,12.041,14.792,12.455,13.792,14.953,13.044,14.373,11.449,13.452,16.455,12.701,12.041,14.044,17.047,14.54,18.37,12.036,14.038,16.038,19.041,12.786,14.786,16.789,19.789,13.707,15.707,17.71,20.712,14.373,16.375,18.375,21.378,11.622,16.203
20-Jan-12,12.038,14.789,12.452,13.789,14.951,13.041,14.37,11.447,13.449,16.452,12.699,12.038,14.041,17.044,14.537,18.367,12.033,14.036,16.036,19.038,12.784,14.784,16.786,19.786,13.704,15.704,17.707,20.71,14.37,16.373,18.373,21.375,11.619,16.2
21-Jan-12,12.036,14.786,12.449,13.786,14.948,13.038,14.367,11.444,13.447,16.449,12.696,12.036,14.038,17.041,14.534,18.364,12.03,14.033,16.033,19.036,12.781,14.781,16.784,19.784,13.701,15.701,17.704,20.707,14.367,16.37,18.37,21.373,11.616,16.197
22-Jan-12,12.033,14.784,12.447,13.784,14.945,13.036,14.364,11.441,13.444,16.447,12.693,12.033,14.036,17.038,14.532,18.362,12.027,14.03,16.03,19.033,12.778,14.778,16.781,19.781,13.699,15.699,17.701,20.704,14.364,16.367,18.367,21.37,11.614,16.195
23-Jan-12,12.03,14.781,12.444,13.781,14.942,13.033,14.362,11.438,13.441,16.444,12.69,12.03,14.033,17.036,14.529,18.359,12.025,14.027,16.027,19.03,12.775,14.775,16.778,19.778,13.696,15.696,17.699,20.701,14.362,16.364,18.364,21.367,11.611,16.192
24-Jan-12,12.027,14.778,12.441,13.778,14.94,13.03,14.359,11.436,13.438,16.441,12.688,12.027,14.03,17.033,14.526,18.356,12.022,14.025,16.025,19.027,12.773,14.773,16.775,19.775,13.693,15.693,17.696,20.699,14.359,16.362,18.362,21.364,11.608,16.189
25-Jan-12,12.025,14.775,12.438,13.775,14.937,13.027,14.356,11.433,13.436,16.438,12.685,12.025,14.027,17.03,14.523,18.353,12.019,14.022,16.022,19.025,12.77,14.77,16.773,19.773,13.69,15.69,17.693,20.696,14.356,16.359,18.359,21.362,11.605,16.186
26-Jan-12,12.022,14.773,12.436,13.773,14.934,13.025,14.353,11.43,13.433,16.436,12.682,12.022,14.025,17.027,14.521,18.351,12.016,14.019,16.019,19.022,12.767,14.767,16.77,19.77,13.688,15.688,17.69,20.693,14.353,16.356,18.356,21.359,11.603,16.184
27-Jan-12,12.019,14.77,12.433,13.77,14.932,13.022,14.351,11.427,13.43,16.433,12.679,12.019,14.022,17.025,14.518,18.348,12.014,14.016,16.016,19.019,12.764,14.764,16.767,19.767,13.685,15.685,17.688,20.69,14.351,16.353,18.353,21.356,11.6,16.181
28-Jan-12,12.016,14.767,12.43,13.767,14.929,13.019,14.348,11.425,13.427,16.43,12.677,12.016,14.019,17.022,14.515,18.345,12.011,14.014,16.014,19.016,12.762,14.762,16.764,19.764,13.682,15.682,17.685,20.688,14.348,16.351,18.351,21.353,11.597,16.178
29-Jan-12,12.014,14.764,12.427,13.764,14.926,13.016,14.345,11.422,13.425,16.427,12.674,12.014,14.016,17.019,14.512,18.342,12.008,14.011,16.011,19.014,12.759,14.759,16.762,19.762,13.679,15.679,17.682,20.685,14.345,16.348,18.348,21.351,11.595,16.175
30-Jan-12,12.011,14.762,12.425,13.762,14.923,13.014,14.342,11.419,13.422,16.425,12.671,12.011,14.014,17.016,14.51,18.34,12.005,14.008,16.008,19.011,12.756,14.756,16.759,19.759,13.677,15.677,17.679,20.682,14.342,16.345,18.345,21.348,11.592,16.173
31-Jan-12,12.008,14.759,12.422,13.759,14.921,13.011,14.34,11.416,13.419,16.422,12.668,12.008,14.011,17.014,14.507,18.337,12.003,14.005,16.005,19.008,12.753,14.753,16.756,19.756,13.674,15.674,17.677,20.679,14.34,16.342,18.342,21.345,11.589,16.17
1-Feb-12,12.005,14.756,12.419,13.756,14.918,13.008,14.337,11.414,13.416,16.419,12.666,12.005,14.008,17.011,14.504,18.334,12,14.003,16.003,19.005,12.751,14.751,16.753,19.753,13.671,15.671,17.674,20.677,14.337,16.34,18.34,21.342,11.586,16.167
2-Feb-12,12.003,14.753,12.416,13.753,14.915,13.005,14.334,11.411,13.414,16.416,12.663,12.003,14.005,17.008,14.501,18.332,11.997,14,16,19.003,12.748,14.748,16.751,19.751,13.668,15.668,17.671,20.674,14.334,16.337,18.337,21.34,11.584,16.164
3-Feb-12,12,14.751,12.414,13.751,14.912,13.003,14.332,11.408,13.411,16.414,12.66,12,14.003,17.005,14.499,18.329,11.995,13.997,15.997,19,12.745,14.745,16.748,19.748,13.666,15.666,17.668,20.671,14.332,16.334,18.334,21.337,11.581,16.162
4-Feb-12,11.997,14.748,12.411,13.748,14.91,13,14.329,11.405,13.408,16.411,12.658,11.997,14,17.003,14.496,18.326,11.992,13.995,15.995,18.997,12.742,14.742,16.745,19.745,13.663,15.663,17.666,20.668,14.329,16.332,18.332,21.334,11.578,16.159
5-Feb-12,11.995,14.745,12.408,13.745,14.907,12.997,14.326,11.403,13.405,16.408,12.655,11.995,13.997,17,14.493,18.323,11.989,13.992,15.992,18.995,12.74,14.74,16.742,19.742,13.66,15.66,17.663,20.666,14.326,16.329,18.329,21.332,11.575,16.156
6-Feb-12,11.992,14.742,12.405,13.742,14.904,12.995,14.323,11.4,13.403,16.405,12.652,11.992,13.995,16.997,14.49,18.321,11.986,13.989,15.989,18.992,12.737,14.737,16.74,19.74,13.658,15.658,17.66,20.663,14.323,16.326,18.326,21.329,11.573,16.153
7-Feb-12,11.989,14.74,12.403,13.74,14.901,12.992,14.321,11.397,13.4,16.403,12.649,11.989,13.992,16.995,14.488,18.318,11.984,13.986,15.986,18.989,12.734,14.734,16.737,19.737,13.655,15.655,17.658,20.66,14.321,16.323,18.323,21.326,11.57,16.151
8-Feb-12,11.986,14.737,12.4,13.737,14.899,12.989,14.318,11.395,13.397,16.4,12.647,11.986,13.989,16.992,14.485,18.315,11.981,13.984,15.984,18.986,12.732,14.732,16.734,19.734,13.652,15.652,17.655,20.658,14.318,16.321,18.321,21.323,11.567,16.148
9-Feb-12,11.984,14.734,12.397,13.734,14.896,12.986,14.315,11.392,13.395,16.397,12.644,11.984,13.986,16.989,14.482,18.312,11.978,13.981,15.981,18.984,12.729,14.729,16.732,19.732,13.649,15.649,17.652,20.655,14.315,16.318,18.318,21.321,11.564,16.145
10-Feb-12,11.981,14.732,12.395,13.732,14.893,12.984,14.312,11.389,13.392,16.395,12.641,11.981,13.984,16.986,14.479,18.31,11.975,13.978,15.978,18.981,12.726,14.726,16.729,19.729,13.647,15.647,17.649,20.652,14.312,16.315,18.315,21.318,11.562,16.142
11-Feb-12,11.978,14.729,12.392,13.729,14.89,12.981,14.31,11.386,13.389,16.392,12.638,11.978,13.981,16.984,14.477,18.307,11.973,13.975,15.975,18.978,12.723,14.723,16.726,19.726,13.644,15.644,17.647,20.649,14.31,16.312,18.312,21.315,11.559,16.14
12-Feb-12,11.975,14.726,12.389,13.726,14.888,12.978,14.307,11.384,13.386,16.389,12.636,11.975,13.978,16.981,14.474,18.304,11.97,13.973,15.973,18.975,12.721,14.721,16.723,19.723,13.641,15.641,17.644,20.647,14.307,16.31,18.31,21.312,11.556,16.137
13-Feb-12,11.973,14.723,12.386,13.723,14.885,12.975,14.304,11.381,13.384,16.386,12.633,11.973,13.975,16.978,14.471,18.301,11.967,13.97,15.97,18.973,12.718,14.718,16.721,19.721,13.638,15.638,17.641,20.644,14.304,16.307,18.307,21.31,11.553,16.134
14-Feb-12,11.97,14.721,12.384,13.721,14.882,12.973,14.301,11.378,13.381,16.384,12.63,11.97,13.973,16.975,14.468,18.299,11.964,13.967,15.967,18.97,12.715,14.715,16.718,19.718,13.636,15.636,17.638,20.641,14.301,16.304,18.304,21.307,11.551,16.132
15-Feb-12,11.967,14.718,12.381,13.718,14.879,12.97,14.299,11.375,13.378,16.381,12.627,11.967,13.97,16.973,14.466,18.296,11.962,13.964,15.964,18.967,12.712,14.712,16.715,19.715,13.633,15.633,17.636,20.638,14.299,16.301,18.301,21.304,11.548,16.129
16-Feb-12,11.964,14.715,12.378,13.715,14.877,12.967,14.296,11.373,13.375,16.378,12.625,11.964,13.967,16.97,14.463,18.293,11.959,13.962,15.962,18.964,12.71,14.71,16.712,19.712,13.63,15.63,17.633,20.636,14.296,16.299,18.299,21.301,11.545,16.126
17-Feb-12,11.962,14.712,12.375,13.712,14.874,12.964,14.293,11.37,13.373,16.375,12.622,11.962,13.964,16.967,14.46,18.29,11.956,13.959,15.959,18.962,12.707,14.707,16.71,19.71,13.627,15.627,17.63,20.633,14.293,16.296,18.296,21.299,11.542,16.123
18-Feb-12,11.959,14.71,12.373,13.71,14.871,12.962,14.29,11.367,13.37,16.373,12.619,11.959,13.962,16.964,14.458,18.288,11.953,13.956,15.956,18.959,12.704,14.704,16.707,19.707,13.625,15.625,17.627,20.63,14.29,16.293,18.293,21.296,11.54,16.121
19-Feb-12,11.956,14.707,12.37,13.707,14.868,12.959,14.288,11.364,13.367,16.37,12.616,11.956,13.959,16.962,14.455,18.285,11.951,13.953,15.953,18.956,12.701,14.701,16.704,19.704,13.622,15.622,17.625,20.627,14.288,16.29,18.29,21.293,11.537,16.118
20-Feb-12,11.953,14.704,12.367,13.704,14.866,12.956,14.285,11.362,13.364,16.367,12.614,11.953,13.956,16.959,14.452,18.282,11.948,13.951,15.951,18.953,12.699,14.699,16.701,19.701,13.619,15.619,17.622,20.625,14.285,16.288,18.288,21.29,11.534,16.115
21-Feb-12,11.951,14.701,12.364,13.701,14.863,12.953,14.282,11.359,13.362,16.364,12.611,11.951,13.953,16.956,14.449,18.279,11.945,13.948,15.948,18.951,12.696,14.696,16.699,19.699,13.616,15.616,17.619,20.622,14.282,16.285,18.285,21.288,11.532,16.112
22-Feb-12,11.948,14.699,12.362,13.699,14.86,12.951,14.279,11.356,13.359,16.362,12.608,11.948,13.951,16.953,14.447,18.277,11.942,13.945,15.945,18.948,12.693,14.693,16.696,19.696,13.614,15.614,17.616,20.619,14.279,16.282,18.282,21.285,11.529,16.11
23-Feb-12,11.945,14.696,12.359,13.696,14.858,12.948,14.277,11.353,13.356,16.359,12.605,11.945,13.948,16.951,14.444,18.274,11.94,13.942,15.942,18.945,12.69,14.69,16.693,19.693,13.611,15.611,17.614,20.616,14.277,16.279,18.279,21.282,11.526,16.107
24-Feb-12,11.942,14.693,12.356,13.693,14.855,12.945,14.274,11.351,13.353,16.356,12.603,11.942,13.945,16.948,14.441,18.271,11.937,13.94,15.94,18.942,12.688,14.688,16.69,19.69,13.608,15.608,17.611,20.614,14.274,16.277,18.277,21.279,11.523,16.104
25-Feb-12,11.94,14.69,12.353,13.69,14.852,12.942,14.271,11.348,13.351,16.353,12.6,11.94,13.942,16.945,14.438,18.268,11.934,13.937,15.937,18.94,12.685,14.685,16.688,19.688,13.605,15.605,17.608,20.611,14.271,16.274,18.274,21.277,11.521,16.101
26-Feb-12,11.937,14.688,12.351,13.688,14.849,12.94,14.268,11.345,13.348,16.351,12.597,11.937,13.94,16.942,14.436,18.266,11.932,13.934,15.934,18.937,12.682,14.682,16.685,19.685,13.603,15.603,17.605,20.608,14.268,16.271,18.271,21.274,11.518,16.099
27-Feb-12,11.934,14.685,12.348,13.685,14.847,12.937,14.266,11.342,13.345,16.348,12.595,11.934,13.937,16.94,14.433,18.263,11.929,13.932,15.932,18.934,12.679,14.679,16.682,19.682,13.6,15.6,17.603,20.605,14.266,16.268,18.268,21.271,11.515,16.096
28-Feb-12,11.932,14.682,12.345,13.682,14.844,12.934,14.263,11.34,13.342,16.345,12.592,11.932,13.934,16.937,14.43,18.26,11.926,13.929,15.929,18.932,12.677,14.677,16.679,19.679,13.597,15.597,17.6,20.603,14.263,16.266,18.266,21.268,11.512,16.093
29-Feb-12,11.929,14.679,12.342,13.679,14.841,12.932,14.26,11.337,13.34,16.342,12.589,11.929,13.932,16.934,14.427,18.258,11.923,13.926,15.926,18.929,12.674,14.674,16.677,19.677,13.595,15.595,17.597,20.6,14.26,16.263,18.263,21.266,11.51,16.09
1-Mar-12,11.926,14.677,12.34,13.677,14.838,12.929,14.258,11.334,13.337,16.34,12.586,11.926,13.929,16.932,14.425,18.255,11.921,13.923,15.923,18.926,12.671,14.671,16.674,19.674,13.592,15.592,17.595,20.597,14.258,16.26,18.26,21.263,11.507,16.088
2-Mar-12,11.923,14.674,12.337,13.674,14.836,12.926,14.255,11.332,13.334,16.337,12.584,11.923,13.926,16.929,14.422,18.252,11.918,13.921,15.921,18.923,12.668,14.668,16.671,19.671,13.589,15.589,17.592,20.595,14.255,16.258,18.258,21.26,11.504,16.085
3-Mar-12,11.921,14.671,12.334,13.671,14.833,12.923,14.252,11.329,13.332,16.334,12.581,11.921,13.923,16.926,14.419,18.249,11.915,13.918,15.918,18.921,12.666,14.666,16.668,19.668,13.586,15.586,17.589,20.592,14.252,16.255,18.255,21.258,11.501,16.082
4-Mar-12,11.918,14.668,12.332,13.668,14.83,12.921,14.249,11.326,13.329,16.332,12.578,11.918,13.921,16.923,14.416,18.247,11.912,13.915,15.915,18.918,12.663,14.663,16.666,19.666,13.584,15.584,17.586,20.589,14.249,16.252,18.252,21.255,11.499,16.079
5-Mar-12,11.915,14.666,12.329,13.666,14.827,12.918,14.247,11.323,13.326,16.329,12.575,11.915,13.918,16.921,14.414,18.244,11.91,13.912,15.912,18.915,12.66,14.66,16.663,19.663,13.581,15.581,17.584,20.586,14.247,16.249,18.249,21.252,11.496,16.077
6-Mar-12,11.912,14.663,12.326,13.663,14.825,12.915,14.244,11.321,13.323,16.326,12.573,11.912,13.915,16.918,14.411,18.241,11.907,13.91,15.91,18.912,12.658,14.658,16.66,19.66,13.578,15.578,17.581,20.584,14.244,16.247,18.247,21.249,11.493,16.074
7-Mar-12,11.91,14.66,12.323,13.66,14.822,12.912,14.241,11.318,13.321,16.323,12.57,11.91,13.912,16.915,14.408,18.238,11.904,13.907,15.907,18.91,12.655,14.655,16.658,19.658,13.575,15.575,17.578,20.581,14.241,16.244,18.244,21.247,11.49,16.071
8-Mar-12,11.907,14.658,12.321,13.658,14.819,12.91,14.238,11.315,13.318,16.321,12.567,11.907,13.91,16.912,14.405,18.236,11.901,13.904,15.904,18.907,12.652,14.652,16.655,19.655,13.573,15.573,17.575,20.578,14.238,16.241,18.241,21.244,11.488,16.068
9-Mar-12,11.904,14.655,12.318,13.655,14.816,12.907,14.236,11.312,13.315,16.318,12.564,11.904,13.907,16.91,14.403,18.233,11.899,13.901,15.901,18.904,12.649,14.649,16.652,19.652,13.57,15.57,17.573,20.575,14.236,16.238,18.238,21.241,11.485,16.066
10-Mar-12,11.901,14.652,12.315,13.652,14.814,12.904,14.233,11.31,13.312,16.315,12.562,11.901,13.904,16.907,14.4,18.23,11.896,13.899,15.899,18.901,12.647,14.647,16.649,19.649,13.567,15.567,17.57,20.573,14.233,16.236,18.236,21.238,11.482,16.063
11-Mar-12,11.899,14.649,12.312,13.649,14.811,12.901,14.23,11.307,13.31,16.312,12.559,11.899,13.901,16.904,14.397,18.227,11.893,13.896,15.896,18.899,12.644,14.644,16.647,19.647,13.564,15.564,17.567,20.57,14.23,16.233,18.233,21.236,11.479,16.06
12-Mar-12,11.896,14.647,12.31,13.647,14.808,12.899,14.227,11.304,13.307,16.31,12.556,11.896,13.899,16.901,14.395,18.225,11.89,13.893,15.893,18.896,12.641,14.641,16.644,19.644,13.562,15.562,17.564,20.567,14.227,16.23,18.23,21.233,11.477,16.058
13-Mar-12,11.893,14.644,12.307,13.644,14.805,12.896,14.225,11.301,13.304,16.307,12.553,11.893,13.896,16.899,14.392,18.222,11.888,13.89,15.89,18.893,12.638,14.638,16.641,19.641,13.559,15.559,17.562,20.564,14.225,16.227,18.227,21.23,11.474,16.055
14-Mar-12,11.89,14.641,12.304,13.641,14.803,12.893,14.222,11.299,13.301,16.304,12.551,11.89,13.893,16.896,14.389,18.219,11.885,13.888,15.888,18.89,12.636,14.636,16.638,19.638,13.556,15.556,17.559,20.562,14.222,16.225,18.225,21.227,11.471,16.052
15-Mar-12,11.888,14.638,12.301,13.638,14.8,12.89,14.219,11.296,13.299,16.301,12.548,11.888,13.89,16.893,14.386,18.216,11.882,13.885,15.885,18.888,12.633,14.633,16.636,19.636,13.553,15.553,17.556,20.559,14.219,16.222,18.222,21.225,11.468,16.049
16-Mar-12,11.885,14.636,12.299,13.636,14.797,12.888,14.216,11.293,13.296,16.299,12.545,11.885,13.888,16.89,14.384,18.214,11.879,13.882,15.882,18.885,12.63,14.63,16.633,19.633,13.551,15.551,17.553,20.556,14.216,16.219,18.219,21.222,11.466,16.047
17-Mar-12,11.882,14.633,12.296,13.633,14.795,12.885,14.214,11.29,13.293,16.296,12.542,11.882,13.885,16.888,14.381,18.211,11.877,13.879,15.879,18.882,12.627,14.627,16.63,19.63,13.548,15.548,17.551,20.553,14.214,16.216,18.216,21.219,11.463,16.044
18-Mar-12,11.879,14.63,12.293,13.63,14.792,12.882,14.211,11.288,13.29,16.293,12.54,11.879,13.882,16.885,14.378,18.208,11.874,13.877,15.877,18.879,12.625,14.625,16.627,19.627,13.545,15.545,17.548,20.551,14.211,16.214,18.214,21.216,11.46,16.041
19-Mar-12,11.877,14.627,12.29,13.627,14.789,12.879,14.208,11.285,13.288,16.29,12.537,11.877,13.879,16.882,14.375,18.205,11.871,13.874,15.874,18.877,12.622,14.622,16.625,19.625,13.542,15.542,17.545,20.548,14.208,16.211,18.211,21.214,11.458,16.038
20-Mar-12,11.874,14.625,12.288,13.625,14.786,12.877,14.205,11.282,13.285,16.288,12.534,11.874,13.877,16.879,14.373,18.203,11.868,13.871,15.871,18.874,12.619,14.619,16.622,19.622,13.54,15.54,17.542,20.545,14.205,16.208,18.208,21.211,11.455,16.036
21-Mar-12,11.871,14.622,12.285,13.622,14.784,12.874,14.203,11.279,13.282,16.285,12.532,11.871,13.874,16.877,14.37,18.2,11.866,13.868,15.868,18.871,12.616,14.616,16.619,19.619,13.537,15.537,17.54,20.542,14.203,16.205,18.205,21.208,11.452,16.033
22-Mar-12,11.868,14.619,12.282,13.619,14.781,12.871,14.2,11.277,13.279,16.282,12.529,11.868,13.871,16.874,14.367,18.197,11.863,13.866,15.866,18.868,12.614,14.614,16.616,19.616,13.534,15.534,17.537,20.54,14.2,16.203,18.203,21.205,11.449,16.03
23-Mar-12,11.866,14.616,12.279,13.616,14.778,12.868,14.197,11.274,13.277,16.279,12.526,11.866,13.868,16.871,14.364,18.195,11.86,13.863,15.863,18.866,12.611,14.611,16.614,19.614,13.532,15.532,17.534,20.537,14.197,16.2,18.2,21.203,11.447,16.027
24-Mar-12,11.863,14.614,12.277,13.614,14.775,12.866,14.195,11.271,13.274,16.277,12.523,11.863,13.866,16.868,14.362,18.192,11.858,13.86,15.86,18.863,12.608,14.608,16.611,19.611,13.529,15.529,17.532,20.534,14.195,16.197,18.197,21.2,11.444,16.025
25-Mar-12,11.86,14.611,12.274,13.611,14.773,12.863,14.192,11.268,13.271,16.274,12.521,11.86,13.863,16.866,14.359,18.189,11.855,13.858,15.858,18.86,12.605,14.605,16.608,19.608,13.526,15.526,17.529,20.532,14.192,16.195,18.195,21.197,11.441,16.022
26-Mar-12,11.858,14.608,12.271,13.608,14.77,12.86,14.189,11.266,13.268,16.271,12.518,11.858,13.86,16.863,14.356,18.186,11.852,13.855,15.855,18.858,12.603,14.603,16.605,19.605,13.523,15.523,17.526,20.529,14.189,16.192,18.192,21.195,11.438,16.019
27-Mar-12,11.855,14.605,12.268,13.605,14.767,12.858,14.186,11.263,13.266,16.268,12.515,11.855,13.858,16.86,14.353,18.184,11.849,13.852,15.852,18.855,12.6,14.6,16.603,19.603,13.521,15.521,17.523,20.526,14.186,16.189,18.189,21.192,11.436,16.016
28-Mar-12,11.852,14.603,12.266,13.603,14.764,12.855,14.184,11.26,13.263,16.266,12.512,11.852,13.855,16.858,14.351,18.181,11.847,13.849,15.849,18.852,12.597,14.597,16.6,19.6,13.518,15.518,17.521,20.523,14.184,16.186,18.186,21.189,11.433,16.014
29-Mar-12,11.849,14.6,12.263,13.6,14.762,12.852,14.181,11.258,13.26,16.263,12.51,11.849,13.852,16.855,14.348,18.178,11.844,13.847,15.847,18.849,12.595,14.595,16.597,19.597,13.515,15.515,17.518,20.521,14.181,16.184,18.184,21.186,11.43,16.011
30-Mar-12,11.847,14.597,12.26,13.597,14.759,12.849,14.178,11.255,13.258,16.26,12.507,11.847,13.849,16.852,14.345,18.175,11.841,13.844,15.844,18.847,12.592,14.592,16.595,19.595,13.512,15.512,17.515,20.518,14.178,16.181,18.181,21.184,11.427,16.008
31-Mar-12,11.844,14.595,12.258,13.595,14.756,12.847,14.175,11.252,13.255,16.258,12.504,11.844,13.847,16.849,14.342,18.173,11.838,13.841,15.841,18.844,12.589,14.589,16.592,19.592,13.51,15.51,17.512,20.515,14.175,16.178,18.178,21.181,11.425,16.005
1-Apr-12,11.841,14.592,12.255,13.592,14.753,12.844,14.173,11.249,13.252,16.255,12.501,11.841,13.844,16.847,14.34,18.17,11.836,13.838,15.838,18.841,12.586,14.586,16.589,19.589,13.507,15.507,17.51,20.512,14.173,16.175,18.175,21.178,11.422,16.003
2-Apr-12,11.838,14.589,12.252,13.589,14.751,12.841,14.17,11.247,13.249,16.252,12.499,11.838,13.841,16.844,14.337,18.167,11.833,13.836,15.836,18.838,12.584,14.584,16.586,19.586,13.504,15.504,17.507,20.51,14.17,16.173,18.173,21.175,11.419,16
3-Apr-12,11.836,14.586,12.249,13.586,14.748,12.838,14.167,11.244,13.247,16.249,12.496,11.836,13.838,16.841,14.334,18.164,11.83,13.833,15.833,18.836,12.581,14.581,16.584,19.584,13.501,15.501,17.504,20.507,14.167,16.17,18.17,21.173,11.416,15.997
4-Apr-12,11.833,14.584,12.247,13.584,14.745,12.836,14.164,11.241,13.244,16.247,12.493,11.833,13.836,16.838,14.332,18.162,11.827,13.83,15.83,18.833,12.578,14.578,16.581,19.581,13.499,15.499,17.501,20.504,14.164,16.167,18.167,21.17,11.414,15.995
5-Apr-12,11.83,14.581,12.244,13.581,14.742,12.833,14.162,11.238,13.241,16.244,12.49,11.83,13.833,16.836,14.329,18.159,11.825,13.827,15.827,18.83,12.575,14.575,16.578,19.578,13.496,15.496,17.499,20.501,14.162,16.164,18.164,21.167,11.411,15.992
6-Apr-12,11.827,14.578,12.241,13.578,14.74,12.83,14.159,11.236,13.238,16.241,12.488,11.827,13.83,16.833,14.326,18.156,11.822,13.825,15.825,18.827,12.573,14.573,16.575,19.575,13.493,15.493,17.496,20.499,14.159,16.162,18.162,21.164,11.408,15.989
7-Apr-12,11.825,14.575,12.238,13.575,14.737,12.827,14.156,11.233,13.236,16.238,12.485,11.825,13.827,16.83,14.323,18.153,11.819,13.822,15.822,18.825,12.57,14.57,16.573,19.573,13.49,15.49,17.493,20.496,14.156,16.159,18.159,21.162,11.405,15.986
8-Apr-12,11.822,14.573,12.236,13.573,14.734,12.825,14.153,11.23,13.233,16.236,12.482,11.822,13.825,16.827,14.321,18.151,11.816,13.819,15.819,18.822,12.567,14.567,16.57,19.57,13.488,15.488,17.49,20.493,14.153,16.156,18.156,21.159,11.403,15.984
9-Apr-12,11.819,14.57,12.233,13.57,14.732,12.822,14.151,11.227,13.23,16.233,12.479,11.819,13.822,16.825,14.318,18.148,11.814,13.816,15.816,18.819,12.564,14.564,16.567,19.567,13.485,15.485,17.488,20.49,14.151,16.153,18.153,21.156,11.4,15.981
10-Apr-12,11.816,14.567,12.23,13.567,14.729,12.819,14.148,11.225,13.227,16.23,12.477,11.816,13.819,16.822,14.315,18.145,11.811,13.814,15.814,18.816,12.562,14.562,16.564,19.564,13.482,15.482,17.485,20.488,14.148,16.151,18.151,21.153,11.397,15.978
11-Apr-12,11.814,14.564,12.227,13.564,14.726,12.816,14.145,11.222,13.225,16.227,12.474,11.814,13.816,16.819,14.312,18.142,11.808,13.811,15.811,18.814,12.559,14.559,16.562,19.562,13.479,15.479,17.482,20.485,14.145,16.148,18.148,21.151,11.395,15.975
12-Apr-12,11.811,14.562,12.225,13.562,14.723,12.814,14.142,11.219,13.222,16.225,12.471,11.811,13.814,16.816,14.31,18.14,11.805,13.808,15.808,18.811,12.556,14.556,16.559,19.559,13.477,15.477,17.479,20.482,14.142,16.145,18.145,21.148,11.392,15.973
13-Apr-12,11.808,14.559,12.222,13.559,14.721,12.811,14.14,11.216,13.219,16.222,12.468,11.808,13.811,16.814,14.307,18.137,11.803,13.805,15.805,18.808,12.553,14.553,16.556,19.556,13.474,15.474,17.477,20.479,14.14,16.142,18.142,21.145,11.389,15.97
14-Apr-12,11.805,14.556,12.219,13.556,14.718,12.808,14.137,11.214,13.216,16.219,12.466,11.805,13.808,16.811,14.304,18.134,11.8,13.803,15.803,18.805,12.551,14.551,16.553,19.553,13.471,15.471,17.474,20.477,14.137,16.14,18.14,21.142,11.386,15.967
15-Apr-12,11.803,14.553,12.216,13.553,14.715,12.805,14.134,11.211,13.214,16.216,12.463,11.803,13.805,16.808,14.301,18.132,11.797,13.8,15.8,18.803,12.548,14.548,16.551,19.551,13.468,15.468,17.471,20.474,14.134,16.137,18.137,21.14,11.384,15.964
16-Apr-12,11.8,14.551,12.214,13.551,14.712,12.803,14.132,11.208,13.211,16.214,12.46,11.8,13.803,16.805,14.299,18.129,11.795,13.797,15.797,18.8,12.545,14.545,16.548,19.548,13.466,15.466,17.468,20.471,14.132,16.134,18.134,21.137,11.381,15.962
17-Apr-12,11.797,14.548,12.211,13.548,14.71,12.8,14.129,11.205,13.208,16.211,12.458,11.797,13.8,16.803,14.296,18.126,11.792,13.795,15.795,18.797,12.542,14.542,16.545,19.545,13.463,15.463,17.466,20.468,14.129,16.132,18.132,21.134,11.378,15.959
18-Apr-12,11.795,14.545,12.208,13.545,14.707,12.797,14.126,11.203,13.205,16.208,12.455,11.795,13.797,16.8,14.293,18.123,11.789,13.792,15.792,18.795,12.54,14.54,16.542,19.542,13.46,15.46,17.463,20.466,14.126,16.129,18.129,21.132,11.375,15.956
19-Apr-12,11.792,14.542,12.205,13.542,14.704,12.795,14.123,11.2,13.203,16.205,12.452,11.792,13.795,16.797,14.29,18.121,11.786,13.789,15.789,18.792,12.537,14.537,16.54,19.54,13.458,15.458,17.46,20.463,14.123,16.126,18.126,21.129,11.373,15.953
20-Apr-12,11.789,14.54,12.203,13.54,14.701,12.792,14.121,11.197,13.2,16.203,12.449,11.789,13.792,16.795,14.288,18.118,11.784,13.786,15.786,18.789,12.534,14.534,16.537,19.537,13.455,15.455,17.458,20.46,14.121,16.123,18.123,21.126,11.37,15.951
21-Apr-12,11.786,14.537,12.2,13.537,14.699,12.789,14.118,11.195,13.197,16.2,12.447,11.786,13.789,16.792,14.285,18.115,11.781,13.784,15.784,18.786,12.532,14.532,16.534,19.534,13.452,15.452,17.455,20.458,14.118,16.121,18.121,21.123,11.367,15.948
22-Apr-12,11.784,14.534,12.197,13.534,14.696,12.786,14.115,11.192,13.195,16.197,12.444,11.784,13.786,16.789,14.282,18.112,11.778,13.781,15.781,18.784,12.529,14.529,16.532,19.532,13.449,15.449,17.452,20.455,14.115,16.118,18.118,21.121,11.364,15.945
23-Apr-12,11.781,14.532,12.195,13.532,14.693,12.784,14.112,11.189,13.192,16.195,12.441,11.781,13.784,16.786,14.279,18.11,11.775,13.778,15.778,18.781,12.526,14.526,16.529,19.529,13.447,15.447,17.449,20.452,14.112,16.115,18.115,21.118,11.362,15.942
24-Apr-12,11.778,14.529,12.192,13.529,14.69,12.781,14.11,11.186,13.189,16.192,12.438,11.778,13.781,16.784,14.277,18.107,11.773,13.775,15.775,18.778,12.523,14.523,16.526,19.526,13.444,15.444,17.447,20.449,14.11,16.112,18.112,21.115,11.359,15.94
25-Apr-12,11.775,14.526,12.189,13.526,14.688,12.778,14.107,11.184,13.186,16.189,12.436,11.775,13.778,16.781,14.274,18.104,11.77,13.773,15.773,18.775,12.521,14.521,16.523,19.523,13.441,15.441,17.444,20.447,14.107,16.11,18.11,21.112,11.356,15.937
26-Apr-12,11.773,14.523,12.186,13.523,14.685,12.775,14.104,11.181,13.184,16.186,12.433,11.773,13.775,16.778,14.271,18.101,11.767,13.77,15.77,18.773,12.518,14.518,16.521,19.521,13.438,15.438,17.441,20.444,14.104,16.107,18.107,21.11,11.353,15.934
27-Apr-12,11.77,14.521,12.184,13.521,14.682,12.773,14.101,11.178,13.181,16.184,12.43,11.77,13.773,16.775,14.268,18.099,11.764,13.767,15.767,18.77,12.515,14.515,16.518,19.518,13.436,15.436,17.438,20.441,14.101,16.104,18.104,21.107,11.351,15.932
28-Apr-12,11.767,14.518,12.181,13.518,14.679,12.77,14.099,11.175,13.178,16.181,12.427,11.767,13.77,16.773,14.266,18.096,11.762,13.764,15.764,18.767,12.512,14.512,16.515,19.515,13.433,15.433,17.436,20.438,14.099,16.101,18.101,21.104,11.348,15.929
29-Apr-12,11.764,14.515,12.178,13.515,14.677,12.767,14.096,11.173,13.175,16.178,12.425,11.764,13.767,16.77,14.263,18.093,11.759,13.762,15.762,18.764,12.51,14.51,16.512,19.512,13.43,15.43,17.433,20.436,14.096,16.099,18.099,21.101,11.345,15.926
30-Apr-12,11.762,14.512,12.175,13.512,14.674,12.764,14.093,11.17,13.173,16.175,12.422,11.762,13.764,16.767,14.26,18.09,11.756,13.759,15.759,18.762,12.507,14.507,16.51,19.51,13.427,15.427,17.43,20.433,14.093,16.096,18.096,21.099,11.342,15.923
1-May-12,11.759,14.51,12.173,13.51,14.671,12.762,14.09,11.167,13.17,16.173,12.419,11.759,13.762,16.764,14.258,18.088,11.753,13.756,15.756,18.759,12.504,14.504,16.507,19.507,13.425,15.425,17.427,20.43,14.09,16.093,18.093,21.096,11.34,15.921
2-May-12,11.756,14.507,12.17,13.507,14.668,12.759,14.088,11.164,13.167,16.17,12.416,11.756,13.759,16.762,14.255,18.085,11.751,13.753,15.753,18.756,12.501,14.501,16.504,19.504,13.422,15.422,17.425,20.427,14.088,16.09,18.09,21.093,11.337,15.918
3-May-12,11.753,14.504,12.167,13.504,14.666,12.756,14.085,11.162,13.164,16.167,12.414,11.753,13.756,16.759,14.252,18.082,11.748,13.751,15.751,18.753,12.499,14.499,16.501,19.501,13.419,15.419,17.422,20.425,14.085,16.088,18.088,21.09,11.334,15.915
4-May-12,11.751,14.501,12.164,13.501,14.663,12.753,14.082,11.159,13.162,16.164,12.411,11.751,13.753,16.756,14.249,18.079,11.745,13.748,15.748,18.751,12.496,14.496,16.499,19.499,13.416,15.416,17.419,20.422,14.082,16.085,18.085,21.088,11.332,15.912
5-May-12,11.748,14.499,12.162,13.499,14.66,12.751,14.079,11.156,13.159,16.162,12.408,11.748,13.751,16.753,14.247,18.077,11.742,13.745,15.745,18.748,12.493,14.493,16.496,19.496,13.414,15.414,17.416,20.419,14.079,16.082,18.082,21.085,11.329,15.91
6-May-12,11.745,14.496,12.159,13.496,14.658,12.748,14.077,11.153,13.156,16.159,12.405,11.745,13.748,16.751,14.244,18.074,11.74,13.742,15.742,18.745,12.49,14.49,16.493,19.493,13.411,15.411,17.414,20.416,14.077,16.079,18.079,21.082,11.326,15.907
7-May-12,11.742,14.493,12.156,13.493,14.655,12.745,14.074,11.151,13.153,16.156,12.403,11.742,13.745,16.748,14.241,18.071,11.737,13.74,15.74,18.742,12.488,14.488,16.49,19.49,13.408,15.408,17.411,20.414,14.074,16.077,18.077,21.079,11.323,15.904
8-May-12,11.74,14.49,12.153,13.49,14.652,12.742,14.071,11.148,13.151,16.153,12.4,11.74,13.742,16.745,14.238,18.068,11.734,13.737,15.737,18.74,12.485,14.485,16.488,19.488,13.405,15.405,17.408,20.411,14.071,16.074,18.074,21.077,11.321,15.901
9-May-12,11.737,14.488,12.151,13.488,14.649,12.74,14.068,11.145,13.148,16.151,12.397,11.737,13.74,16.742,14.236,18.066,11.732,13.734,15.734,18.737,12.482,14.482,16.485,19.485,13.403,15.403,17.405,20.408,14.068,16.071,18.071,21.074,11.318,15.899
10-May-12,11.734,14.485,12.148,13.485,14.647,12.737,14.066,11.142,13.145,16.148,12.395,11.734,13.737,16.74,14.233,18.063,11.729,13.732,15.732,18.734,12.479,14.479,16.482,19.482,13.4,15.4,17.403,20.405,14.066,16.068,18.068,21.071,11.315,15.896
11-May-12,11.732,14.482,12.145,13.482,14.644,12.734,14.063,11.14,13.142,16.145,12.392,11.732,13.734,16.737,14.23,18.06,11.726,13.729,15.729,18.732,12.477,14.477,16.479,19.479,13.397,15.397,17.4,20.403,14.063,16.066,18.066,21.068,11.312,15.893
12-May-12,11.729,14.479,12.142,13.479,14.641,12.732,14.06,11.137,13.14,16.142,12.389,11.729,13.732,16.734,14.227,18.058,11.723,13.726,15.726,18.729,12.474,14.474,16.477,19.477,13.395,15.395,17.397,20.4,14.06,16.063,18.063,21.066,11.31,15.89
13-May-12,11.726,14.477,12.14,13.477,14.638,12.729,14.058,11.134,13.137,16.14,12.386,11.726,13.729,16.732,14.225,18.055,11.721,13.723,15.723,18.726,12.471,14.471,16.474,19.474,13.392,15.392,17.395,20.397,14.058,16.06,18.06,21.063,11.307,15.888
14-May-12,11.723,14.474,12.137,13.474,14.636,12.726,14.055,11.132,13.134,16.137,12.384,11.723,13.726,16.729,14.222,18.052,11.718,13.721,15.721,18.723,12.468,14.468,16.471,19.471,13.389,15.389,17.392,20.395,14.055,16.058,18.058,21.06,11.304,15.885
15-May-12,11.721,14.471,12.134,13.471,14.633,12.723,14.052,11.129,13.132,16.134,12.381,11.721,13.723,16.726,14.219,18.049,11.715,13.718,15.718,18.721,12.466,14.466,16.468,19.468,13.386,15.386,17.389,20.392,14.052,16.055,18.055,21.058,11.301,15.882
16-May-12,11.718,14.468,12.132,13.468,14.63,12.721,14.049,11.126,13.129,16.132,12.378,11.718,13.721,16.723,14.216,18.047,11.712,13.715,15.715,18.718,12.463,14.463,16.466,19.466,13.384,15.384,17.386,20.389,14.049,16.052,18.052,21.055,11.299,15.879
17-May-12,11.715,14.466,12.129,13.466,14.627,12.718,14.047,11.123,13.126,16.129,12.375,11.715,13.718,16.721,14.214,18.044,11.71,13.712,15.712,18.715,12.46,14.46,16.463,19.463,13.381,15.381,17.384,20.386,14.047,16.049,18.049,21.052,11.296,15.877
18-May-12,11.712,14.463,12.126,13.463,14.625,12.715,14.044,11.121,13.123,16.126,12.373,11.712,13.715,16.718,14.211,18.041,11.707,13.71,15.71,18.712,12.458,14.458,16.46,19.46,13.378,15.378,17.381,20.384,14.044,16.047,18.047,21.049,11.293,15.874
19-May-12,11.71,14.46,12.123,13.46,14.622,12.712,14.041,11.118,13.121,16.123,12.37,11.71,13.712,16.715,14.208,18.038,11.704,13.707,15.707,18.71,12.455,14.455,16.458,19.458,13.375,15.375,17.378,20.381,14.041,16.044,18.044,21.047,11.29,15.871
20-May-12,11.707,14.458,12.121,13.458,14.619,12.71,14.038,11.115,13.118,16.121,12.367,11.707,13.71,16.712,14.205,18.036,11.701,13.704,15.704,18.707,12.452,14.452,16.455,19.455,13.373,15.373,17.375,20.378,14.038,16.041,18.041,21.044,11.288,15.868
21-May-12,11.704,14.455,12.118,13.455,14.616,12.707,14.036,11.112,13.115,16.118,12.364,11.704,13.707,16.71,14.203,18.033,11.699,13.701,15.701,18.704,12.449,14.449,16.452,19.452,13.37,15.37,17.373,20.375,14.036,16.038,18.038,21.041,11.285,15.866
22-May-12,11.701,14.452,12.115,13.452,14.614,12.704,14.033,11.11,13.112,16.115,12.362,11.701,13.704,16.707,14.2,18.03,11.696,13.699,15.699,18.701,12.447,14.447,16.449,19.449,13.367,15.367,17.37,20.373,14.033,16.036,18.036,21.038,11.282,15.863
23-May-12,11.699,14.449,12.112,13.449,14.611,12.701,14.03,11.107,13.11,16.112,12.359,11.699,13.701,16.704,14.197,18.027,11.693,13.696,15.696,18.699,12.444,14.444,16.447,19.447,13.364,15.364,17.367,20.37,14.03,16.033,18.033,21.036,11.279,15.86
24-May-12,11.696,14.447,12.11,13.447,14.608,12.699,14.027,11.104,13.107,16.11,12.356,11.696,13.699,16.701,14.195,18.025,11.69,13.693,15.693,18.696,12.441,14.441,16.444,19.444,13.362,15.362,17.364,20.367,14.027,16.03,18.03,21.033,11.277,15.858
25-May-12,11.693,14.444,12.107,13.444,14.605,12.696,14.025,11.101,13.104,16.107,12.353,11.693,13.696,16.699,14.192,18.022,11.688,13.69,15.69,18.693,12.438,14.438,16.441,19.441,13.359,15.359,17.362,20.364,14.025,16.027,18.027,21.03,11.274,15.855
26-May-12,11.69,14.441,12.104,13.441,14.603,12.693,14.022,11.099,13.101,16.104,12.351,11.69,13.693,16.696,14.189,18.019,11.685,13.688,15.688,18.69,12.436,14.436,16.438,19.438,13.356,15.356,17.359,20.362,14.022,16.025,18.025,21.027,11.271,15.852
27-May-12,11.688,14.438,12.101,13.438,14.6,12.69,14.019,11.096,13.099,16.101,12.348,11.688,13.69,16.693,14.186,18.016,11.682,13.685,15.685,18.688,12.433,14.433,16.436,19.436,13.353,15.353,17.356,20.359,14.019,16.022,18.022,21.025,11.268,15.849
28-May-12,11.685,14.436,12.099,13.436,14.597,12.688,14.016,11.093,13.096,16.099,12.345,11.685,13.688,16.69,14.184,18.014,11.679,13.682,15.682,18.685,12.43,14.43,16.433,19.433,13.351,15.351,17.353,20.356,14.016,16.019,18.019,21.022,11.266,15.847
29-May-12,11.682,14.433,12.096,13.433,14.595,12.685,14.014,11.09,13.093,16.096,12.342,11.682,13.685,16.688,14.181,18.011,11.677,13.679,15.679,18.682,12.427,14.427,16.43,19.43,13.348,15.348,17.351,20.353,14.014,16.016,18.016,21.019,11.263,15.844
30-May-12,11.679,14.43,12.093,13.43,14.592,12.682,14.011,11.088,13.09,16.093,12.34,11.679,13.682,16.685,14.178,18.008,11.674,13.677,15.677,18.679,12.425,14.425,16.427,19.427,13.345,15.345,17.348,20.351,14.011,16.014,18.014,21.016,11.26,15.841
31-May-12,11.677,14.427,12.09,13.427,14.589,12.679,14.008,11.085,13.088,16.09,12.337,11.677,13.679,16.682,14.175,18.005,11.671,13.674,15.674,18.677,12.422,14.422,16.425,19.425,13.342,15.342,17.345,20.348,14.008,16.011,18.011,21.014,11.258,15.838
1-Jun-12,11.674,14.425,12.088,13.425,14.586,12.677,14.005,11.082,13.085,16.088,12.334,11.674,13.677,16.679,14.173,18.003,11.668,13.671,15.671,18.674,12.419,14.419,16.422,19.422,13.34,15.34,17.342,20.345,14.005,16.008,18.008,21.011,11.255,15.836
2-Jun-12,11.671,14.422,12.085,13.422,14.584,12.674,14.003,11.079,13.082,16.085,12.332,11.671,13.674,16.677,14.17,18,11.666,13.668,15.668,18.671,12.416,14.416,16.419,19.419,13.337,15.337,17.34,20.342,14.003,16.005,18.005,21.008,11.252,15.833
3-Jun-12,11.668,14.419,12.082,13.419,14.581,12.671,14,11.077,13.079,16.082,12.329,11.668,13.671,16.674,14.167,17.997,11.663,13.666,15.666,18.668,12.414,14.414,16.416,19.416,13.334,15.334,17.337,20.34,14,16.003,18.003,21.005,11.249,15.83
4-Jun-12,11.666,14.416,12.079,13.416,14.578,12.668,13.997,11.074,13.077,16.079,12.326,11.666,13.668,16.671,14.164,17.995,11.66,13.663,15.663,18.666,12.411,14.411,16.414,19.414,13.332,15.332,17.334,20.337,13.997,16,18,21.003,11.247,15.827
5-Jun-12,11.663,14.414,12.077,13.414,14.575,12.666,13.995,11.071,13.074,16.077,12.323,11.663,13.666,16.668,14.162,17.992,11.658,13.66,15.66,18.663,12.408,14.408,16.411,19.411,13.329,15.329,17.332,20.334,13.995,15.997,17.997,21,11.244,15.825
6-Jun-12,11.66,14.411,12.074,13.411,14.573,12.663,13.992,11.068,13.071,16.074,12.321,11.66,13.663,16.666,14.159,17.989,11.655,13.658,15.658,18.66,12.405,14.405,16.408,19.408,13.326,15.326,17.329,20.332,13.992,15.995,17.995,20.997,11.241,15.822
7-Jun-12,11.658,14.408,12.071,13.408,14.57,12.66,13.989,11.066,13.068,16.071,12.318,11.658,13.66,16.663,14.156,17.986,11.652,13.655,15.655,18.658,12.403,14.403,16.405,19.405,13.323,15.323,17.326,20.329,13.989,15.992,17.992,20.995,11.238,15.819
8-Jun-12,11.655,14.405,12.068,13.405,14.567,12.658,13.986,11.063,13.066,16.068,12.315,11.655,13.658,16.66,14.153,17.984,11.649,13.652,15.652,18.655,12.4,14.4,16.403,19.403,13.321,15.321,17.323,20.326,13.986,15.989,17.989,20.992,11.236,15.816
9-Jun-12,11.652,14.403,12.066,13.403,14.564,12.655,13.984,11.06,13.063,16.066,12.312,11.652,13.655,16.658,14.151,17.981,11.647,13.649,15.649,18.652,12.397,14.397,16.4,19.4,13.318,15.318,17.321,20.323,13.984,15.986,17.986,20.989,11.233,15.814
10-Jun-12,11.649,14.4,12.063,13.4,14.562,12.652,13.981,11.058,13.06,16.063,12.31,11.649,13.652,16.655,14.148,17.978,11.644,13.647,15.647,18.649,12.395,14.395,16.397,19.397,13.315,15.315,17.318,20.321,13.981,15.984,17.984,20.986,11.23,15.811
11-Jun-12,11.647,14.397,12.06,13.397,14.559,12.649,13.978,11.055,13.058,16.06,12.307,11.647,13.649,16.652,14.145,17.975,11.641,13.644,15.644,18.647,12.392,14.392,16.395,19.395,13.312,15.312,17.315,20.318,13.978,15.981,17.981,20.984,11.227,15.808
12-Jun-12,11.644,14.395,12.058,13.395,14.556,12.647,13.975,11.052,13.055,16.058,12.304,11.644,13.647,16.649,14.142,17.973,11.638,13.641,15.641,18.644,12.389,14.389,16.392,19.392,13.31,15.31,17.312,20.315,13.975,15.978,17.978,20.981,11.225,15.805
13-Jun-12,11.641,14.392,12.055,13.392,14.553,12.644,13.973,11.049,13.052,16.055,12.301,11.641,13.644,16.647,14.14,17.97,11.636,13.638,15.638,18.641,12.386,14.386,16.389,19.389,13.307,15.307,17.31,20.312,13.973,15.975,17.975,20.978,11.222,15.803
14-Jun-12,11.638,14.389,12.052,13.389,14.551,12.641,13.97,11.047,13.049,16.052,12.299,11.638,13.641,16.644,14.137,17.967,11.633,13.636,15.636,18.638,12.384,14.384,16.386,19.386,13.304,15.304,17.307,20.31,13.97,15.973,17.973,20.975,11.219,15.8
15-Jun-12,11.636,14.386,12.049,13.386,14.548,12.638,13.967,11.044,13.047,16.049,12.296,11.636,13.638,16.641,14.134,17.964,11.63,13.633,15.633,18.636,12.381,14.381,16.384,19.384,13.301,15.301,17.304,20.307,13.967,15.97,17.97,20.973,11.216,15.797
16-Jun-12,11.633,14.384,12.047,13.384,14.545,12.636,13.964,11.041,13.044,16.047,12.293,11.633,13.636,16.638,14.132,17.962,11.627,13.63,15.63,18.633,12.378,14.378,16.381,19.381,13.299,15.299,17.301,20.304,13.964,15.967,17.967,20.97,11.214,15.795
17-Jun-12,11.63,14.381,12.044,13.381,14.542,12.633,13.962,11.038,13.041,16.044,12.29,11.63,13.633,16.636,14.129,17.959,11.625,13.627,15.627,18.63,12.375,14.375,16.378,19.378,13.296,15.296,17.299,20.301,13.962,15.964,17.964,20.967,11.211,15.792
18-Jun-12,11.627,14.378,12.041,13.378,14.54,12.63,13.959,11.036,13.038,16.041,12.288,11.627,13.63,16.633,14.126,17.956,11.622,13.625,15.625,18.627,12.373,14.373,16.375,19.375,13.293,15.293,17.296,20.299,13.959,15.962,17.962,20.964,11.208,15.789
19-Jun-12,11.625,14.375,12.038,13.375,14.537,12.627,13.956,11.033,13.036,16.038,12.285,11.625,13.627,16.63,14.123,17.953,11.619,13.622,15.622,18.625,12.37,14.37,16.373,19.373,13.29,15.29,17.293,20.296,13.956,15.959,17.959,20.962,11.205,15.786
20-Jun-12,11.622,14.373,12.036,13.373,14.534,12.625,13.953,11.03,13.033,16.036,12.282,11.622,13.625,16.627,14.121,17.951,11.616,13.619,15.619,18.622,12.367,14.367,16.37,19.37,13.288,15.288,17.29,20.293,13.953,15.956,17.956,20.959,11.203,15.784
21-Jun-12,11.619,14.37,12.033,13.37,14.532,12.622,13.951,11.027,13.03,16.033,12.279,11.619,13.622,16.625,14.118,17.948,11.614,13.616,15.616,18.619,12.364,14.364,16.367,19.367,13.285,15.285,17.288,20.29,13.951,15.953,17.953,20.956,11.2,15.781
22-Jun-12,11.616,14.367,12.03,13.367,14.529,12.619,13.948,11.025,13.027,16.03,12.277,11.616,13.619,16.622,14.115,17.945,11.611,13.614,15.614,18.616,12.362,14.362,16.364,19.364,13.282,15.282,17.285,20.288,13.948,15.951,17.951,20.953,11.197,15.778
23-Jun-12,11.614,14.364,12.027,13.364,14.526,12.616,13.945,11.022,13.025,16.027,12.274,11.614,13.616,16.619,14.112,17.942,11.608,13.611,15.611,18.614,12.359,14.359,16.362,19.362,13.279,15.279,17.282,20.285,13.945,15.948,17.948,20.951,11.195,15.775
24-Jun-12,11.611,14.362,12.025,13.362,14.523,12.614,13.942,11.019,13.022,16.025,12.271,11.611,13.614,16.616,14.11,17.94,11.605,13.608,15.608,18.611,12.356,14.356,16.359,19.359,13.277,15.277,17.279,20.282,13.942,15.945,17.945,20.948,11.192,15.773
25-Jun-12,11.608,14.359,12.022,13.359,14.521,12.611,13.94,11.016,13.019,16.022,12.268,11.608,13.611,16.614,14.107,17.937,11.603,13.605,15.605,18.608,12.353,14.353,16.356,19.356,13.274,15.274,17.277,20.279,13.94,15.942,17.942,20.945,11.189,15.77
26-Jun-12,11.605,14.356,12.019,13.356,14.518,12.608,13.937,11.014,13.016,16.019,12.266,11.605,13.608,16.611,14.104,17.934,11.6,13.603,15.603,18.605,12.351,14.351,16.353,19.353,13.271,15.271,17.274,20.277,13.937,15.94,17.94,20.942,11.186,15.767
27-Jun-12,11.603,14.353,12.016,13.353,14.515,12.605,13.934,11.011,13.014,16.016,12.263,11.603,13.605,16.608,14.101,17.932,11.597,13.6,15.6,18.603,12.348,14.348,16.351,19.351,13.268,15.268,17.271,20.274,13.934,15.937,17.937,20.94,11.184,15.764
28-Jun-12,11.6,14.351,12.014,13.351,14.512,12.603,13.932,11.008,13.011,16.014,12.26,11.6,13.603,16.605,14.099,17.929,11.595,13.597,15.597,18.6,12.345,14.345,16.348,19.348,13.266,15.266,17.268,20.271,13.932,15.934,17.934,20.937,11.181,15.762
29-Jun-12,11.597,14.348,12.011,13.348,14.51,12.6,13.929,11.005,13.008,16.011,12.258,11.597,13.6,16.603,14.096,17.926,11.592,13.595,15.595,18.597,12.342,14.342,16.345,19.345,13.263,15.263,17.266,20.268,13.929,15.932,17.932,20.934,11.178,15.759
30-Jun-12,11.595,14.345,12.008,13.345,14.507,12.597,13.926,11.003,13.005,16.008,12.255,11.595,13.597,16.6,14.093,17.923,11.589,13.592,15.592,18.595,12.34,14.34,16.342,19.342,13.26,15.26,17.263,20.266,13.926,15.929,17.929,20.932,11.175,15.756
1-Jul-12,11.592,14.342,12.005,13.342,14.504,12.595,13.923,11,13.003,16.005,12.252,11.592,13.595,16.597,14.09,17.921,11.586,13.589,15.589,18.592,12.337,14.337,16.34,19.34,13.258,15.258,17.26,20.263,13.923,15.926,17.926,20.929,11.173,15.753
2-Jul-12,11.589,14.34,12.003,13.34,14.501,12.592,13.921,10.997,13,16.003,12.249,11.589,13.592,16.595,14.088,17.918,11.584,13.586,15.586,18.589,12.334,14.334,16.337,19.337,13.255,15.255,17.258,20.26,13.921,15.923,17.923,20.926,11.17,15.751
3-Jul-12,11.586,14.337,12,13.337,14.499,12.589,13.918,10.995,12.997,16,12.247,11.586,13.589,16.592,14.085,17.915,11.581,13.584,15.584,18.586,12.332,14.332,16.334,19.334,13.252,15.252,17.255,20.258,13.918,15.921,17.921,20.923,11.167,15.748
4-Jul-12,11.584,14.334,11.997,13.334,14.496,12.586,13.915,10.992,12.995,15.997,12.244,11.584,13.586,16.589,14.082,17.912,11.578,13.581,15.581,18.584,12.329,14.329,16.332,19.332,13.249,15.249,17.252,20.255,13.915,15.918,17.918,20.921,11.164,15.745
5-Jul-12,11.581,14.332,11.995,13.332,14.493,12.584,13.912,10.989,12.992,15.995,12.241,11.581,13.584,16.586,14.079,17.91,11.575,13.578,15.578,18.581,12.326,14.326,16.329,19.329,13.247,15.247,17.249,20.252,13.912,15.915,17.915,20.918,11.162,15.742
6-Jul-12,11.578,14.329,11.992,13.329,14.49,12.581,13.91,10.986,12.989,15.992,12.238,11.578,13.581,16.584,14.077,17.907,11.573,13.575,15.575,18.578,12.323,14.323,16.326,19.326,13.244,15.244,17.247,20.249,13.91,15.912,17.912,20.915,11.159,15.74
7-Jul-12,11.575,14.326,11.989,13.326,14.488,12.578,13.907,10.984,12.986,15.989,12.236,11.575,13.578,16.581,14.074,17.904,11.57,13.573,15.573,18.575,12.321,14.321,16.323,19.323,13.241,15.241,17.244,20.247,13.907,15.91,17.91,20.912,11.156,15.737
8-Jul-12,11.573,14.323,11.986,13.323,14.485,12.575,13.904,10.981,12.984,15.986,12.233,11.573,13.575,16.578,14.071,17.901,11.567,13.57,15.57,18.573,12.318,14.318,16.321,19.321,13.238,15.238,17.241,20.244,13.904,15.907,17.907,20.91,11.153,15.734
9-Jul-12,11.57,14.321,11.984,13.321,14.482,12.573,13.901,10.978,12.981,15.984,12.23,11.57,13.573,16.575,14.068,17.899,11.564,13.567,15.567,18.57,12.315,14.315,16.318,19.318,13.236,15.236,17.238,20.241,13.901,15.904,17.904,20.907,11.151,15.732
10-Jul-12,11.567,14.318,11.981,13.318,14.479,12.57,13.899,10.975,12.978,15.981,12.227,11.567,13.57,16.573,14.066,17.896,11.562,13.564,15.564,18.567,12.312,14.312,16.315,19.315,13.233,15.233,17.236,20.238,13.899,15.901,17.901,20.904,11.148,15.729
11-Jul-12,11.564,14.315,11.978,13.315,14.477,12.567,13.896,10.973,12.975,15.978,12.225,11.564,13.567,16.57,14.063,17.893,11.559,13.562,15.562,18.564,12.31,14.31,16.312,19.312,13.23,15.23,17.233,20.236,13.896,15.899,17.899,20.901,11.145,15.726
12-Jul-12,11.562,14.312,11.975,13.312,14.474,12.564,13.893,10.97,12.973,15.975,12.222,11.562,13.564,16.567,14.06,17.89,11.556,13.559,15.559,18.562,12.307,14.307,16.31,19.31,13.227,15.227,17.23,20.233,13.893,15.896,17.896,20.899,11.142,15.723
13-Jul-12,11.559,14.31,11.973,13.31,14.471,12.562,13.89,10.967,12.97,15.973,12.219,11.559,13.562,16.564,14.058,17.888,11.553,13.556,15.556,18.559,12.304,14.304,16.307,19.307,13.225,15.225,17.227,20.23,13.89,15.893,17.893,20.896,11.14,15.721
14-Jul-12,11.556,14.307,11.97,13.307,14.468,12.559,13.888,10.964,12.967,15.97,12.216,11.556,13.559,16.562,14.055,17.885,11.551,13.553,15.553,18.556,12.301,14.301,16.304,19.304,13.222,15.222,17.225,20.227,13.888,15.89,17.89,20.893,11.137,15.718
15-Jul-12,11.553,14.304,11.967,13.304,14.466,12.556,13.885,10.962,12.964,15.967,12.214,11.553,13.556,16.559,14.052,17.882,11.548,13.551,15.551,18.553,12.299,14.299,16.301,19.301,13.219,15.219,17.222,20.225,13.885,15.888,17.888,20.89,11.134,15.715
16-Jul-12,11.551,14.301,11.964,13.301,14.463,12.553,13.882,10.959,12.962,15.964,12.211,11.551,13.553,16.556,14.049,17.879,11.545,13.548,15.548,18.551,12.296,14.296,16.299,19.299,13.216,15.216,17.219,20.222,13.882,15.885,17.885,20.888,11.132,15.712
17-Jul-12,11.548,14.299,11.962,13.299,14.46,12.551,13.879,10.956,12.959,15.962,12.208,11.548,13.551,16.553,14.047,17.877,11.542,13.545,15.545,18.548,12.293,14.293,16.296,19.296,13.214,15.214,17.216,20.219,13.879,15.882,17.882,20.885,11.129,15.71
18-Jul-12,11.545,14.296,11.959,13.296,14.458,12.548,13.877,10.953,12.956,15.959,12.205,11.545,13.548,16.551,14.044,17.874,11.54,13.542,15.542,18.545,12.29,14.29,16.293,19.293,13.211,15.211,17.214,20.216,13.877,15.879,17.879,20.882,11.126,15.707
19-Jul-12,11.542,14.293,11.956,13.293,14.455,12.545,13.874,10.951,12.953,15.956,12.203,11.542,13.545,16.548,14.041,17.871,11.537,13.54,15.54,18.542,12.288,14.288,16.29,19.29,13.208,15.208,17.211,20.214,13.874,15.877,17.877,20.879,11.123,15.704
20-Jul-12,11.54,14.29,11.953,13.29,14.452,12.542,13.871,10.948,12.951,15.953,12.2,11.54,13.542,16.545,14.038,17.868,11.534,13.537,15.537,18.54,12.285,14.285,16.288,19.288,13.205,15.205,17.208,20.211,13.871,15.874,17.874,20.877,11.121,15.701
21-Jul-12,11.537,14.288,11.951,13.288,14.449,12.54,13.868,10.945,12.948,15.951,12.197,11.537,13.54,16.542,14.036,17.866,11.532,13.534,15.534,18.537,12.282,14.282,16.285,19.285,13.203,15.203,17.205,20.208,13.868,15.871,17.871,20.874,11.118,15.699
22-Jul-12,11.534,14.285,11.948,13.285,14.447,12.537,13.866,10.942,12.945,15.948,12.195,11.534,13.537,16.54,14.033,17.863,11.529,13.532,15.532,18.534,12.279,14.279,16.282,19.282,13.2,15.2,17.203,20.205,13.866,15.868,17.868,20.871,11.115,15.696
23-Jul-12,11.532,14.282,11.945,13.282,14.444,12.534,13.863,10.94,12.942,15.945,12.192,11.532,13.534,16.537,14.03,17.86,11.526,13.529,15.529,18.532,12.277,14.277,16.279,19.279,13.197,15.197,17.2,20.203,13.863,15.866,17.866,20.868,11.112,15.693
24-Jul-12,11.529,14.279,11.942,13.279,14.441,12.532,13.86,10.937,12.94,15.942,12.189,11.529,13.532,16.534,14.027,17.858,11.523,13.526,15.526,18.529,12.274,14.274,16.277,19.277,13.195,15.195,17.197,20.2,13.86,15.863,17.863,20.866,11.11,15.69
25-Jul-12,11.526,14.277,11.94,13.277,14.438,12.529,13.858,10.934,12.937,15.94,12.186,11.526,13.529,16.532,14.025,17.855,11.521,13.523,15.523,18.526,12.271,14.271,16.274,19.274,13.192,15.192,17.195,20.197,13.858,15.86,17.86,20.863,11.107,15.688
26-Jul-12,11.523,14.274,11.937,13.274,14.436,12.526,13.855,10.932,12.934,15.937,12.184,11.523,13.526,16.529,14.022,17.852,11.518,13.521,15.521,18.523,12.268,14.268,16.271,19.271,13.189,15.189,17.192,20.195,13.855,15.858,17.858,20.86,11.104,15.685
27-Jul-12,11.521,14.271,11.934,13.271,14.433,12.523,13.852,10.929,12.932,15.934,12.181,11.521,13.523,16.526,14.019,17.849,11.515,13.518,15.518,18.521,12.266,14.266,16.268,19.268,13.186,15.186,17.189,20.192,13.852,15.855,17.855,20.858,11.101,15.682
28-Jul-12,11.518,14.268,11.932,13.268,14.43,12.521,13.849,10.926,12.929,15.932,12.178,11.518,13.521,16.523,14.016,17.847,11.512,13.515,15.515,18.518,12.263,14.263,16.266,19.266,13.184,15.184,17.186,20.189,13.849,15.852,17.852,20.855,11.099,15.679
29-Jul-12,11.515,14.266,11.929,13.266,14.427,12.518,13.847,10.923,12.926,15.929,12.175,11.515,13.518,16.521,14.014,17.844,11.51,13.512,15.512,18.515,12.26,14.26,16.263,19.263,13.181,15.181,17.184,20.186,13.847,15.849,17.849,20.852,11.096,15.677
30-Jul-12,11.512,14.263,11.926,13.263,14.425,12.515,13.844,10.921,12.923,15.926,12.173,11.512,13.515,16.518,14.011,17.841,11.507,13.51,15.51,18.512,12.258,14.258,16.26,19.26,13.178,15.178,17.181,20.184,13.844,15.847,17.847,20.849,11.093,15.674
31-Jul-12,11.51,14.26,11.923,13.26,14.422,12.512,13.841,10.918,12.921,15.923,12.17,11.51,13.512,16.515,14.008,17.838,11.504,13.507,15.507,18.51,12.255,14.255,16.258,19.258,13.175,15.175,17.178,20.181,13.841,15.844,17.844,20.847,11.09,15.671
1-Aug-12,11.507,14.258,11.921,13.258,14.419,12.51,13.838,10.915,12.918,15.921,12.167,11.507,13.51,16.512,14.005,17.836,11.501,13.504,15.504,18.507,12.252,14.252,16.255,19.255,13.173,15.173,17.175,20.178,13.838,15.841,17.841,20.844,11.088,15.668
2-Aug-12,11.504,14.255,11.918,13.255,14.416,12.507,13.836,10.912,12.915,15.918,12.164,11.504,13.507,16.51,14.003,17.833,11.499,13.501,15.501,18.504,12.249,14.249,16.252,19.252,13.17,15.17,17.173,20.175,13.836,15.838,17.838,20.841,11.085,15.666
3-Aug-12,11.501,14.252,11.915,13.252,14.414,12.504,13.833,10.91,12.912,15.915,12.162,11.501,13.504,16.507,14,17.83,11.496,13.499,15.499,18.501,12.247,14.247,16.249,19.249,13.167,15.167,17.17,20.173,13.833,15.836,17.836,20.838,11.082,15.663
4-Aug-12,11.499,14.249,11.912,13.249,14.411,12.501,13.83,10.907,12.91,15.912,12.159,11.499,13.501,16.504,13.997,17.827,11.493,13.496,15.496,18.499,12.244,14.244,16.247,19.247,13.164,15.164,17.167,20.17,13.83,15.833,17.833,20.836,11.079,15.66
5-Aug-12,11.496,14.247,11.91,13.247,14.408,12.499,13.827,10.904,12.907,15.91,12.156,11.496,13.499,16.501,13.995,17.825,11.49,13.493,15.493,18.496,12.241,14.241,16.244,19.244,13.162,15.162,17.164,20.167,13.827,15.83,17.83,20.833,11.077,15.658
6-Aug-12,11.493,14.244,11.907,13.244,14.405,12.496,13.825,10.901,12.904,15.907,12.153,11.493,13.496,16.499,13.992,17.822,11.488,13.49,15.49,18.493,12.238,14.238,16.241,19.241,13.159,15.159,17.162,20.164,13.825,15.827,17.827,20.83,11.074,15.655
7-Aug-12,11.49,14.241,11.904,13.241,14.403,12.493,13.822,10.899,12.901,15.904,12.151,11.49,13.493,16.496,13.989,17.819,11.485,13.488,15.488,18.49,12.236,14.236,16.238,19.238,13.156,15.156,17.159,20.162,13.822,15.825,17.825,20.827,11.071,15.652
8-Aug-12,11.488,14.238,11.901,13.238,14.4,12.49,13.819,10.896,12.899,15.901,12.148,11.488,13.49,16.493,13.986,17.816,11.482,13.485,15.485,18.488,12.233,14.233,16.236,19.236,13.153,15.153,17.156,20.159,13.819,15.822,17.822,20.825,11.068,15.649
9-Aug-12,11.485,14.236,11.899,13.236,14.397,12.488,13.816,10.893,12.896,15.899,12.145,11.485,13.488,16.49,13.984,17.814,11.479,13.482,15.482,18.485,12.23,14.23,16.233,19.233,13.151,15.151,17.153,20.156,13.816,15.819,17.819,20.822,11.066,15.647
10-Aug-12,11.482,14.233,11.896,13.233,14.395,12.485,13.814,10.89,12.893,15.896,12.142,11.482,13.485,16.488,13.981,17.811,11.477,13.479,15.479,18.482,12.227,14.227,16.23,19.23,13.148,15.148,17.151,20.153,13.814,15.816,17.816,20.819,11.063,15.644
11-Aug-12,11.479,14.23,11.893,13.23,14.392,12.482,13.811,10.888,12.89,15.893,12.14,11.479,13.482,16.485,13.978,17.808,11.474,13.477,15.477,18.479,12.225,14.225,16.227,19.227,13.145,15.145,17.148,20.151,13.811,15.814,17.814,20.816,11.06,15.641
12-Aug-12,11.477,14.227,11.89,13.227,14.389,12.479,13.808,10.885,12.888,15.89,12.137,11.477,13.479,16.482,13.975,17.805,11.471,13.474,15.474,18.477,12.222,14.222,16.225,19.225,13.142,15.142,17.145,20.148,13.808,15.811,17.811,20.814,11.058,15.638
13-Aug-12,11.474,14.225,11.888,13.225,14.386,12.477,13.805,10.882,12.885,15.888,12.134,11.474,13.477,16.479,13.973,17.803,11.468,13.471,15.471,18.474,12.219,14.219,16.222,19.222,13.14,15.14,17.142,20.145,13.805,15.808,17.808,20.811,11.055,15.636
14-Aug-12,11.471,14.222,11.885,13.222,14.384,12.474,13.803,10.879,12.882,15.885,12.132,11.471,13.474,16.477,13.97,17.8,11.466,13.468,15.468,18.471,12.216,14.216,16.219,19.219,13.137,15.137,17.14,20.142,13.803,15.805,17.805,20.808,11.052,15.633
15-Aug-12,11.468,14.219,11.882,13.219,14.381,12.471,13.8,10.877,12.879,15.882,12.129,11.468,13.471,16.474,13.967,17.797,11.463,13.466,15.466,18.468,12.214,14.214,16.216,19.216,13.134,15.134,17.137,20.14,13.8,15.803,17.803,20.805,11.049,15.63
16-Aug-12,11.466,14.216,11.879,13.216,14.378,12.468,13.797,10.874,12.877,15.879,12.126,11.466,13.468,16.471,13.964,17.795,11.46,13.463,15.463,18.466,12.211,14.211,16.214,19.214,13.132,15.132,17.134,20.137,13.797,15.8,17.8,20.803,11.047,15.627
17-Aug-12,11.463,14.214,11.877,13.214,14.375,12.466,13.795,10.871,12.874,15.877,12.123,11.463,13.466,16.468,13.962,17.792,11.458,13.46,15.46,18.463,12.208,14.208,16.211,19.211,13.129,15.129,17.132,20.134,13.795,15.797,17.797,20.8,11.044,15.625
18-Aug-12,11.46,14.211,11.874,13.211,14.373,12.463,13.792,10.868,12.871,15.874,12.121,11.46,13.463,16.466,13.959,17.789,11.455,13.458,15.458,18.46,12.205,14.205,16.208,19.208,13.126,15.126,17.129,20.132,13.792,15.795,17.795,20.797,11.041,15.622
19-Aug-12,11.458,14.208,11.871,13.208,14.37,12.46,13.789,10.866,12.868,15.871,12.118,11.458,13.46,16.463,13.956,17.786,11.452,13.455,15.455,18.458,12.203,14.203,16.205,19.205,13.123,15.123,17.126,20.129,13.789,15.792,17.792,20.795,11.038,15.619
20-Aug-12,11.455,14.205,11.868,13.205,14.367,12.458,13.786,10.863,12.866,15.868,12.115,11.455,13.458,16.46,13.953,17.784,11.449,13.452,15.452,18.455,12.2,14.2,16.203,19.203,13.121,15.121,17.123,20.126,13.786,15.789,17.789,20.792,11.036,15.616
21-Aug-12,11.452,14.203,11.866,13.203,14.364,12.455,13.784,10.86,12.863,15.866,12.112,11.452,13.455,16.458,13.951,17.781,11.447,13.449,15.449,18.452,12.197,14.197,16.2,19.2,13.118,15.118,17.121,20.123,13.784,15.786,17.786,20.789,11.033,15.614
22-Aug-12,11.449,14.2,11.863,13.2,14.362,12.452,13.781,10.858,12.86,15.863,12.11,11.449,13.452,16.455,13.948,17.778,11.444,13.447,15.447,18.449,12.195,14.195,16.197,19.197,13.115,15.115,17.118,20.121,13.781,15.784,17.784,20.786,11.03,15.611
23-Aug-12,11.447,14.197,11.86,13.197,14.359,12.449,13.778,10.855,12.858,15.86,12.107,11.447,13.449,16.452,13.945,17.775,11.441,13.444,15.444,18.447,12.192,14.192,16.195,19.195,13.112,15.112,17.115,20.118,13.778,15.781,17.781,20.784,11.027,15.608
24-Aug-12,11.444,14.195,11.858,13.195,14.356,12.447,13.775,10.852,12.855,15.858,12.104,11.444,13.447,16.449,13.942,17.773,11.438,13.441,15.441,18.444,12.189,14.189,16.192,19.192,13.11,15.11,17.112,20.115,13.775,15.778,17.778,20.781,11.025,15.605
25-Aug-12,11.441,14.192,11.855,13.192,14.353,12.444,13.773,10.849,12.852,15.855,12.101,11.441,13.444,16.447,13.94,17.77,11.436,13.438,15.438,18.441,12.186,14.186,16.189,19.189,13.107,15.107,17.11,20.112,13.773,15.775,17.775,20.778,11.022,15.603
26-Aug-12,11.438,14.189,11.852,13.189,14.351,12.441,13.77,10.847,12.849,15.852,12.099,11.438,13.441,16.444,13.937,17.767,11.433,13.436,15.436,18.438,12.184,14.184,16.186,19.186,13.104,15.104,17.107,20.11,13.77,15.773,17.773,20.775,11.019,15.6
27-Aug-12,11.436,14.186,11.849,13.186,14.348,12.438,13.767,10.844,12.847,15.849,12.096,11.436,13.438,16.441,13.934,17.764,11.43,13.433,15.433,18.436,12.181,14.181,16.184,19.184,13.101,15.101,17.104,20.107,13.767,15.77,17.77,20.773,11.016,15.597
28-Aug-12,11.433,14.184,11.847,13.184,14.345,12.436,13.764,10.841,12.844,15.847,12.093,11.433,13.436,16.438,13.932,17.762,11.427,13.43,15.43,18.433,12.178,14.178,16.181,19.181,13.099,15.099,17.101,20.104,13.764,15.767,17.767,20.77,11.014,15.595
29-Aug-12,11.43,14.181,11.844,13.181,14.342,12.433,13.762,10.838,12.841,15.844,12.09,11.43,13.433,16.436,13.929,17.759,11.425,13.427,15.427,18.43,12.175,14.175,16.178,19.178,13.096,15.096,17.099,20.101,13.762,15.764,17.764,20.767,11.011,15.592
30-Aug-12,11.427,14.178,11.841,13.178,14.34,12.43,13.759,10.836,12.838,15.841,12.088,11.427,13.43,16.433,13.926,17.756,11.422,13.425,15.425,18.427,12.173,14.173,16.175,19.175,13.093,15.093,17.096,20.099,13.759,15.762,17.762,20.764,11.008,15.589
31-Aug-12,11.425,14.175,11.838,13.175,14.337,12.427,13.756,10.833,12.836,15.838,12.085,11.425,13.427,16.43,13.923,17.753,11.419,13.422,15.422,18.425,12.17,14.17,16.173,19.173,13.09,15.09,17.093,20.096,13.756,15.759,17.759,20.762,11.005,15.586
1-Sep-12,11.422,14.173,11.836,13.173,14.334,12.425,13.753,10.83,12.833,15.836,12.082,11.422,13.425,16.427,13.921,17.751,11.416,13.419,15.419,18.422,12.167,14.167,16.17,19.17,13.088,15.088,17.09,20.093,13.753,15.756,17.756,20.759,11.003,15.584
2-Sep-12,11.419,14.17,11.833,13.17,14.332,12.422,13.751,10.827,12.83,15.833,12.079,11.419,13.422,16.425,13.918,17.748,11.414,13.416,15.416,18.419,12.164,14.164,16.167,19.167,13.085,15.085,17.088,20.09,13.751,15.753,17.753,20.756,11,15.581
3-Sep-12,11.416,14.167,11.83,13.167,14.329,12.419,13.748,10.825,12.827,15.83,12.077,11.416,13.419,16.422,13.915,17.745,11.411,13.414,15.414,18.416,12.162,14.162,16.164,19.164,13.082,15.082,17.085,20.088,13.748,15.751,17.751,20.753,10.997,15.578
4-Sep-12,11.414,14.164,11.827,13.164,14.326,12.416,13.745,10.822,12.825,15.827,12.074,11.414,13.416,16.419,13.912,17.742,11.408,13.411,15.411,18.414,12.159,14.159,16.162,19.162,13.079,15.079,17.082,20.085,13.745,15.748,17.748,20.751,10.995,15.575
5-Sep-12,11.411,14.162,11.825,13.162,14.323,12.414,13.742,10.819,12.822,15.825,12.071,11.411,13.414,16.416,13.91,17.74,11.405,13.408,15.408,18.411,12.156,14.156,16.159,19.159,13.077,15.077,17.079,20.082,13.742,15.745,17.745,20.748,10.992,15.573
6-Sep-12,11.408,14.159,11.822,13.159,14.321,12.411,13.74,10.816,12.819,15.822,12.068,11.408,13.411,16.414,13.907,17.737,11.403,13.405,15.405,18.408,12.153,14.153,16.156,19.156,13.074,15.074,17.077,20.079,13.74,15.742,17.742,20.745,10.989,15.57
7-Sep-12,11.405,14.156,11.819,13.156,14.318,12.408,13.737,10.814,12.816,15.819,12.066,11.405,13.408,16.411,13.904,17.734,11.4,13.403,15.403,18.405,12.151,14.151,16.153,19.153,13.071,15.071,17.074,20.077,13.737,15.74,17.74,20.742,10.986,15.567
8-Sep-12,11.403,14.153,11.816,13.153,14.315,12.405,13.734,10.811,12.814,15.816,12.063,11.403,13.405,16.408,13.901,17.732,11.397,13.4,15.4,18.403,12.148,14.148,16.151,19.151,13.068,15.068,17.071,20.074,13.734,15.737,17.737,20.74,10.984,15.564
9-Sep-12,11.4,14.151,11.814,13.151,14.312,12.403,13.732,10.808,12.811,15.814,12.06,11.4,13.403,16.405,13.899,17.729,11.395,13.397,15.397,18.4,12.145,14.145,16.148,19.148,13.066,15.066,17.068,20.071,13.732,15.734,17.734,20.737,10.981,15.562
10-Sep-12,11.397,14.148,11.811,13.148,14.31,12.4,13.729,10.805,12.808,15.811,12.058,11.397,13.4,16.403,13.896,17.726,11.392,13.395,15.395,18.397,12.142,14.142,16.145,19.145,13.063,15.063,17.066,20.068,13.729,15.732,17.732,20.734,10.978,15.559
11-Sep-12,11.395,14.145,11.808,13.145,14.307,12.397,13.726,10.803,12.805,15.808,12.055,11.395,13.397,16.4,13.893,17.723,11.389,13.392,15.392,18.395,12.14,14.14,16.142,19.142,13.06,15.06,17.063,20.066,13.726,15.729,17.729,20.732,10.975,15.556
12-Sep-12,11.392,14.142,11.805,13.142,14.304,12.395,13.723,10.8,12.803,15.805,12.052,11.392,13.395,16.397,13.89,17.721,11.386,13.389,15.389,18.392,12.137,14.137,16.14,19.14,13.058,15.058,17.06,20.063,13.723,15.726,17.726,20.729,10.973,15.553
13-Sep-12,11.389,14.14,11.803,13.14,14.301,12.392,13.721,10.797,12.8,15.803,12.049,11.389,13.392,16.395,13.888,17.718,11.384,13.386,15.386,18.389,12.134,14.134,16.137,19.137,13.055,15.055,17.058,20.06,13.721,15.723,17.723,20.726,10.97,15.551
14-Sep-12,11.386,14.137,11.8,13.137,14.299,12.389,13.718,10.795,12.797,15.8,12.047,11.386,13.389,16.392,13.885,17.715,11.381,13.384,15.384,18.386,12.132,14.132,16.134,19.134,13.052,15.052,17.055,20.058,13.718,15.721,17.721,20.723,10.967,15.548
15-Sep-12,11.384,14.134,11.797,13.134,14.296,12.386,13.715,10.792,12.795,15.797,12.044,11.384,13.386,16.389,13.882,17.712,11.378,13.381,15.381,18.384,12.129,14.129,16.132,19.132,13.049,15.049,17.052,20.055,13.715,15.718,17.718,20.721,10.964,15.545
16-Sep-12,11.381,14.132,11.795,13.132,14.293,12.384,13.712,10.789,12.792,15.795,12.041,11.381,13.384,16.386,13.879,17.71,11.375,13.378,15.378,18.381,12.126,14.126,16.129,19.129,13.047,15.047,17.049,20.052,13.712,15.715,17.715,20.718,10.962,15.542
17-Sep-12,11.378,14.129,11.792,13.129,14.29,12.381,13.71,10.786,12.789,15.792,12.038,11.378,13.381,16.384,13.877,17.707,11.373,13.375,15.375,18.378,12.123,14.123,16.126,19.126,13.044,15.044,17.047,20.049,13.71,15.712,17.712,20.715,10.959,15.54
18-Sep-12,11.375,14.126,11.789,13.126,14.288,12.378,13.707,10.784,12.786,15.789,12.036,11.375,13.378,16.381,13.874,17.704,11.37,13.373,15.373,18.375,12.121,14.121,16.123,19.123,13.041,15.041,17.044,20.047,13.707,15.71,17.71,20.712,10.956,15.537
19-Sep-12,11.373,14.123,11.786,13.123,14.285,12.375,13.704,10.781,12.784,15.786,12.033,11.373,13.375,16.378,13.871,17.701,11.367,13.37,15.37,18.373,12.118,14.118,16.121,19.121,13.038,15.038,17.041,20.044,13.704,15.707,17.707,20.71,10.953,15.534
20-Sep-12,11.37,14.121,11.784,13.121,14.282,12.373,13.701,10.778,12.781,15.784,12.03,11.37,13.373,16.375,13.868,17.699,11.364,13.367,15.367,18.37,12.115,14.115,16.118,19.118,13.036,15.036,17.038,20.041,13.701,15.704,17.704,20.707,10.951,15.532
21-Sep-12,11.367,14.118,11.781,13.118,14.279,12.37,13.699,10.775,12.778,15.781,12.027,11.367,13.37,16.373,13.866,17.696,11.362,13.364,15.364,18.367,12.112,14.112,16.115,19.115,13.033,15.033,17.036,20.038,13.699,15.701,17.701,20.704,10.948,15.529
22-Sep-12,11.364,14.115,11.778,13.115,14.277,12.367,13.696,10.773,12.775,15.778,12.025,11.364,13.367,16.37,13.863,17.693,11.359,13.362,15.362,18.364,12.11,14.11,16.112,19.112,13.03,15.03,17.033,20.036,13.696,15.699,17.699,20.701,10.945,15.526
23-Sep-12,11.362,14.112,11.775,13.112,14.274,12.364,13.693,10.77,12.773,15.775,12.022,11.362,13.364,16.367,13.86,17.69,11.356,13.359,15.359,18.362,12.107,14.107,16.11,19.11,13.027,15.027,17.03,20.033,13.693,15.696,17.696,20.699,10.942,15.523
24-Sep-12,11.359,14.11,11.773,13.11,14.271,12.362,13.69,10.767,12.77,15.773,12.019,11.359,13.362,16.364,13.858,17.688,11.353,13.356,15.356,18.359,12.104,14.104,16.107,19.107,13.025,15.025,17.027,20.03,13.69,15.693,17.693,20.696,10.94,15.521
25-Sep-12,11.356,14.107,11.77,13.107,14.268,12.359,13.688,10.764,12.767,15.77,12.016,11.356,13.359,16.362,13.855,17.685,11.351,13.353,15.353,18.356,12.101,14.101,16.104,19.104,13.022,15.022,17.025,20.027,13.688,15.69,17.69,20.693,10.937,15.518
26-Sep-12,11.353,14.104,11.767,13.104,14.266,12.356,13.685,10.762,12.764,15.767,12.014,11.353,13.356,16.359,13.852,17.682,11.348,13.351,15.351,18.353,12.099,14.099,16.101,19.101,13.019,15.019,17.022,20.025,13.685,15.688,17.688,20.69,10.934,15.515
27-Sep-12,11.351,14.101,11.764,13.101,14.263,12.353,13.682,10.759,12.762,15.764,12.011,11.351,13.353,16.356,13.849,17.679,11.345,13.348,15.348,18.351,12.096,14.096,16.099,19.099,13.016,15.016,17.019,20.022,13.682,15.685,17.685,20.688,10.932,15.512
28-Sep-12,11.348,14.099,11.762,13.099,14.26,12.351,13.679,10.756,12.759,15.762,12.008,11.348,13.351,16.353,13.847,17.677,11.342,13.345,15.345,18.348,12.093,14.093,16.096,19.096,13.014,15.014,17.016,20.019,13.679,15.682,17.682,20.685,10.929,15.51
29-Sep-12,11.345,14.096,11.759,13.096,14.258,12.348,13.677,10.753,12.756,15.759,12.005,11.345,13.348,16.351,13.844,17.674,11.34,13.342,15.342,18.345,12.09,14.09,16.093,19.093,13.011,15.011,17.014,20.016,13.677,15.679,17.679,20.682,10.926,15.507
30-Sep-12,11.342,14.093,11.756,13.093,14.255,12.345,13.674,10.751,12.753,15.756,12.003,11.342,13.345,16.348,13.841,17.671,11.337,13.34,15.34,18.342,12.088,14.088,16.09,19.09,13.008,15.008,17.011,20.014,13.674,15.677,17.677,20.679,10.923,15.504
1-Oct-12,11.34,14.09,11.753,13.09,14.252,12.342,13.671,10.748,12.751,15.753,12,11.34,13.342,16.345,13.838,17.668,11.334,13.337,15.337,18.34,12.085,14.085,16.088,19.088,13.005,15.005,17.008,20.011,13.671,15.674,17.674,20.677,10.921,15.501
2-Oct-12,11.337,14.088,11.751,13.088,14.249,12.34,13.668,10.745,12.748,15.751,11.997,11.337,13.34,16.342,13.836,17.666,11.332,13.334,15.334,18.337,12.082,14.082,16.085,19.085,13.003,15.003,17.005,20.008,13.668,15.671,17.671,20.674,10.918,15.499
3-Oct-12,11.334,14.085,11.748,13.085,14.247,12.337,13.666,10.742,12.745,15.748,11.995,11.334,13.337,16.34,13.833,17.663,11.329,13.332,15.332,18.334,12.079,14.079,16.082,19.082,13,15,17.003,20.005,13.666,15.668,17.668,20.671,10.915,15.496
4-Oct-12,11.332,14.082,11.745,13.082,14.244,12.334,13.663,10.74,12.742,15.745,11.992,11.332,13.334,16.337,13.83,17.66,11.326,13.329,15.329,18.332,12.077,14.077,16.079,19.079,12.997,14.997,17,20.003,13.663,15.666,17.666,20.668,10.912,15.493
5-Oct-12,11.329,14.079,11.742,13.079,14.241,12.332,13.66,10.737,12.74,15.742,11.989,11.329,13.332,16.334,13.827,17.658,11.323,13.326,15.326,18.329,12.074,14.074,16.077,19.077,12.995,14.995,16.997,20,13.66,15.663,17.663,20.666,10.91,15.49
6-Oct-12,11.326,14.077,11.74,13.077,14.238,12.329,13.658,10.734,12.737,15.74,11.986,11.326,13.329,16.332,13.825,17.655,11.321,13.323,15.323,18.326,12.071,14.071,16.074,19.074,12.992,14.992,16.995,19.997,13.658,15.66,17.66,20.663,10.907,15.488
7-Oct-12,11.323,14.074,11.737,13.074,14.236,12.326,13.655,10.732,12.734,15.737,11.984,11.323,13.326,16.329,13.822,17.652,11.318,13.321,15.321,18.323,12.068,14.068,16.071,19.071,12.989,14.989,16.992,19.995,13.655,15.658,17.658,20.66,10.904,15.485
8-Oct-12,11.321,14.071,11.734,13.071,14.233,12.323,13.652,10.729,12.732,15.734,11.981,11.321,13.323,16.326,13.819,17.649,11.315,13.318,15.318,18.321,12.066,14.066,16.068,19.068,12.986,14.986,16.989,19.992,13.652,15.655,17.655,20.658,10.901,15.482
9-Oct-12,11.318,14.068,11.732,13.068,14.23,12.321,13.649,10.726,12.729,15.732,11.978,11.318,13.321,16.323,13.816,17.647,11.312,13.315,15.315,18.318,12.063,14.063,16.066,19.066,12.984,14.984,16.986,19.989,13.649,15.652,17.652,20.655,10.899,15.479
10-Oct-12,11.315,14.066,11.729,13.066,14.227,12.318,13.647,10.723,12.726,15.729,11.975,11.315,13.318,16.321,13.814,17.644,11.31,13.312,15.312,18.315,12.06,14.06,16.063,19.063,12.981,14.981,16.984,19.986,13.647,15.649,17.649,20.652,10.896,15.477
11-Oct-12,11.312,14.063,11.726,13.063,14.225,12.315,13.644,10.721,12.723,15.726,11.973,11.312,13.315,16.318,13.811,17.641,11.307,13.31,15.31,18.312,12.058,14.058,16.06,19.06,12.978,14.978,16.981,19.984,13.644,15.647,17.647,20.649,10.893,15.474
12-Oct-12,11.31,14.06,11.723,13.06,14.222,12.312,13.641,10.718,12.721,15.723,11.97,11.31,13.312,16.315,13.808,17.638,11.304,13.307,15.307,18.31,12.055,14.055,16.058,19.058,12.975,14.975,16.978,19.981,13.641,15.644,17.644,20.647,10.89,15.471
13-Oct-12,11.307,14.058,11.721,13.058,14.219,12.31,13.638,10.715,12.718,15.721,11.967,11.307,13.31,16.312,13.805,17.636,11.301,13.304,15.304,18.307,12.052,14.052,16.055,19.055,12.973,14.973,16.975,19.978,13.638,15.641,17.641,20.644,10.888,15.468
14-Oct-12,11.304,14.055,11.718,13.055,14.216,12.307,13.636,10.712,12.715,15.718,11.964,11.304,13.307,16.31,13.803,17.633,11.299,13.301,15.301,18.304,12.049,14.049,16.052,19.052,12.97,14.97,16.973,19.975,13.636,15.638,17.638,20.641,10.885,15.466
15-Oct-12,11.301,14.052,11.715,13.052,14.214,12.304,13.633,10.71,12.712,15.715,11.962,11.301,13.304,16.307,13.8,17.63,11.296,13.299,15.299,18.301,12.047,14.047,16.049,19.049,12.967,14.967,16.97,19.973,13.633,15.636,17.636,20.638,10.882,15.463
16-Oct-12,11.299,14.049,11.712,13.049,14.211,12.301,13.63,10.707,12.71,15.712,11.959,11.299,13.301,16.304,13.797,17.627,11.293,13.296,15.296,18.299,12.044,14.044,16.047,19.047,12.964,14.964,16.967,19.97,13.63,15.633,17.633,20.636,10.879,15.46
17-Oct-12,11.296,14.047,11.71,13.047,14.208,12.299,13.627,10.704,12.707,15.71,11.956,11.296,13.299,16.301,13.795,17.625,11.29,13.293,15.293,18.296,12.041,14.041,16.044,19.044,12.962,14.962,16.964,19.967,13.627,15.63,17.63,20.633,10.877,15.458
18-Oct-12,11.293,14.044,11.707,13.044,14.205,12.296,13.625,10.701,12.704,15.707,11.953,11.293,13.296,16.299,13.792,17.622,11.288,13.29,15.29,18.293,12.038,14.038,16.041,19.041,12.959,14.959,16.962,19.964,13.625,15.627,17.627,20.63,10.874,15.455
19-Oct-12,11.29,14.041,11.704,13.041,14.203,12.293,13.622,10.699,12.701,15.704,11.951,11.29,13.293,16.296,13.789,17.619,11.285,13.288,15.288,18.29,12.036,14.036,16.038,19.038,12.956,14.956,16.959,19.962,13.622,15.625,17.625,20.627,10.871,15.452
20-Oct-12,11.288,14.038,11.701,13.038,14.2,12.29,13.619,10.696,12.699,15.701,11.948,11.288,13.29,16.293,13.786,17.616,11.282,13.285,15.285,18.288,12.033,14.033,16.036,19.036,12.953,14.953,16.956,19.959,13.619,15.622,17.622,20.625,10.868,15.449
21-Oct-12,11.285,14.036,11.699,13.036,14.197,12.288,13.616,10.693,12.696,15.699,11.945,11.285,13.288,16.29,13.784,17.614,11.279,13.282,15.282,18.285,12.03,14.03,16.033,19.033,12.951,14.951,16.953,19.956,13.616,15.619,17.619,20.622,10.866,15.447
22-Oct-12,11.282,14.033,11.696,13.033,14.195,12.285,13.614,10.69,12.693,15.696,11.942,11.282,13.285,16.288,13.781,17.611,11.277,13.279,15.279,18.282,12.027,14.027,16.03,19.03,12.948,14.948,16.951,19.953,13.614,15.616,17.616,20.619,10.863,15.444
23-Oct-12,11.279,14.03,11.693,13.03,14.192,12.282,13.611,10.688,12.69,15.693,11.94,11.279,13.282,16.285,13.778,17.608,11.274,13.277,15.277,18.279,12.025,14.025,16.027,19.027,12.945,14.945,16.948,19.951,13.611,15.614,17.614,20.616,10.86,15.441
24-Oct-12,11.277,14.027,11.69,13.027,14.189,12.279,13.608,10.685,12.688,15.69,11.937,11.277,13.279,16.282,13.775,17.605,11.271,13.274,15.274,18.277,12.022,14.022,16.025,19.025,12.942,14.942,16.945,19.948,13.608,15.611,17.611,20.614,10.858,15.438
25-Oct-12,11.274,14.025,11.688,13.025,14.186,12.277,13.605,10.682,12.685,15.688,11.934,11.274,13.277,16.279,13.773,17.603,11.268,13.271,15.271,18.274,12.019,14.019,16.022,19.022,12.94,14.94,16.942,19.945,13.605,15.608,17.608,20.611,10.855,15.436
26-Oct-12,11.271,14.022,11.685,13.022,14.184,12.274,13.603,10.679,12.682,15.685,11.932,11.271,13.274,16.277,13.77,17.6,11.266,13.268,15.268,18.271,12.016,14.016,16.019,19.019,12.937,14.937,16.94,19.942,13.603,15.605,17.605,20.608,10.852,15.433
27-Oct-12,11.268,14.019,11.682,13.019,14.181,12.271,13.6,10.677,12.679,15.682,11.929,11.268,13.271,16.274,13.767,17.597,11.263,13.266,15.266,18.268,12.014,14.014,16.016,19.016,12.934,14.934,16.937,19.94,13.6,15.603,17.603,20.605,10.849,15.43
28-Oct-12,11.266,14.016,11.679,13.016,14.178,12.268,13.597,10.674,12.677,15.679,11.926,11.266,13.268,16.271,13.764,17.595,11.26,13.263,15.263,18.266,12.011,14.011,16.014,19.014,12.932,14.932,16.934,19.937,13.597,15.6,17.6,20.603,10.847,15.427
29-Oct-12,11.263,14.014,11.677,13.014,14.175,12.266,13.595,10.671,12.674,15.677,11.923,11.263,13.266,16.268,13.762,17.592,11.258,13.26,15.26,18.263,12.008,14.008,16.011,19.011,12.929,14.929,16.932,19.934,13.595,15.597,17.597,20.6,10.844,15.425
30-Oct-12,11.26,14.011,11.674,13.011,14.173,12.263,13.592,10.668,12.671,15.674,11.921,11.26,13.263,16.266,13.759,17.589,11.255,13.258,15.258,18.26,12.005,14.005,16.008,19.008,12.926,14.926,16.929,19.932,13.592,15.595,17.595,20.597,10.841,15.422
31-Oct-12,11.258,14.008,11.671,13.008,14.17,12.26,13.589,10.666,12.668,15.671,11.918,11.258,13.26,16.263,13.756,17.586,11.252,13.255,15.255,18.258,12.003,14.003,16.005,19.005,12.923,14.923,16.926,19.929,13.589,15.592,17.592,20.595,10.838,15.419
1-Nov-12,11.255,14.005,11.668,13.005,14.167,12.258,13.586,10.663,12.666,15.668,11.915,11.255,13.258,16.26,13.753,17.584,11.249,13.252,15.252,18.255,12,14,16.003,19.003,12.921,14.921,16.923,19.926,13.586,15.589,17.589,20.592,10.836,15.416
2-Nov-12,11.252,14.003,11.666,13.003,14.164,12.255,13.584,10.66,12.663,15.666,11.912,11.252,13.255,16.258,13.751,17.581,11.247,13.249,15.249,18.252,11.997,13.997,16,19,12.918,14.918,16.921,19.923,13.584,15.586,17.586,20.589,10.833,15.414
3-Nov-12,11.249,14,11.663,13,14.162,12.252,13.581,10.658,12.66,15.663,11.91,11.249,13.252,16.255,13.748,17.578,11.244,13.247,15.247,18.249,11.995,13.995,15.997,18.997,12.915,14.915,16.918,19.921,13.581,15.584,17.584,20.586,10.83,15.411
4-Nov-12,11.247,13.997,11.66,12.997,14.159,12.249,13.578,10.655,12.658,15.66,11.907,11.247,13.249,16.252,13.745,17.575,11.241,13.244,15.244,18.247,11.992,13.992,15.995,18.995,12.912,14.912,16.915,19.918,13.578,15.581,17.581,20.584,10.827,15.408
5-Nov-12,11.244,13.995,11.658,12.995,14.156,12.247,13.575,10.652,12.655,15.658,11.904,11.244,13.247,16.249,13.742,17.573,11.238,13.241,15.241,18.244,11.989,13.989,15.992,18.992,12.91,14.91,16.912,19.915,13.575,15.578,17.578,20.581,10.825,15.405
6-Nov-12,11.241,13.992,11.655,12.992,14.153,12.244,13.573,10.649,12.652,15.655,11.901,11.241,13.244,16.247,13.74,17.57,11.236,13.238,15.238,18.241,11.986,13.986,15.989,18.989,12.907,14.907,16.91,19.912,13.573,15.575,17.575,20.578,10.822,15.403
7-Nov-12,11.238,13.989,11.652,12.989,14.151,12.241,13.57,10.647,12.649,15.652,11.899,11.238,13.241,16.244,13.737,17.567,11.233,13.236,15.236,18.238,11.984,13.984,15.986,18.986,12.904,14.904,16.907,19.91,13.57,15.573,17.573,20.575,10.819,15.4
8-Nov-12,11.236,13.986,11.649,12.986,14.148,12.238,13.567,10.644,12.647,15.649,11.896,11.236,13.238,16.241,13.734,17.564,11.23,13.233,15.233,18.236,11.981,13.981,15.984,18.984,12.901,14.901,16.904,19.907,13.567,15.57,17.57,20.573,10.816,15.397
9-Nov-12,11.233,13.984,11.647,12.984,14.145,12.236,13.564,10.641,12.644,15.647,11.893,11.233,13.236,16.238,13.732,17.562,11.227,13.23,15.23,18.233,11.978,13.978,15.981,18.981,12.899,14.899,16.901,19.904,13.564,15.567,17.567,20.57,10.814,15.395
10-Nov-12,11.23,13.981,11.644,12.981,14.142,12.233,13.562,10.638,12.641,15.644,11.89,11.23,13.233,16.236,13.729,17.559,11.225,13.227,15.227,18.23,11.975,13.975,15.978,18.978,12.896,14.896,16.899,19.901,13.562,15.564,17.564,20.567,10.811,15.392
11-Nov-12,11.227,13.978,11.641,12.978,14.14,12.23,13.559,10.636,12.638,15.641,11.888,11.227,13.23,16.233,13.726,17.556,11.222,13.225,15.225,18.227,11.973,13.973,15.975,18.975,12.893,14.893,16.896,19.899,13.559,15.562,17.562,20.564,10.808,15.389
12-Nov-12,11.225,13.975,11.638,12.975,14.137,12.227,13.556,10.633,12.636,15.638,11.885,11.225,13.227,16.23,13.723,17.553,11.219,13.222,15.222,18.225,11.97,13.97,15.973,18.973,12.89,14.89,16.893,19.896,13.556,15.559,17.559,20.562,10.805,15.386
13-Nov-12,11.222,13.973,11.636,12.973,14.134,12.225,13.553,10.63,12.633,15.636,11.882,11.222,13.225,16.227,13.721,17.551,11.216,13.219,15.219,18.222,11.967,13.967,15.97,18.97,12.888,14.888,16.89,19.893,13.553,15.556,17.556,20.559,10.803,15.384
14-Nov-12,11.219,13.97,11.633,12.97,14.132,12.222,13.551,10.627,12.63,15.633,11.879,11.219,13.222,16.225,13.718,17.548,11.214,13.216,15.216,18.219,11.964,13.964,15.967,18.967,12.885,14.885,16.888,19.89,13.551,15.553,17.553,20.556,10.8,15.381
15-Nov-12,11.216,13.967,11.63,12.967,14.129,12.219,13.548,10.625,12.627,15.63,11.877,11.216,13.219,16.222,13.715,17.545,11.211,13.214,15.214,18.216,11.962,13.962,15.964,18.964,12.882,14.882,16.885,19.888,13.548,15.551,17.551,20.553,10.797,15.378
16-Nov-12,11.214,13.964,11.627,12.964,14.126,12.216,13.545,10.622,12.625,15.627,11.874,11.214,13.216,16.219,13.712,17.542,11.208,13.211,15.211,18.214,11.959,13.959,15.962,18.962,12.879,14.879,16.882,19.885,13.545,15.548,17.548,20.551,10.795,15.375
17-Nov-12,11.211,13.962,11.625,12.962,14.123,12.214,13.542,10.619,12.622,15.625,11.871,11.211,13.214,16.216,13.71,17.54,11.205,13.208,15.208,18.211,11.956,13.956,15.959,18.959,12.877,14.877,16.879,19.882,13.542,15.545,17.545,20.548,10.792,15.373
18-Nov-12,11.208,13.959,11.622,12.959,14.121,12.211,13.54,10.616,12.619,15.622,11.868,11.208,13.211,16.214,13.707,17.537,11.203,13.205,15.205,18.208,11.953,13.953,15.956,18.956,12.874,14.874,16.877,19.879,13.54,15.542,17.542,20.545,10.789,15.37
19-Nov-12,11.205,13.956,11.619,12.956,14.118,12.208,13.537,10.614,12.616,15.619,11.866,11.205,13.208,16.211,13.704,17.534,11.2,13.203,15.203,18.205,11.951,13.951,15.953,18.953,12.871,14.871,16.874,19.877,13.537,15.54,17.54,20.542,10.786,15.367
20-Nov-12,11.203,13.953,11.616,12.953,14.115,12.205,13.534,10.611,12.614,15.616,11.863,11.203,13.205,16.208,13.701,17.532,11.197,13.2,15.2,18.203,11.948,13.948,15.951,18.951,12.868,14.868,16.871,19.874,13.534,15.537,17.537,20.54,10.784,15.364
21-Nov-12,11.2,13.951,11.614,12.951,14.112,12.203,13.532,10.608,12.611,15.614,11.86,11.2,13.203,16.205,13.699,17.529,11.195,13.197,15.197,18.2,11.945,13.945,15.948,18.948,12.866,14.866,16.868,19.871,13.532,15.534,17.534,20.537,10.781,15.362
22-Nov-12,11.197,13.948,11.611,12.948,14.11,12.2,13.529,10.605,12.608,15.611,11.858,11.197,13.2,16.203,13.696,17.526,11.192,13.195,15.195,18.197,11.942,13.942,15.945,18.945,12.863,14.863,16.866,19.868,13.529,15.532,17.532,20.534,10.778,15.359
23-Nov-12,11.195,13.945,11.608,12.945,14.107,12.197,13.526,10.603,12.605,15.608,11.855,11.195,13.197,16.2,13.693,17.523,11.189,13.192,15.192,18.195,11.94,13.94,15.942,18.942,12.86,14.86,16.863,19.866,13.526,15.529,17.529,20.532,10.775,15.356
24-Nov-12,11.192,13.942,11.605,12.942,14.104,12.195,13.523,10.6,12.603,15.605,11.852,11.192,13.195,16.197,13.69,17.521,11.186,13.189,15.189,18.192,11.937,13.937,15.94,18.94,12.858,14.858,16.86,19.863,13.523,15.526,17.526,20.529,10.773,15.353
25-Nov-12,11.189,13.94,11.603,12.94,14.101,12.192,13.521,10.597,12.6,15.603,11.849,11.189,13.192,16.195,13.688,17.518,11.184,13.186,15.186,18.189,11.934,13.934,15.937,18.937,12.855,14.855,16.858,19.86,13.521,15.523,17.523,20.526,10.77,15.351
26-Nov-12,11.186,13.937,11.6,12.937,14.099,12.189,13.518,10.595,12.597,15.6,11.847,11.186,13.189,16.192,13.685,17.515,11.181,13.184,15.184,18.186,11.932,13.932,15.934,18.934,12.852,14.852,16.855,19.858,13.518,15.521,17.521,20.523,10.767,15.348
27-Nov-12,11.184,13.934,11.597,12.934,14.096,12.186,13.515,10.592,12.595,15.597,11.844,11.184,13.186,16.189,13.682,17.512,11.178,13.181,15.181,18.184,11.929,13.929,15.932,18.932,12.849,14.849,16.852,19.855,13.515,15.518,17.518,20.521,10.764,15.345
28-Nov-12,11.181,13.932,11.595,12.932,14.093,12.184,13.512,10.589,12.592,15.595,11.841,11.181,13.184,16.186,13.679,17.51,11.175,13.178,15.178,18.181,11.926,13.926,15.929,18.929,12.847,14.847,16.849,19.852,13.512,15.515,17.515,20.518,10.762,15.342
29-Nov-12,11.178,13.929,11.592,12.929,14.09,12.181,13.51,10.586,12.589,15.592,11.838,11.178,13.181,16.184,13.677,17.507,11.173,13.175,15.175,18.178,11.923,13.923,15.926,18.926,12.844,14.844,16.847,19.849,13.51,15.512,17.512,20.515,10.759,15.34
30-Nov-12,11.175,13.926,11.589,12.926,14.088,12.178,13.507,10.584,12.586,15.589,11.836,11.175,13.178,16.181,13.674,17.504,11.17,13.173,15.173,18.175,11.921,13.921,15.923,18.923,12.841,14.841,16.844,19.847,13.507,15.51,17.51,20.512,10.756,15.337
1-Dec-12,11.173,13.923,11.586,12.923,14.085,12.175,13.504,10.581,12.584,15.586,11.833,11.173,13.175,16.178,13.671,17.501,11.167,13.17,15.17,18.173,11.918,13.918,15.921,18.921,12.838,14.838,16.841,19.844,13.504,15.507,17.507,20.51,10.753,15.334
2-Dec-12,11.17,13.921,11.584,12.921,14.082,12.173,13.501,10.578,12.581,15.584,11.83,11.17,13.173,16.175,13.668,17.499,11.164,13.167,15.167,18.17,11.915,13.915,15.918,18.918,12.836,14.836,16.838,19.841,13.501,15.504,17.504,20.507,10.751,15.332
3-Dec-12,11.167,13.918,11.581,12.918,14.079,12.17,13.499,10.575,12.578,15.581,11.827,11.167,13.17,16.173,13.666,17.496,11.162,13.164,15.164,18.167,11.912,13.912,15.915,18.915,12.833,14.833,16.836,19.838,13.499,15.501,17.501,20.504,10.748,15.329
4-Dec-12,11.164,13.915,11.578,12.915,14.077,12.167,13.496,10.573,12.575,15.578,11.825,11.164,13.167,16.17,13.663,17.493,11.159,13.162,15.162,18.164,11.91,13.91,15.912,18.912,12.83,14.83,16.833,19.836,13.496,15.499,17.499,20.501,10.745,15.326
5-Dec-12,11.162,13.912,11.575,12.912,14.074,12.164,13.493,10.57,12.573,15.575,11.822,11.162,13.164,16.167,13.66,17.49,11.156,13.159,15.159,18.162,11.907,13.907,15.91,18.91,12.827,14.827,16.83,19.833,13.493,15.496,17.496,20.499,10.742,15.323
6-Dec-12,11.159,13.91,11.573,12.91,14.071,12.162,13.49,10.567,12.57,15.573,11.819,11.159,13.162,16.164,13.658,17.488,11.153,13.156,15.156,18.159,11.904,13.904,15.907,18.907,12.825,14.825,16.827,19.83,13.49,15.493,17.493,20.496,10.74,15.321
7-Dec-12,11.156,13.907,11.57,12.907,14.068,12.159,13.488,10.564,12.567,15.57,11.816,11.156,13.159,16.162,13.655,17.485,11.151,13.153,15.153,18.156,11.901,13.901,15.904,18.904,12.822,14.822,16.825,19.827,13.488,15.49,17.49,20.493,10.737,15.318
8-Dec-12,11.153,13.904,11.567,12.904,14.066,12.156,13.485,10.562,12.564,15.567,11.814,11.153,13.156,16.159,13.652,17.482,11.148,13.151,15.151,18.153,11.899,13.899,15.901,18.901,12.819,14.819,16.822,19.825,13.485,15.488,17.488,20.49,10.734,15.315
9-Dec-12,11.151,13.901,11.564,12.901,14.063,12.153,13.482,10.559,12.562,15.564,11.811,11.151,13.153,16.156,13.649,17.479,11.145,13.148,15.148,18.151,11.896,13.896,15.899,18.899,12.816,14.816,16.819,19.822,13.482,15.485,17.485,20.488,10.732,15.312
10-Dec-12,11.148,13.899,11.562,12.899,14.06,12.151,13.479,10.556,12.559,15.562,11.808,11.148,13.151,16.153,13.647,17.477,11.142,13.145,15.145,18.148,11.893,13.893,15.896,18.896,12.814,14.814,16.816,19.819,13.479,15.482,17.482,20.485,10.729,15.31
11-Dec-12,11.145,13.896,11.559,12.896,14.058,12.148,13.477,10.553,12.556,15.559,11.805,11.145,13.148,16.151,13.644,17.474,11.14,13.142,15.142,18.145,11.89,13.89,15.893,18.893,12.811,14.811,16.814,19.816,13.477,15.479,17.479,20.482,10.726,15.307
12-Dec-12,11.142,13.893,11.556,12.893,14.055,12.145,13.474,10.551,12.553,15.556,11.803,11.142,13.145,16.148,13.641,17.471,11.137,13.14,15.14,18.142,11.888,13.888,15.89,18.89,12.808,14.808,16.811,19.814,13.474,15.477,17.477,20.479,10.723,15.304
13-Dec-12,11.14,13.89,11.553,12.89,14.052,12.142,13.471,10.548,12.551,15.553,11.8,11.14,13.142,16.145,13.638,17.468,11.134,13.137,15.137,18.14,11.885,13.885,15.888,18.888,12.805,14.805,16.808,19.811,13.471,15.474,17.474,20.477,10.721,15.301
14-Dec-12,11.137,13.888,11.551,12.888,14.049,12.14,13.468,10.545,12.548,15.551,11.797,11.137,13.14,16.142,13.636,17.466,11.132,13.134,15.134,18.137,11.882,13.882,15.885,18.885,12.803,14.803,16.805,19.808,13.468,15.471,17.471,20.474,10.718,15.299
15-Dec-12,11.134,13.885,11.548,12.885,14.047,12.137,13.466,10.542,12.545,15.548,11.795,11.134,13.137,16.14,13.633,17.463,11.129,13.132,15.132,18.134,11.879,13.879,15.882,18.882,12.8,14.8,16.803,19.805,13.466,15.468,17.468,20.471,10.715,15.296
16-Dec-12,11.132,13.882,11.545,12.882,14.044,12.134,13.463,10.54,12.542,15.545,11.792,11.132,13.134,16.137,13.63,17.46,11.126,13.129,15.129,18.132,11.877,13.877,15.879,18.879,12.797,14.797,16.8,19.803,13.463,15.466,17.466,20.468,10.712,15.293
17-Dec-12,11.129,13.879,11.542,12.879,14.041,12.132,13.46,10.537,12.54,15.542,11.789,11.129,13.132,16.134,13.627,17.458,11.123,13.126,15.126,18.129,11.874,13.874,15.877,18.877,12.795,14.795,16.797,19.8,13.46,15.463,17.463,20.466,10.71,15.29
18-Dec-12,11.126,13.877,11.54,12.877,14.038,12.129,13.458,10.534,12.537,15.54,11.786,11.126,13.129,16.132,13.625,17.455,11.121,13.123,15.123,18.126,11.871,13.871,15.874,18.874,12.792,14.792,16.795,19.797,13.458,15.46,17.46,20.463,10.707,15.288
19-Dec-12,11.123,13.874,11.537,12.874,14.036,12.126,13.455,10.532,12.534,15.537,11.784,11.123,13.126,16.129,13.622,17.452,11.118,13.121,15.121,18.123,11.868,13.868,15.871,18.871,12.789,14.789,16.792,19.795,13.455,15.458,17.458,20.46,10.704,15.285
20-Dec-12,11.121,13.871,11.534,12.871,14.033,12.123,13.452,10.529,12.532,15.534,11.781,11.121,13.123,16.126,13.619,17.449,11.115,13.118,15.118,18.121,11.866,13.866,15.868,18.868,12.786,14.786,16.789,19.792,13.452,15.455,17.455,20.458,10.701,15.282
21-Dec-12,11.118,13.868,11.532,12.868,14.03,12.121,13.449,10.526,12.529,15.532,11.778,11.118,13.121,16.123,13.616,17.447,11.112,13.115,15.115,18.118,11.863,13.863,15.866,18.866,12.784,14.784,16.786,19.789,13.449,15.452,17.452,20.455,10.699,15.279
22-Dec-12,11.115,13.866,11.529,12.866,14.027,12.118,13.447,10.523,12.526,15.529,11.775,11.115,13.118,16.121,13.614,17.444,11.11,13.112,15.112,18.115,11.86,13.86,15.863,18.863,12.781,14.781,16.784,19.786,13.447,15.449,17.449,20.452,10.696,15.277
23-Dec-12,11.112,13.863,11.526,12.863,14.025,12.115,13.444,10.521,12.523,15.526,11.773,11.112,13.115,16.118,13.611,17.441,11.107,13.11,15.11,18.112,11.858,13.858,15.86,18.86,12.778,14.778,16.781,19.784,13.444,15.447,17.447,20.449,10.693,15.274
24-Dec-12,11.11,13.86,11.523,12.86,14.022,12.112,13.441,10.518,12.521,15.523,11.77,11.11,13.112,16.115,13.608,17.438,11.104,13.107,15.107,18.11,11.855,13.855,15.858,18.858,12.775,14.775,16.778,19.781,13.441,15.444,17.444,20.447,10.69,15.271
25-Dec-12,11.107,13.858,11.521,12.858,14.019,12.11,13.438,10.515,12.518,15.521,11.767,11.107,13.11,16.112,13.605,17.436,11.101,13.104,15.104,18.107,11.852,13.852,15.855,18.855,12.773,14.773,16.775,19.778,13.438,15.441,17.441,20.444,10.688,15.268
26-Dec-12,11.104,13.855,11.518,12.855,14.016,12.107,13.436,10.512,12.515,15.518,11.764,11.104,13.107,16.11,13.603,17.433,11.099,13.101,15.101,18.104,11.849,13.849,15.852,18.852,12.77,14.77,16.773,19.775,13.436,15.438,17.438,20.441,10.685,15.266
27-Dec-12,11.101,13.852,11.515,12.852,14.014,12.104,13.433,10.51,12.512,15.515,11.762,11.101,13.104,16.107,13.6,17.43,11.096,13.099,15.099,18.101,11.847,13.847,15.849,18.849,12.767,14.767,16.77,19.773,13.433,15.436,17.436,20.438,10.682,15.263
28-Dec-12,11.099,13.849,11.512,12.849,14.011,12.101,13.43,10.507,12.51,15.512,11.759,11.099,13.101,16.104,13.597,17.427,11.093,13.096,15.096,18.099,11.844,13.844,15.847,18.847,12.764,14.764,16.767,19.77,13.43,15.433,17.433,20.436,10.679,15.26
29-Dec-12,11.096,13.847,11.51,12.847,14.008,12.099,13.427,10.504,12.507,15.51,11.756,11.096,13.099,16.101,13.595,17.425,11.09,13.093,15.093,18.096,11.841,13.841,15.844,18.844,12.762,14.762,16.764,19.767,13.427,15.43,17.43,20.433,10.677,15.258
30-Dec-12,11.093,13.844,11.507,12.844,14.005,12.096,13.425,10.501,12.504,15.507,11.753,11.093,13.096,16.099,13.592,17.422,11.088,13.09,15.09,18.093,11.838,13.838,15.841,18.841,12.759,14.759,16.762,19.764,13.425,15.427,17.427,20.43,10.674,15.255
31-Dec-12,11.09,13.841,11.504,12.841,14.003,12.093,13.422,10.499,12.501,15.504,11.751,11.09,13.093,16.096,13.589,17.419,11.085,13.088,15.088,18.09,11.836,13.836,15.838,18.838,12.756,14.756,16.759,19.762,13.422,15.425,17.425,20.427,10.671,15.252
1-Jan-13,11.088,13.838,11.501,12.838,14,12.09,13.419,10.496,12.499,15.501,11.748,11.088,13.09,16.093,13.586,17.416,11.082,13.085,15.085,18.088,11.833,13.833,15.836,18.836,12.753,14.753,16.756,19.759,13.419,15.422,17.422,20.425,10.668,15.249
2-Jan-13,11.085,13.836,11.499,12.836,13.997,12.088,13.416,10.493,12.496,15.499,11.745,11.085,13.088,16.09,13.584,17.414,11.079,13.082,15.082,18.085,11.83,13.83,15.833,18.833,12.751,14.751,16.753,19.756,13.416,15.419,17.419,20.422,10.666,15.247
3-Jan-13,11.082,13.833,11.496,12.833,13.995,12.085,13.414,10.49,12.493,15.496,11.742,11.082,13.085,16.088,13.581,17.411,11.077,13.079,15.079,18.082,11.827,13.827,15.83,18.83,12.748,14.748,16.751,19.753,13.414,15.416,17.416,20.419,10.663,15.244
4-Jan-13,11.079,13.83,11.493,12.83,13.992,12.082,13.411,10.488,12.49,15.493,11.74,11.079,13.082,16.085,13.578,17.408,11.074,13.077,15.077,18.079,11.825,13.825,15.827,18.827,12.745,14.745,16.748,19.751,13.411,15.414,17.414,20.416,10.66,15.241
5-Jan-13,11.077,13.827,11.49,12.827,13.989,12.079,13.408,10.485,12.488,15.49,11.737,11.077,13.079,16.082,13.575,17.405,11.071,13.074,15.074,18.077,11.822,13.822,15.825,18.825,12.742,14.742,16.745,19.748,13.408,15.411,17.411,20.414,10.658,15.238
6-Jan-13,11.074,13.825,11.488,12.825,13.986,12.077,13.405,10.482,12.485,15.488,11.734,11.074,13.077,16.079,13.573,17.403,11.068,13.071,15.071,18.074,11.819,13.819,15.822,18.822,12.74,14.74,16.742,19.745,13.405,15.408,17.408,20.411,10.655,15.236
7-Jan-13,11.071,13.822,11.485,12.822,13.984,12.074,13.403,10.479,12.482,15.485,11.732,11.071,13.074,16.077,13.57,17.4,11.066,13.068,15.068,18.071,11.816,13.816,15.819,18.819,12.737,14.737,16.74,19.742,13.403,15.405,17.405,20.408,10.652,15.233
8-Jan-13,11.068,13.819,11.482,12.819,13.981,12.071,13.4,10.477,12.479,15.482,11.729,11.068,13.071,16.074,13.567,17.397,11.063,13.066,15.066,18.068,11.814,13.814,15.816,18.816,12.734,14.734,16.737,19.74,13.4,15.403,17.403,20.405,10.649,15.23
9-Jan-13,11.066,13.816,11.479,12.816,13.978,12.068,13.397,10.474,12.477,15.479,11.726,11.066,13.068,16.071,13.564,17.395,11.06,13.063,15.063,18.066,11.811,13.811,15.814,18.814,12.732,14.732,16.734,19.737,13.397,15.4,17.4,20.403,10.647,15.227
10-Jan-13,11.063,13.814,11.477,12.814,13.975,12.066,13.395,10.471,12.474,15.477,11.723,11.063,13.066,16.068,13.562,17.392,11.058,13.06,15.06,18.063,11.808,13.808,15.811,18.811,12.729,14.729,16.732,19.734,13.395,15.397,17.397,20.4,10.644,15.225
11-Jan-13,11.06,13.811,11.474,12.811,13.973,12.063,13.392,10.468,12.471,15.474,11.721,11.06,13.063,16.066,13.559,17.389,11.055,13.058,15.058,18.06,11.805,13.805,15.808,18.808,12.726,14.726,16.729,19.732,13.392,15.395,17.395,20.397,10.641,15.222
12-Jan-13,11.058,13.808,11.471,12.808,13.97,12.06,13.389,10.466,12.468,15.471,11.718,11.058,13.06,16.063,13.556,17.386,11.052,13.055,15.055,18.058,11.803,13.803,15.805,18.805,12.723,14.723,16.726,19.729,13.389,15.392,17.392,20.395,10.638,15.219
13-Jan-13,11.055,13.805,11.468,12.805,13.967,12.058,13.386,10.463,12.466,15.468,11.715,11.055,13.058,16.06,13.553,17.384,11.049,13.052,15.052,18.055,11.8,13.8,15.803,18.803,12.721,14.721,16.723,19.726,13.386,15.389,17.389,20.392,10.636,15.216
14-Jan-13,11.052,13.803,11.466,12.803,13.964,12.055,13.384,10.46,12.463,15.466,11.712,11.052,13.055,16.058,13.551,17.381,11.047,13.049,15.049,18.052,11.797,13.797,15.8,18.8,12.718,14.718,16.721,19.723,13.384,15.386,17.386,20.389,10.633,15.214
15-Jan-13,11.049,13.8,11.463,12.8,13.962,12.052,13.381,10.458,12.46,15.463,11.71,11.049,13.052,16.055,13.548,17.378,11.044,13.047,15.047,18.049,11.795,13.795,15.797,18.797,12.715,14.715,16.718,19.721,13.381,15.384,17.384,20.386,10.63,15.211
16-Jan-13,11.047,13.797,11.46,12.797,13.959,12.049,13.378,10.455,12.458,15.46,11.707,11.047,13.049,16.052,13.545,17.375,11.041,13.044,15.044,18.047,11.792,13.792,15.795,18.795,12.712,14.712,16.715,19.718,13.378,15.381,17.381,20.384,10.627,15.208
17-Jan-13,11.044,13.795,11.458,12.795,13.956,12.047,13.375,10.452,12.455,15.458,11.704,11.044,13.047,16.049,13.542,17.373,11.038,13.041,15.041,18.044,11.789,13.789,15.792,18.792,12.71,14.71,16.712,19.715,13.375,15.378,17.378,20.381,10.625,15.205
18-Jan-13,11.041,13.792,11.455,12.792,13.953,12.044,13.373,10.449,12.452,15.455,11.701,11.041,13.044,16.047,13.54,17.37,11.036,13.038,15.038,18.041,11.786,13.786,15.789,18.789,12.707,14.707,16.71,19.712,13.373,15.375,17.375,20.378,10.622,15.203
19-Jan-13,11.038,13.789,11.452,12.789,13.951,12.041,13.37,10.447,12.449,15.452,11.699,11.038,13.041,16.044,13.537,17.367,11.033,13.036,15.036,18.038,11.784,13.784,15.786,18.786,12.704,14.704,16.707,19.71,13.37,15.373,17.373,20.375,10.619,15.2
20-Jan-13,11.036,13.786,11.449,12.786,13.948,12.038,13.367,10.444,12.447,15.449,11.696,11.036,13.038,16.041,13.534,17.364,11.03,13.033,15.033,18.036,11.781,13.781,15.784,18.784,12.701,14.701,16.704,19.707,13.367,15.37,17.37,20.373,10.616,15.197
21-Jan-13,11.033,13.784,11.447,12.784,13.945,12.036,13.364,10.441,12.444,15.447,11.693,11.033,13.036,16.038,13.532,17.362,11.027,13.03,15.03,18.033,11.778,13.778,15.781,18.781,12.699,14.699,16.701,19.704,13.364,15.367,17.367,20.37,10.614,15.195
22-Jan-13,11.03,13.781,11.444,12.781,13.942,12.033,13.362,10.438,12.441,15.444,11.69,11.03,13.033,16.036,13.529,17.359,11.025,13.027,15.027,18.03,11.775,13.775,15.778,18.778,12.696,14.696,16.699,19.701,13.362,15.364,17.364,20.367,10.611,15.192
23-Jan-13,11.027,13.778,11.441,12.778,13.94,12.03,13.359,10.436,12.438,15.441,11.688,11.027,13.03,16.033,13.526,17.356,11.022,13.025,15.025,18.027,11.773,13.773,15.775,18.775,12.693,14.693,16.696,19.699,13.359,15.362,17.362,20.364,10.608,15.189
24-Jan-13,11.025,13.775,11.438,12.775,13.937,12.027,13.356,10.433,12.436,15.438,11.685,11.025,13.027,16.03,13.523,17.353,11.019,13.022,15.022,18.025,11.77,13.77,15.773,18.773,12.69,14.69,16.693,19.696,13.356,15.359,17.359,20.362,10.605,15.186
25-Jan-13,11.022,13.773,11.436,12.773,13.934,12.025,13.353,10.43,12.433,15.436,11.682,11.022,13.025,16.027,13.521,17.351,11.016,13.019,15.019,18.022,11.767,13.767,15.77,18.77,12.688,14.688,16.69,19.693,13.353,15.356,17.356,20.359,10.603,15.184
26-Jan-13,11.019,13.77,11.433,12.77,13.932,12.022,13.351,10.427,12.43,15.433,11.679,11.019,13.022,16.025,13.518,17.348,11.014,13.016,15.016,18.019,11.764,13.764,15.767,18.767,12.685,14.685,16.688,19.69,13.351,15.353,17.353,20.356,10.6,15.181
27-Jan-13,11.016,13.767,11.43,12.767,13.929,12.019,13.348,10.425,12.427,15.43,11.677,11.016,13.019,16.022,13.515,17.345,11.011,13.014,15.014,18.016,11.762,13.762,15.764,18.764,12.682,14.682,16.685,19.688,13.348,15.351,17.351,20.353,10.597,15.178
28-Jan-13,11.014,13.764,11.427,12.764,13.926,12.016,13.345,10.422,12.425,15.427,11.674,11.014,13.016,16.019,13.512,17.342,11.008,13.011,15.011,18.014,11.759,13.759,15.762,18.762,12.679,14.679,16.682,19.685,13.345,15.348,17.348,20.351,10.595,15.175
29-Jan-13,11.011,13.762,11.425,12.762,13.923,12.014,13.342,10.419,12.422,15.425,11.671,11.011,13.014,16.016,13.51,17.34,11.005,13.008,15.008,18.011,11.756,13.756,15.759,18.759,12.677,14.677,16.679,19.682,13.342,15.345,17.345,20.348,10.592,15.173
30-Jan-13,11.008,13.759,11.422,12.759,13.921,12.011,13.34,10.416,12.419,15.422,11.668,11.008,13.011,16.014,13.507,17.337,11.003,13.005,15.005,18.008,11.753,13.753,15.756,18.756,12.674,14.674,16.677,19.679,13.34,15.342,17.342,20.345,10.589,15.17
31-Jan-13,11.005,13.756,11.419,12.756,13.918,12.008,13.337,10.414,12.416,15.419,11.666,11.005,13.008,16.011,13.504,17.334,11,13.003,15.003,18.005,11.751,13.751,15.753,18.753,12.671,14.671,16.674,19.677,13.337,15.34,17.34,20.342,10.586,15.167
1-Feb-13,11.003,13.753,11.416,12.753,13.915,12.005,13.334,10.411,12.414,15.416,11.663,11.003,13.005,16.008,13.501,17.332,10.997,13,15,18.003,11.748,13.748,15.751,18.751,12.668,14.668,16.671,19.674,13.334,15.337,17.337,20.34,10.584,15.164
2-Feb-13,11,13.751,11.414,12.751,13.912,12.003,13.332,10.408,12.411,15.414,11.66,11,13.003,16.005,13.499,17.329,10.995,12.997,14.997,18,11.745,13.745,15.748,18.748,12.666,14.666,16.668,19.671,13.332,15.334,17.334,20.337,10.581,15.162
3-Feb-13,10.997,13.748,11.411,12.748,13.91,12,13.329,10.405,12.408,15.411,11.658,10.997,13,16.003,13.496,17.326,10.992,12.995,14.995,17.997,11.742,13.742,15.745,18.745,12.663,14.663,16.666,19.668,13.329,15.332,17.332,20.334,10.578,15.159
4-Feb-13,10.995,13.745,11.408,12.745,13.907,11.997,13.326,10.403,12.405,15.408,11.655,10.995,12.997,16,13.493,17.323,10.989,12.992,14.992,17.995,11.74,13.74,15.742,18.742,12.66,14.66,16.663,19.666,13.326,15.329,17.329,20.332,10.575,15.156
5-Feb-13,10.992,13.742,11.405,12.742,13.904,11.995,13.323,10.4,12.403,15.405,11.652,10.992,12.995,15.997,13.49,17.321,10.986,12.989,14.989,17.992,11.737,13.737,15.74,18.74,12.658,14.658,16.66,19.663,13.323,15.326,17.326,20.329,10.573,15.153
6-Feb-13,10.989,13.74,11.403,12.74,13.901,11.992,13.321,10.397,12.4,15.403,11.649,10.989,12.992,15.995,13.488,17.318,10.984,12.986,14.986,17.989,11.734,13.734,15.737,18.737,12.655,14.655,16.658,19.66,13.321,15.323,17.323,20.326,10.57,15.151
7-Feb-13,10.986,13.737,11.4,12.737,13.899,11.989,13.318,10.395,12.397,15.4,11.647,10.986,12.989,15.992,13.485,17.315,10.981,12.984,14.984,17.986,11.732,13.732,15.734,18.734,12.652,14.652,16.655,19.658,13.318,15.321,17.321,20.323,10.567,15.148
8-Feb-13,10.984,13.734,11.397,12.734,13.896,11.986,13.315,10.392,12.395,15.397,11.644,10.984,12.986,15.989,13.482,17.312,10.978,12.981,14.981,17.984,11.729,13.729,15.732,18.732,12.649,14.649,16.652,19.655,13.315,15.318,17.318,20.321,10.564,15.145
9-Feb-13,10.981,13.732,11.395,12.732,13.893,11.984,13.312,10.389,12.392,15.395,11.641,10.981,12.984,15.986,13.479,17.31,10.975,12.978,14.978,17.981,11.726,13.726,15.729,18.729,12.647,14.647,16.649,19.652,13.312,15.315,17.315,20.318,10.562,15.142
10-Feb-13,10.978,13.729,11.392,12.729,13.89,11.981,13.31,10.386,12.389,15.392,11.638,10.978,12.981,15.984,13.477,17.307,10.973,12.975,14.975,17.978,11.723,13.723,15.726,18.726,12.644,14.644,16.647,19.649,13.31,15.312,17.312,20.315,10.559,15.14
11-Feb-13,10.975,13.726,11.389,12.726,13.888,11.978,13.307,10.384,12.386,15.389,11.636,10.975,12.978,15.981,13.474,17.304,10.97,12.973,14.973,17.975,11.721,13.721,15.723,18.723,12.641,14.641,16.644,19.647,13.307,15.31,17.31,20.312,10.556,15.137
12-Feb-13,10.973,13.723,11.386,12.723,13.885,11.975,13.304,10.381,12.384,15.386,11.633,10.973,12.975,15.978,13.471,17.301,10.967,12.97,14.97,17.973,11.718,13.718,15.721,18.721,12.638,14.638,16.641,19.644,13.304,15.307,17.307,20.31,10.553,15.134
13-Feb-13,10.97,13.721,11.384,12.721,13.882,11.973,13.301,10.378,12.381,15.384,11.63,10.97,12.973,15.975,13.468,17.299,10.964,12.967,14.967,17.97,11.715,13.715,15.718,18.718,12.636,14.636,16.638,19.641,13.301,15.304,17.304,20.307,10.551,15.132
14-Feb-13,10.967,13.718,11.381,12.718,13.879,11.97,13.299,10.375,12.378,15.381,11.627,10.967,12.97,15.973,13.466,17.296,10.962,12.964,14.964,17.967,11.712,13.712,15.715,18.715,12.633,14.633,16.636,19.638,13.299,15.301,17.301,20.304,10.548,15.129
15-Feb-13,10.964,13.715,11.378,12.715,13.877,11.967,13.296,10.373,12.375,15.378,11.625,10.964,12.967,15.97,13.463,17.293,10.959,12.962,14.962,17.964,11.71,13.71,15.712,18.712,12.63,14.63,16.633,19.636,13.296,15.299,17.299,20.301,10.545,15.126
16-Feb-13,10.962,13.712,11.375,12.712,13.874,11.964,13.293,10.37,12.373,15.375,11.622,10.962,12.964,15.967,13.46,17.29,10.956,12.959,14.959,17.962,11.707,13.707,15.71,18.71,12.627,14.627,16.63,19.633,13.293,15.296,17.296,20.299,10.542,15.123
17-Feb-13,10.959,13.71,11.373,12.71,13.871,11.962,13.29,10.367,12.37,15.373,11.619,10.959,12.962,15.964,13.458,17.288,10.953,12.956,14.956,17.959,11.704,13.704,15.707,18.707,12.625,14.625,16.627,19.63,13.29,15.293,17.293,20.296,10.54,15.121
18-Feb-13,10.956,13.707,11.37,12.707,13.868,11.959,13.288,10.364,12.367,15.37,11.616,10.956,12.959,15.962,13.455,17.285,10.951,12.953,14.953,17.956,11.701,13.701,15.704,18.704,12.622,14.622,16.625,19.627,13.288,15.29,17.29,20.293,10.537,15.118
19-Feb-13,10.953,13.704,11.367,12.704,13.866,11.956,13.285,10.362,12.364,15.367,11.614,10.953,12.956,15.959,13.452,17.282,10.948,12.951,14.951,17.953,11.699,13.699,15.701,18.701,12.619,14.619,16.622,19.625,13.285,15.288,17.288,20.29,10.534,15.115
20-Feb-13,10.951,13.701,11.364,12.701,13.863,11.953,13.282,10.359,12.362,15.364,11.611,10.951,12.953,15.956,13.449,17.279,10.945,12.948,14.948,17.951,11.696,13.696,15.699,18.699,12.616,14.616,16.619,19.622,13.282,15.285,17.285,20.288,10.532,15.112
21-Feb-13,10.948,13.699,11.362,12.699,13.86,11.951,13.279,10.356,12.359,15.362,11.608,10.948,12.951,15.953,13.447,17.277,10.942,12.945,14.945,17.948,11.693,13.693,15.696,18.696,12.614,14.614,16.616,19.619,13.279,15.282,17.282,20.285,10.529,15.11
22-Feb-13,10.945,13.696,11.359,12.696,13.858,11.948,13.277,10.353,12.356,15.359,11.605,10.945,12.948,15.951,13.444,17.274,10.94,12.942,14.942,17.945,11.69,13.69,15.693,18.693,12.611,14.611,16.614,19.616,13.277,15.279,17.279,20.282,10.526,15.107
23-Feb-13,10.942,13.693,11.356,12.693,13.855,11.945,13.274,10.351,12.353,15.356,11.603,10.942,12.945,15.948,13.441,17.271,10.937,12.94,14.94,17.942,11.688,13.688,15.69,18.69,12.608,14.608,16.611,19.614,13.274,15.277,17.277,20.279,10.523,15.104
24-Feb-13,10.94,13.69,11.353,12.69,13.852,11.942,13.271,10.348,12.351,15.353,11.6,10.94,12.942,15.945,13.438,17.268,10.934,12.937,14.937,17.94,11.685,13.685,15.688,18.688,12.605,14.605,16.608,19.611,13.271,15.274,17.274,20.277,10.521,15.101
25-Feb-13,10.937,13.688,11.351,12.688,13.849,11.94,13.268,10.345,12.348,15.351,11.597,10.937,12.94,15.942,13.436,17.266,10.932,12.934,14.934,17.937,11.682,13.682,15.685,18.685,12.603,14.603,16.605,19.608,13.268,15.271,17.271,20.274,10.518,15.099
26-Feb-13,10.934,13.685,11.348,12.685,13.847,11.937,13.266,10.342,12.345,15.348,11.595,10.934,12.937,15.94,13.433,17.263,10.929,12.932,14.932,17.934,11.679,13.679,15.682,18.682,12.6,14.6,16.603,19.605,13.266,15.268,17.268,20.271,10.515,15.096
27-Feb-13,10.932,13.682,11.345,12.682,13.844,11.934,13.263,10.34,12.342,15.345,11.592,10.932,12.934,15.937,13.43,17.26,10.926,12.929,14.929,17.932,11.677,13.677,15.679,18.679,12.597,14.597,16.6,19.603,13.263,15.266,17.266,20.268,10.512,15.093
28-Feb-13,10.929,13.679,11.342,12.679,13.841,11.932,13.26,10.337,12.34,15.342,11.589,10.929,12.932,15.934,13.427,17.258,10.923,12.926,14.926,17.929,11.674,13.674,15.677,18.677,12.595,14.595,16.597,19.6,13.26,15.263,17.263,20.266,10.51,15.09
1-Mar-13,10.926,13.677,11.34,12.677,13.838,11.929,13.258,10.334,12.337,15.34,11.586,10.926,12.929,15.932,13.425,17.255,10.921,12.923,14.923,17.926,11.671,13.671,15.674,18.674,12.592,14.592,16.595,19.597,13.258,15.26,17.26,20.263,10.507,15.088
2-Mar-13,10.923,13.674,11.337,12.674,13.836,11.926,13.255,10.332,12.334,15.337,11.584,10.923,12.926,15.929,13.422,17.252,10.918,12.921,14.921,17.923,11.668,13.668,15.671,18.671,12.589,14.589,16.592,19.595,13.255,15.258,17.258,20.26,10.504,15.085
3-Mar-13,10.921,13.671,11.334,12.671,13.833,11.923,13.252,10.329,12.332,15.334,11.581,10.921,12.923,15.926,13.419,17.249,10.915,12.918,14.918,17.921,11.666,13.666,15.668,18.668,12.586,14.586,16.589,19.592,13.252,15.255,17.255,20.258,10.501,15.082
4-Mar-13,10.918,13.668,11.332,12.668,13.83,11.921,13.249,10.326,12.329,15.332,11.578,10.918,12.921,15.923,13.416,17.247,10.912,12.915,14.915,17.918,11.663,13.663,15.666,18.666,12.584,14.584,16.586,19.589,13.249,15.252,17.252,20.255,10.499,15.079
5-Mar-13,10.915,13.666,11.329,12.666,13.827,11.918,13.247,10.323,12.326,15.329,11.575,10.915,12.918,15.921,13.414,17.244,10.91,12.912,14.912,17.915,11.66,13.66,15.663,18.663,12.581,14.581,16.584,19.586,13.247,15.249,17.249,20.252,10.496,15.077
6-Mar-13,10.912,13.663,11.326,12.663,13.825,11.915,13.244,10.321,12.323,15.326,11.573,10.912,12.915,15.918,13.411,17.241,10.907,12.91,14.91,17.912,11.658,13.658,15.66,18.66,12.578,14.578,16.581,19.584,13.244,15.247,17.247,20.249,10.493,15.074
7-Mar-13,10.91,13.66,11.323,12.66,13.822,11.912,13.241,10.318,12.321,15.323,11.57,10.91,12.912,15.915,13.408,17.238,10.904,12.907,14.907,17.91,11.655,13.655,15.658,18.658,12.575,14.575,16.578,19.581,13.241,15.244,17.244,20.247,10.49,15.071
8-Mar-13,10.907,13.658,11.321,12.658,13.819,11.91,13.238,10.315,12.318,15.321,11.567,10.907,12.91,15.912,13.405,17.236,10.901,12.904,14.904,17.907,11.652,13.652,15.655,18.655,12.573,14.573,16.575,19.578,13.238,15.241,17.241,20.244,10.488,15.068
9-Mar-13,10.904,13.655,11.318,12.655,13.816,11.907,13.236,10.312,12.315,15.318,11.564,10.904,12.907,15.91,13.403,17.233,10.899,12.901,14.901,17.904,11.649,13.649,15.652,18.652,12.57,14.57,16.573,19.575,13.236,15.238,17.238,20.241,10.485,15.066
10-Mar-13,10.901,13.652,11.315,12.652,13.814,11.904,13.233,10.31,12.312,15.315,11.562,10.901,12.904,15.907,13.4,17.23,10.896,12.899,14.899,17.901,11.647,13.647,15.649,18.649,12.567,14.567,16.57,19.573,13.233,15.236,17.236,20.238,10.482,15.063
11-Mar-13,10.899,13.649,11.312,12.649,13.811,11.901,13.23,10.307,12.31,15.312,11.559,10.899,12.901,15.904,13.397,17.227,10.893,12.896,14.896,17.899,11.644,13.644,15.647,18.647,12.564,14.564,16.567,19.57,13.23,15.233,17.233,20.236,10.479,15.06
12-Mar-13,10.896,13.647,11.31,12.647,13.808,11.899,13.227,10.304,12.307,15.31,11.556,10.896,12.899,15.901,13.395,17.225,10.89,12.893,14.893,17.896,11.641,13.641,15.644,18.644,12.562,14.562,16.564,19.567,13.227,15.23,17.23,20.233,10.477,15.058
13-Mar-13,10.893,13.644,11.307,12.644,13.805,11.896,13.225,10.301,12.304,15.307,11.553,10.893,12.896,15.899,13.392,17.222,10.888,12.89,14.89,17.893,11.638,13.638,15.641,18.641,12.559,14.559,16.562,19.564,13.225,15.227,17.227,20.23,10.474,15.055
14-Mar-13,10.89,13.641,11.304,12.641,13.803,11.893,13.222,10.299,12.301,15.304,11.551,10.89,12.893,15.896,13.389,17.219,10.885,12.888,14.888,17.89,11.636,13.636,15.638,18.638,12.556,14.556,16.559,19.562,13.222,15.225,17.225,20.227,10.471,15.052
15-Mar-13,10.888,13.638,11.301,12.638,13.8,11.89,13.219,10.296,12.299,15.301,11.548,10.888,12.89,15.893,13.386,17.216,10.882,12.885,14.885,17.888,11.633,13.633,15.636,18.636,12.553,14.553,16.556,19.559,13.219,15.222,17.222,20.225,10.468,15.049
16-Mar-13,10.885,13.636,11.299,12.636,13.797,11.888,13.216,10.293,12.296,15.299,11.545,10.885,12.888,15.89,13.384,17.214,10.879,12.882,14.882,17.885,11.63,13.63,15.633,18.633,12.551,14.551,16.553,19.556,13.216,15.219,17.219,20.222,10.466,15.047
17-Mar-13,10.882,13.633,11.296,12.633,13.795,11.885,13.214,10.29,12.293,15.296,11.542,10.882,12.885,15.888,13.381,17.211,10.877,12.879,14.879,17.882,11.627,13.627,15.63,18.63,12.548,14.548,16.551,19.553,13.214,15.216,17.216,20.219,10.463,15.044
18-Mar-13,10.879,13.63,11.293,12.63,13.792,11.882,13.211,10.288,12.29,15.293,11.54,10.879,12.882,15.885,13.378,17.208,10.874,12.877,14.877,17.879,11.625,13.625,15.627,18.627,12.545,14.545,16.548,19.551,13.211,15.214,17.214,20.216,10.46,15.041
19-Mar-13,10.877,13.627,11.29,12.627,13.789,11.879,13.208,10.285,12.288,15.29,11.537,10.877,12.879,15.882,13.375,17.205,10.871,12.874,14.874,17.877,11.622,13.622,15.625,18.625,12.542,14.542,16.545,19.548,13.208,15.211,17.211,20.214,10.458,15.038
20-Mar-13,10.874,13.625,11.288,12.625,13.786,11.877,13.205,10.282,12.285,15.288,11.534,10.874,12.877,15.879,13.373,17.203,10.868,12.871,14.871,17.874,11.619,13.619,15.622,18.622,12.54,14.54,16.542,19.545,13.205,15.208,17.208,20.211,10.455,15.036
21-Mar-13,10.871,13.622,11.285,12.622,13.784,11.874,13.203,10.279,12.282,15.285,11.532,10.871,12.874,15.877,13.37,17.2,10.866,12.868,14.868,17.871,11.616,13.616,15.619,18.619,12.537,14.537,16.54,19.542,13.203,15.205,17.205,20.208,10.452,15.033
22-Mar-13,10.868,13.619,11.282,12.619,13.781,11.871,13.2,10.277,12.279,15.282,11.529,10.868,12.871,15.874,13.367,17.197,10.863,12.866,14.866,17.868,11.614,13.614,15.616,18.616,12.534,14.534,16.537,19.54,13.2,15.203,17.203,20.205,10.449,15.03
23-Mar-13,10.866,13.616,11.279,12.616,13.778,11.868,13.197,10.274,12.277,15.279,11.526,10.866,12.868,15.871,13.364,17.195,10.86,12.863,14.863,17.866,11.611,13.611,15.614,18.614,12.532,14.532,16.534,19.537,13.197,15.2,17.2,20.203,10.447,15.027
24-Mar-13,10.863,13.614,11.277,12.614,13.775,11.866,13.195,10.271,12.274,15.277,11.523,10.863,12.866,15.868,13.362,17.192,10.858,12.86,14.86,17.863,11.608,13.608,15.611,18.611,12.529,14.529,16.532,19.534,13.195,15.197,17.197,20.2,10.444,15.025
25-Mar-13,10.86,13.611,11.274,12.611,13.773,11.863,13.192,10.268,12.271,15.274,11.521,10.86,12.863,15.866,13.359,17.189,10.855,12.858,14.858,17.86,11.605,13.605,15.608,18.608,12.526,14.526,16.529,19.532,13.192,15.195,17.195,20.197,10.441,15.022
26-Mar-13,10.858,13.608,11.271,12.608,13.77,11.86,13.189,10.266,12.268,15.271,11.518,10.858,12.86,15.863,13.356,17.186,10.852,12.855,14.855,17.858,11.603,13.603,15.605,18.605,12.523,14.523,16.526,19.529,13.189,15.192,17.192,20.195,10.438,15.019
27-Mar-13,10.855,13.605,11.268,12.605,13.767,11.858,13.186,10.263,12.266,15.268,11.515,10.855,12.858,15.86,13.353,17.184,10.849,12.852,14.852,17.855,11.6,13.6,15.603,18.603,12.521,14.521,16.523,19.526,13.186,15.189,17.189,20.192,10.436,15.016
28-Mar-13,10.852,13.603,11.266,12.603,13.764,11.855,13.184,10.26,12.263,15.266,11.512,10.852,12.855,15.858,13.351,17.181,10.847,12.849,14.849,17.852,11.597,13.597,15.6,18.6,12.518,14.518,16.521,19.523,13.184,15.186,17.186,20.189,10.433,15.014
29-Mar-13,10.849,13.6,11.263,12.6,13.762,11.852,13.181,10.258,12.26,15.263,11.51,10.849,12.852,15.855,13.348,17.178,10.844,12.847,14.847,17.849,11.595,13.595,15.597,18.597,12.515,14.515,16.518,19.521,13.181,15.184,17.184,20.186,10.43,15.011
30-Mar-13,10.847,13.597,11.26,12.597,13.759,11.849,13.178,10.255,12.258,15.26,11.507,10.847,12.849,15.852,13.345,17.175,10.841,12.844,14.844,17.847,11.592,13.592,15.595,18.595,12.512,14.512,16.515,19.518,13.178,15.181,17.181,20.184,10.427,15.008
31-Mar-13,10.844,13.595,11.258,12.595,13.756,11.847,13.175,10.252,12.255,15.258,11.504,10.844,12.847,15.849,13.342,17.173,10.838,12.841,14.841,17.844,11.589,13.589,15.592,18.592,12.51,14.51,16.512,19.515,13.175,15.178,17.178,20.181,10.425,15.005
1-Apr-13,10.841,13.592,11.255,12.592,13.753,11.844,13.173,10.249,12.252,15.255,11.501,10.841,12.844,15.847,13.34,17.17,10.836,12.838,14.838,17.841,11.586,13.586,15.589,18.589,12.507,14.507,16.51,19.512,13.173,15.175,17.175,20.178,10.422,15.003
2-Apr-13,10.838,13.589,11.252,12.589,13.751,11.841,13.17,10.247,12.249,15.252,11.499,10.838,12.841,15.844,13.337,17.167,10.833,12.836,14.836,17.838,11.584,13.584,15.586,18.586,12.504,14.504,16.507,19.51,13.17,15.173,17.173,20.175,10.419,15
3-Apr-13,10.836,13.586,11.249,12.586,13.748,11.838,13.167,10.244,12.247,15.249,11.496,10.836,12.838,15.841,13.334,17.164,10.83,12.833,14.833,17.836,11.581,13.581,15.584,18.584,12.501,14.501,16.504,19.507,13.167,15.17,17.17,20.173,10.416,14.997
4-Apr-13,10.833,13.584,11.247,12.584,13.745,11.836,13.164,10.241,12.244,15.247,11.493,10.833,12.836,15.838,13.332,17.162,10.827,12.83,14.83,17.833,11.578,13.578,15.581,18.581,12.499,14.499,16.501,19.504,13.164,15.167,17.167,20.17,10.414,14.995
5-Apr-13,10.83,13.581,11.244,12.581,13.742,11.833,13.162,10.238,12.241,15.244,11.49,10.83,12.833,15.836,13.329,17.159,10.825,12.827,14.827,17.83,11.575,13.575,15.578,18.578,12.496,14.496,16.499,19.501,13.162,15.164,17.164,20.167,10.411,14.992
6-Apr-13,10.827,13.578,11.241,12.578,13.74,11.83,13.159,10.236,12.238,15.241,11.488,10.827,12.83,15.833,13.326,17.156,10.822,12.825,14.825,17.827,11.573,13.573,15.575,18.575,12.493,14.493,16.496,19.499,13.159,15.162,17.162,20.164,10.408,14.989
7-Apr-13,10.825,13.575,11.238,12.575,13.737,11.827,13.156,10.233,12.236,15.238,11.485,10.825,12.827,15.83,13.323,17.153,10.819,12.822,14.822,17.825,11.57,13.57,15.573,18.573,12.49,14.49,16.493,19.496,13.156,15.159,17.159,20.162,10.405,14.986
8-Apr-13,10.822,13.573,11.236,12.573,13.734,11.825,13.153,10.23,12.233,15.236,11.482,10.822,12.825,15.827,13.321,17.151,10.816,12.819,14.819,17.822,11.567,13.567,15.57,18.57,12.488,14.488,16.49,19.493,13.153,15.156,17.156,20.159,10.403,14.984
9-Apr-13,10.819,13.57,11.233,12.57,13.732,11.822,13.151,10.227,12.23,15.233,11.479,10.819,12.822,15.825,13.318,17.148,10.814,12.816,14.816,17.819,11.564,13.564,15.567,18.567,12.485,14.485,16.488,19.49,13.151,15.153,17.153,20.156,10.4,14.981
10-Apr-13,10.816,13.567,11.23,12.567,13.729,11.819,13.148,10.225,12.227,15.23,11.477,10.816,12.819,15.822,13.315,17.145,10.811,12.814,14.814,17.816,11.562,13.562,15.564,18.564,12.482,14.482,16.485,19.488,13.148,15.151,17.151,20.153,10.397,14.978
11-Apr-13,10.814,13.564,11.227,12.564,13.726,11.816,13.145,10.222,12.225,15.227,11.474,10.814,12.816,15.819,13.312,17.142,10.808,12.811,14.811,17.814,11.559,13.559,15.562,18.562,12.479,14.479,16.482,19.485,13.145,15.148,17.148,20.151,10.395,14.975
12-Apr-13,10.811,13.562,11.225,12.562,13.723,11.814,13.142,10.219,12.222,15.225,11.471,10.811,12.814,15.816,13.31,17.14,10.805,12.808,14.808,17.811,11.556,13.556,15.559,18.559,12.477,14.477,16.479,19.482,13.142,15.145,17.145,20.148,10.392,14.973
13-Apr-13,10.808,13.559,11.222,12.559,13.721,11.811,13.14,10.216,12.219,15.222,11.468,10.808,12.811,15.814,13.307,17.137,10.803,12.805,14.805,17.808,11.553,13.553,15.556,18.556,12.474,14.474,16.477,19.479,13.14,15.142,17.142,20.145,10.389,14.97
14-Apr-13,10.805,13.556,11.219,12.556,13.718,11.808,13.137,10.214,12.216,15.219,11.466,10.805,12.808,15.811,13.304,17.134,10.8,12.803,14.803,17.805,11.551,13.551,15.553,18.553,12.471,14.471,16.474,19.477,13.137,15.14,17.14,20.142,10.386,14.967
15-Apr-13,10.803,13.553,11.216,12.553,13.715,11.805,13.134,10.211,12.214,15.216,11.463,10.803,12.805,15.808,13.301,17.132,10.797,12.8,14.8,17.803,11.548,13.548,15.551,18.551,12.468,14.468,16.471,19.474,13.134,15.137,17.137,20.14,10.384,14.964
16-Apr-13,10.8,13.551,11.214,12.551,13.712,11.803,13.132,10.208,12.211,15.214,11.46,10.8,12.803,15.805,13.299,17.129,10.795,12.797,14.797,17.8,11.545,13.545,15.548,18.548,12.466,14.466,16.468,19.471,13.132,15.134,17.134,20.137,10.381,14.962
17-Apr-13,10.797,13.548,11.211,12.548,13.71,11.8,13.129,10.205,12.208,15.211,11.458,10.797,12.8,15.803,13.296,17.126,10.792,12.795,14.795,17.797,11.542,13.542,15.545,18.545,12.463,14.463,16.466,19.468,13.129,15.132,17.132,20.134,10.378,14.959
18-Apr-13,10.795,13.545,11.208,12.545,13.707,11.797,13.126,10.203,12.205,15.208,11.455,10.795,12.797,15.8,13.293,17.123,10.789,12.792,14.792,17.795,11.54,13.54,15.542,18.542,12.46,14.46,16.463,19.466,13.126,15.129,17.129,20.132,10.375,14.956
19-Apr-13,10.792,13.542,11.205,12.542,13.704,11.795,13.123,10.2,12.203,15.205,11.452,10.792,12.795,15.797,13.29,17.121,10.786,12.789,14.789,17.792,11.537,13.537,15.54,18.54,12.458,14.458,16.46,19.463,13.123,15.126,17.126,20.129,10.373,14.953
20-Apr-13,10.789,13.54,11.203,12.54,13.701,11.792,13.121,10.197,12.2,15.203,11.449,10.789,12.792,15.795,13.288,17.118,10.784,12.786,14.786,17.789,11.534,13.534,15.537,18.537,12.455,14.455,16.458,19.46,13.121,15.123,17.123,20.126,10.37,14.951
21-Apr-13,10.786,13.537,11.2,12.537,13.699,11.789,13.118,10.195,12.197,15.2,11.447,10.786,12.789,15.792,13.285,17.115,10.781,12.784,14.784,17.786,11.532,13.532,15.534,18.534,12.452,14.452,16.455,19.458,13.118,15.121,17.121,20.123,10.367,14.948
22-Apr-13,10.784,13.534,11.197,12.534,13.696,11.786,13.115,10.192,12.195,15.197,11.444,10.784,12.786,15.789,13.282,17.112,10.778,12.781,14.781,17.784,11.529,13.529,15.532,18.532,12.449,14.449,16.452,19.455,13.115,15.118,17.118,20.121,10.364,14.945
23-Apr-13,10.781,13.532,11.195,12.532,13.693,11.784,13.112,10.189,12.192,15.195,11.441,10.781,12.784,15.786,13.279,17.11,10.775,12.778,14.778,17.781,11.526,13.526,15.529,18.529,12.447,14.447,16.449,19.452,13.112,15.115,17.115,20.118,10.362,14.942
24-Apr-13,10.778,13.529,11.192,12.529,13.69,11.781,13.11,10.186,12.189,15.192,11.438,10.778,12.781,15.784,13.277,17.107,10.773,12.775,14.775,17.778,11.523,13.523,15.526,18.526,12.444,14.444,16.447,19.449,13.11,15.112,17.112,20.115,10.359,14.94
25-Apr-13,10.775,13.526,11.189,12.526,13.688,11.778,13.107,10.184,12.186,15.189,11.436,10.775,12.778,15.781,13.274,17.104,10.77,12.773,14.773,17.775,11.521,13.521,15.523,18.523,12.441,14.441,16.444,19.447,13.107,15.11,17.11,20.112,10.356,14.937
26-Apr-13,10.773,13.523,11.186,12.523,13.685,11.775,13.104,10.181,12.184,15.186,11.433,10.773,12.775,15.778,13.271,17.101,10.767,12.77,14.77,17.773,11.518,13.518,15.521,18.521,12.438,14.438,16.441,19.444,13.104,15.107,17.107,20.11,10.353,14.934
27-Apr-13,10.77,13.521,11.184,12.521,13.682,11.773,13.101,10.178,12.181,15.184,11.43,10.77,12.773,15.775,13.268,17.099,10.764,12.767,14.767,17.77,11.515,13.515,15.518,18.518,12.436,14.436,16.438,19.441,13.101,15.104,17.104,20.107,10.351,14.932
28-Apr-13,10.767,13.518,11.181,12.518,13.679,11.77,13.099,10.175,12.178,15.181,11.427,10.767,12.77,15.773,13.266,17.096,10.762,12.764,14.764,17.767,11.512,13.512,15.515,18.515,12.433,14.433,16.436,19.438,13.099,15.101,17.101,20.104,10.348,14.929
29-Apr-13,10.764,13.515,11.178,12.515,13.677,11.767,13.096,10.173,12.175,15.178,11.425,10.764,12.767,15.77,13.263,17.093,10.759,12.762,14.762,17.764,11.51,13.51,15.512,18.512,12.43,14.43,16.433,19.436,13.096,15.099,17.099,20.101,10.345,14.926
30-Apr-13,10.762,13.512,11.175,12.512,13.674,11.764,13.093,10.17,12.173,15.175,11.422,10.762,12.764,15.767,13.26,17.09,10.756,12.759,14.759,17.762,11.507,13.507,15.51,18.51,12.427,14.427,16.43,19.433,13.093,15.096,17.096,20.099,10.342,14.923
1-May-13,10.759,13.51,11.173,12.51,13.671,11.762,13.09,10.167,12.17,15.173,11.419,10.759,12.762,15.764,13.258,17.088,10.753,12.756,14.756,17.759,11.504,13.504,15.507,18.507,12.425,14.425,16.427,19.43,13.09,15.093,17.093,20.096,10.34,14.921
2-May-13,10.756,13.507,11.17,12.507,13.668,11.759,13.088,10.164,12.167,15.17,11.416,10.756,12.759,15.762,13.255,17.085,10.751,12.753,14.753,17.756,11.501,13.501,15.504,18.504,12.422,14.422,16.425,19.427,13.088,15.09,17.09,20.093,10.337,14.918
3-May-13,10.753,13.504,11.167,12.504,13.666,11.756,13.085,10.162,12.164,15.167,11.414,10.753,12.756,15.759,13.252,17.082,10.748,12.751,14.751,17.753,11.499,13.499,15.501,18.501,12.419,14.419,16.422,19.425,13.085,15.088,17.088,20.09,10.334,14.915
4-May-13,10.751,13.501,11.164,12.501,13.663,11.753,13.082,10.159,12.162,15.164,11.411,10.751,12.753,15.756,13.249,17.079,10.745,12.748,14.748,17.751,11.496,13.496,15.499,18.499,12.416,14.416,16.419,19.422,13.082,15.085,17.085,20.088,10.332,14.912
5-May-13,10.748,13.499,11.162,12.499,13.66,11.751,13.079,10.156,12.159,15.162,11.408,10.748,12.751,15.753,13.247,17.077,10.742,12.745,14.745,17.748,11.493,13.493,15.496,18.496,12.414,14.414,16.416,19.419,13.079,15.082,17.082,20.085,10.329,14.91
6-May-13,10.745,13.496,11.159,12.496,13.658,11.748,13.077,10.153,12.156,15.159,11.405,10.745,12.748,15.751,13.244,17.074,10.74,12.742,14.742,17.745,11.49,13.49,15.493,18.493,12.411,14.411,16.414,19.416,13.077,15.079,17.079,20.082,10.326,14.907
7-May-13,10.742,13.493,11.156,12.493,13.655,11.745,13.074,10.151,12.153,15.156,11.403,10.742,12.745,15.748,13.241,17.071,10.737,12.74,14.74,17.742,11.488,13.488,15.49,18.49,12.408,14.408,16.411,19.414,13.074,15.077,17.077,20.079,10.323,14.904
8-May-13,10.74,13.49,11.153,12.49,13.652,11.742,13.071,10.148,12.151,15.153,11.4,10.74,12.742,15.745,13.238,17.068,10.734,12.737,14.737,17.74,11.485,13.485,15.488,18.488,12.405,14.405,16.408,19.411,13.071,15.074,17.074,20.077,10.321,14.901
9-May-13,10.737,13.488,11.151,12.488,13.649,11.74,13.068,10.145,12.148,15.151,11.397,10.737,12.74,15.742,13.236,17.066,10.732,12.734,14.734,17.737,11.482,13.482,15.485,18.485,12.403,14.403,16.405,19.408,13.068,15.071,17.071,20.074,10.318,14.899
10-May-13,10.734,13.485,11.148,12.485,13.647,11.737,13.066,10.142,12.145,15.148,11.395,10.734,12.737,15.74,13.233,17.063,10.729,12.732,14.732,17.734,11.479,13.479,15.482,18.482,12.4,14.4,16.403,19.405,13.066,15.068,17.068,20.071,10.315,14.896
11-May-13,10.732,13.482,11.145,12.482,13.644,11.734,13.063,10.14,12.142,15.145,11.392,10.732,12.734,15.737,13.23,17.06,10.726,12.729,14.729,17.732,11.477,13.477,15.479,18.479,12.397,14.397,16.4,19.403,13.063,15.066,17.066,20.068,10.312,14.893
12-May-13,10.729,13.479,11.142,12.479,13.641,11.732,13.06,10.137,12.14,15.142,11.389,10.729,12.732,15.734,13.227,17.058,10.723,12.726,14.726,17.729,11.474,13.474,15.477,18.477,12.395,14.395,16.397,19.4,13.06,15.063,17.063,20.066,10.31,14.89
13-May-13,10.726,13.477,11.14,12.477,13.638,11.729,13.058,10.134,12.137,15.14,11.386,10.726,12.729,15.732,13.225,17.055,10.721,12.723,14.723,17.726,11.471,13.471,15.474,18.474,12.392,14.392,16.395,19.397,13.058,15.06,17.06,20.063,10.307,14.888
14-May-13,10.723,13.474,11.137,12.474,13.636,11.726,13.055,10.132,12.134,15.137,11.384,10.723,12.726,15.729,13.222,17.052,10.718,12.721,14.721,17.723,11.468,13.468,15.471,18.471,12.389,14.389,16.392,19.395,13.055,15.058,17.058,20.06,10.304,14.885
15-May-13,10.721,13.471,11.134,12.471,13.633,11.723,13.052,10.129,12.132,15.134,11.381,10.721,12.723,15.726,13.219,17.049,10.715,12.718,14.718,17.721,11.466,13.466,15.468,18.468,12.386,14.386,16.389,19.392,13.052,15.055,17.055,20.058,10.301,14.882
16-May-13,10.718,13.468,11.132,12.468,13.63,11.721,13.049,10.126,12.129,15.132,11.378,10.718,12.721,15.723,13.216,17.047,10.712,12.715,14.715,17.718,11.463,13.463,15.466,18.466,12.384,14.384,16.386,19.389,13.049,15.052,17.052,20.055,10.299,14.879
17-May-13,10.715,13.466,11.129,12.466,13.627,11.718,13.047,10.123,12.126,15.129,11.375,10.715,12.718,15.721,13.214,17.044,10.71,12.712,14.712,17.715,11.46,13.46,15.463,18.463,12.381,14.381,16.384,19.386,13.047,15.049,17.049,20.052,10.296,14.877
18-May-13,10.712,13.463,11.126,12.463,13.625,11.715,13.044,10.121,12.123,15.126,11.373,10.712,12.715,15.718,13.211,17.041,10.707,12.71,14.71,17.712,11.458,13.458,15.46,18.46,12.378,14.378,16.381,19.384,13.044,15.047,17.047,20.049,10.293,14.874
19-May-13,10.71,13.46,11.123,12.46,13.622,11.712,13.041,10.118,12.121,15.123,11.37,10.71,12.712,15.715,13.208,17.038,10.704,12.707,14.707,17.71,11.455,13.455,15.458,18.458,12.375,14.375,16.378,19.381,13.041,15.044,17.044,20.047,10.29,14.871
20-May-13,10.707,13.458,11.121,12.458,13.619,11.71,13.038,10.115,12.118,15.121,11.367,10.707,12.71,15.712,13.205,17.036,10.701,12.704,14.704,17.707,11.452,13.452,15.455,18.455,12.373,14.373,16.375,19.378,13.038,15.041,17.041,20.044,10.288,14.868
21-May-13,10.704,13.455,11.118,12.455,13.616,11.707,13.036,10.112,12.115,15.118,11.364,10.704,12.707,15.71,13.203,17.033,10.699,12.701,14.701,17.704,11.449,13.449,15.452,18.452,12.37,14.37,16.373,19.375,13.036,15.038,17.038,20.041,10.285,14.866
22-May-13,10.701,13.452,11.115,12.452,13.614,11.704,13.033,10.11,12.112,15.115,11.362,10.701,12.704,15.707,13.2,17.03,10.696,12.699,14.699,17.701,11.447,13.447,15.449,18.449,12.367,14.367,16.37,19.373,13.033,15.036,17.036,20.038,10.282,14.863
23-May-13,10.699,13.449,11.112,12.449,13.611,11.701,13.03,10.107,12.11,15.112,11.359,10.699,12.701,15.704,13.197,17.027,10.693,12.696,14.696,17.699,11.444,13.444,15.447,18.447,12.364,14.364,16.367,19.37,13.03,15.033,17.033,20.036,10.279,14.86
24-May-13,10.696,13.447,11.11,12.447,13.608,11.699,13.027,10.104,12.107,15.11,11.356,10.696,12.699,15.701,13.195,17.025,10.69,12.693,14.693,17.696,11.441,13.441,15.444,18.444,12.362,14.362,16.364,19.367,13.027,15.03,17.03,20.033,10.277,14.858
25-May-13,10.693,13.444,11.107,12.444,13.605,11.696,13.025,10.101,12.104,15.107,11.353,10.693,12.696,15.699,13.192,17.022,10.688,12.69,14.69,17.693,11.438,13.438,15.441,18.441,12.359,14.359,16.362,19.364,13.025,15.027,17.027,20.03,10.274,14.855
26-May-13,10.69,13.441,11.104,12.441,13.603,11.693,13.022,10.099,12.101,15.104,11.351,10.69,12.693,15.696,13.189,17.019,10.685,12.688,14.688,17.69,11.436,13.436,15.438,18.438,12.356,14.356,16.359,19.362,13.022,15.025,17.025,20.027,10.271,14.852
27-May-13,10.688,13.438,11.101,12.438,13.6,11.69,13.019,10.096,12.099,15.101,11.348,10.688,12.69,15.693,13.186,17.016,10.682,12.685,14.685,17.688,11.433,13.433,15.436,18.436,12.353,14.353,16.356,19.359,13.019,15.022,17.022,20.025,10.268,14.849
28-May-13,10.685,13.436,11.099,12.436,13.597,11.688,13.016,10.093,12.096,15.099,11.345,10.685,12.688,15.69,13.184,17.014,10.679,12.682,14.682,17.685,11.43,13.43,15.433,18.433,12.351,14.351,16.353,19.356,13.016,15.019,17.019,20.022,10.266,14.847
29-May-13,10.682,13.433,11.096,12.433,13.595,11.685,13.014,10.09,12.093,15.096,11.342,10.682,12.685,15.688,13.181,17.011,10.677,12.679,14.679,17.682,11.427,13.427,15.43,18.43,12.348,14.348,16.351,19.353,13.014,15.016,17.016,20.019,10.263,14.844
30-May-13,10.679,13.43,11.093,12.43,13.592,11.682,13.011,10.088,12.09,15.093,11.34,10.679,12.682,15.685,13.178,17.008,10.674,12.677,14.677,17.679,11.425,13.425,15.427,18.427,12.345,14.345,16.348,19.351,13.011,15.014,17.014,20.016,10.26,14.841
31-May-13,10.677,13.427,11.09,12.427,13.589,11.679,13.008,10.085,12.088,15.09,11.337,10.677,12.679,15.682,13.175,17.005,10.671,12.674,14.674,17.677,11.422,13.422,15.425,18.425,12.342,14.342,16.345,19.348,13.008,15.011,17.011,20.014,10.258,14.838
1-Jun-13,10.674,13.425,11.088,12.425,13.586,11.677,13.005,10.082,12.085,15.088,11.334,10.674,12.677,15.679,13.173,17.003,10.668,12.671,14.671,17.674,11.419,13.419,15.422,18.422,12.34,14.34,16.342,19.345,13.005,15.008,17.008,20.011,10.255,14.836
2-Jun-13,10.671,13.422,11.085,12.422,13.584,11.674,13.003,10.079,12.082,15.085,11.332,10.671,12.674,15.677,13.17,17,10.666,12.668,14.668,17.671,11.416,13.416,15.419,18.419,12.337,14.337,16.34,19.342,13.003,15.005,17.005,20.008,10.252,14.833
3-Jun-13,10.668,13.419,11.082,12.419,13.581,11.671,13,10.077,12.079,15.082,11.329,10.668,12.671,15.674,13.167,16.997,10.663,12.666,14.666,17.668,11.414,13.414,15.416,18.416,12.334,14.334,16.337,19.34,13,15.003,17.003,20.005,10.249,14.83
4-Jun-13,10.666,13.416,11.079,12.416,13.578,11.668,12.997,10.074,12.077,15.079,11.326,10.666,12.668,15.671,13.164,16.995,10.66,12.663,14.663,17.666,11.411,13.411,15.414,18.414,12.332,14.332,16.334,19.337,12.997,15,17,20.003,10.247,14.827
5-Jun-13,10.663,13.414,11.077,12.414,13.575,11.666,12.995,10.071,12.074,15.077,11.323,10.663,12.666,15.668,13.162,16.992,10.658,12.66,14.66,17.663,11.408,13.408,15.411,18.411,12.329,14.329,16.332,19.334,12.995,14.997,16.997,20,10.244,14.825
6-Jun-13,10.66,13.411,11.074,12.411,13.573,11.663,12.992,10.068,12.071,15.074,11.321,10.66,12.663,15.666,13.159,16.989,10.655,12.658,14.658,17.66,11.405,13.405,15.408,18.408,12.326,14.326,16.329,19.332,12.992,14.995,16.995,19.997,10.241,14.822
7-Jun-13,10.658,13.408,11.071,12.408,13.57,11.66,12.989,10.066,12.068,15.071,11.318,10.658,12.66,15.663,13.156,16.986,10.652,12.655,14.655,17.658,11.403,13.403,15.405,18.405,12.323,14.323,16.326,19.329,12.989,14.992,16.992,19.995,10.238,14.819
8-Jun-13,10.655,13.405,11.068,12.405,13.567,11.658,12.986,10.063,12.066,15.068,11.315,10.655,12.658,15.66,13.153,16.984,10.649,12.652,14.652,17.655,11.4,13.4,15.403,18.403,12.321,14.321,16.323,19.326,12.986,14.989,16.989,19.992,10.236,14.816
9-Jun-13,10.652,13.403,11.066,12.403,13.564,11.655,12.984,10.06,12.063,15.066,11.312,10.652,12.655,15.658,13.151,16.981,10.647,12.649,14.649,17.652,11.397,13.397,15.4,18.4,12.318,14.318,16.321,19.323,12.984,14.986,16.986,19.989,10.233,14.814
10-Jun-13,10.649,13.4,11.063,12.4,13.562,11.652,12.981,10.058,12.06,15.063,11.31,10.649,12.652,15.655,13.148,16.978,10.644,12.647,14.647,17.649,11.395,13.395,15.397,18.397,12.315,14.315,16.318,19.321,12.981,14.984,16.984,19.986,10.23,14.811
11-Jun-13,10.647,13.397,11.06,12.397,13.559,11.649,12.978,10.055,12.058,15.06,11.307,10.647,12.649,15.652,13.145,16.975,10.641,12.644,14.644,17.647,11.392,13.392,15.395,18.395,12.312,14.312,16.315,19.318,12.978,14.981,16.981,19.984,10.227,14.808
12-Jun-13,10.644,13.395,11.058,12.395,13.556,11.647,12.975,10.052,12.055,15.058,11.304,10.644,12.647,15.649,13.142,16.973,10.638,12.641,14.641,17.644,11.389,13.389,15.392,18.392,12.31,14.31,16.312,19.315,12.975,14.978,16.978,19.981,10.225,14.805
13-Jun-13,10.641,13.392,11.055,12.392,13.553,11.644,12.973,10.049,12.052,15.055,11.301,10.641,12.644,15.647,13.14,16.97,10.636,12.638,14.638,17.641,11.386,13.386,15.389,18.389,12.307,14.307,16.31,19.312,12.973,14.975,16.975,19.978,10.222,14.803
14-Jun-13,10.638,13.389,11.052,12.389,13.551,11.641,12.97,10.047,12.049,15.052,11.299,10.638,12.641,15.644,13.137,16.967,10.633,12.636,14.636,17.638,11.384,13.384,15.386,18.386,12.304,14.304,16.307,19.31,12.97,14.973,16.973,19.975,10.219,14.8
15-Jun-13,10.636,13.386,11.049,12.386,13.548,11.638,12.967,10.044,12.047,15.049,11.296,10.636,12.638,15.641,13.134,16.964,10.63,12.633,14.633,17.636,11.381,13.381,15.384,18.384,12.301,14.301,16.304,19.307,12.967,14.97,16.97,19.973,10.216,14.797
16-Jun-13,10.633,13.384,11.047,12.384,13.545,11.636,12.964,10.041,12.044,15.047,11.293,10.633,12.636,15.638,13.132,16.962,10.627,12.63,14.63,17.633,11.378,13.378,15.381,18.381,12.299,14.299,16.301,19.304,12.964,14.967,16.967,19.97,10.214,14.795
17-Jun-13,10.63,13.381,11.044,12.381,13.542,11.633,12.962,10.038,12.041,15.044,11.29,10.63,12.633,15.636,13.129,16.959,10.625,12.627,14.627,17.63,11.375,13.375,15.378,18.378,12.296,14.296,16.299,19.301,12.962,14.964,16.964,19.967,10.211,14.792
18-Jun-13,10.627,13.378,11.041,12.378,13.54,11.63,12.959,10.036,12.038,15.041,11.288,10.627,12.63,15.633,13.126,16.956,10.622,12.625,14.625,17.627,11.373,13.373,15.375,18.375,12.293,14.293,16.296,19.299,12.959,14.962,16.962,19.964,10.208,14.789
19-Jun-13,10.625,13.375,11.038,12.375,13.537,11.627,12.956,10.033,12.036,15.038,11.285,10.625,12.627,15.63,13.123,16.953,10.619,12.622,14.622,17.625,11.37,13.37,15.373,18.373,12.29,14.29,16.293,19.296,12.956,14.959,16.959,19.962,10.205,14.786
20-Jun-13,10.622,13.373,11.036,12.373,13.534,11.625,12.953,10.03,12.033,15.036,11.282,10.622,12.625,15.627,13.121,16.951,10.616,12.619,14.619,17.622,11.367,13.367,15.37,18.37,12.288,14.288,16.29,19.293,12.953,14.956,16.956,19.959,10.203,14.784
21-Jun-13,10.619,13.37,11.033,12.37,13.532,11.622,12.951,10.027,12.03,15.033,11.279,10.619,12.622,15.625,13.118,16.948,10.614,12.616,14.616,17.619,11.364,13.364,15.367,18.367,12.285,14.285,16.288,19.29,12.951,14.953,16.953,19.956,10.2,14.781
22-Jun-13,10.616,13.367,11.03,12.367,13.529,11.619,12.948,10.025,12.027,15.03,11.277,10.616,12.619,15.622,13.115,16.945,10.611,12.614,14.614,17.616,11.362,13.362,15.364,18.364,12.282,14.282,16.285,19.288,12.948,14.951,16.951,19.953,10.197,14.778
23-Jun-13,10.614,13.364,11.027,12.364,13.526,11.616,12.945,10.022,12.025,15.027,11.274,10.614,12.616,15.619,13.112,16.942,10.608,12.611,14.611,17.614,11.359,13.359,15.362,18.362,12.279,14.279,16.282,19.285,12.945,14.948,16.948,19.951,10.195,14.775
24-Jun-13,10.611,13.362,11.025,12.362,13.523,11.614,12.942,10.019,12.022,15.025,11.271,10.611,12.614,15.616,13.11,16.94,10.605,12.608,14.608,17.611,11.356,13.356,15.359,18.359,12.277,14.277,16.279,19.282,12.942,14.945,16.945,19.948,10.192,14.773
25-Jun-13,10.608,13.359,11.022,12.359,13.521,11.611,12.94,10.016,12.019,15.022,11.268,10.608,12.611,15.614,13.107,16.937,10.603,12.605,14.605,17.608,11.353,13.353,15.356,18.356,12.274,14.274,16.277,19.279,12.94,14.942,16.942,19.945,10.189,14.77
26-Jun-13,10.605,13.356,11.019,12.356,13.518,11.608,12.937,10.014,12.016,15.019,11.266,10.605,12.608,15.611,13.104,16.934,10.6,12.603,14.603,17.605,11.351,13.351,15.353,18.353,12.271,14.271,16.274,19.277,12.937,14.94,16.94,19.942,10.186,14.767
27-Jun-13,10.603,13.353,11.016,12.353,13.515,11.605,12.934,10.011,12.014,15.016,11.263,10.603,12.605,15.608,13.101,16.932,10.597,12.6,14.6,17.603,11.348,13.348,15.351,18.351,12.268,14.268,16.271,19.274,12.934,14.937,16.937,19.94,10.184,14.764
28-Jun-13,10.6,13.351,11.014,12.351,13.512,11.603,12.932,10.008,12.011,15.014,11.26,10.6,12.603,15.605,13.099,16.929,10.595,12.597,14.597,17.6,11.345,13.345,15.348,18.348,12.266,14.266,16.268,19.271,12.932,14.934,16.934,19.937,10.181,14.762
29-Jun-13,10.597,13.348,11.011,12.348,13.51,11.6,12.929,10.005,12.008,15.011,11.258,10.597,12.6,15.603,13.096,16.926,10.592,12.595,14.595,17.597,11.342,13.342,15.345,18.345,12.263,14.263,16.266,19.268,12.929,14.932,16.932,19.934,10.178,14.759
30-Jun-13,10.595,13.345,11.008,12.345,13.507,11.597,12.926,10.003,12.005,15.008,11.255,10.595,12.597,15.6,13.093,16.923,10.589,12.592,14.592,17.595,11.34,13.34,15.342,18.342,12.26,14.26,16.263,19.266,12.926,14.929,16.929,19.932,10.175,14.756
1-Jul-13,10.592,13.342,11.005,12.342,13.504,11.595,12.923,10,12.003,15.005,11.252,10.592,12.595,15.597,13.09,16.921,10.586,12.589,14.589,17.592,11.337,13.337,15.34,18.34,12.258,14.258,16.26,19.263,12.923,14.926,16.926,19.929,10.173,14.753
2-Jul-13,10.589,13.34,11.003,12.34,13.501,11.592,12.921,9.997,12,15.003,11.249,10.589,12.592,15.595,13.088,16.918,10.584,12.586,14.586,17.589,11.334,13.334,15.337,18.337,12.255,14.255,16.258,19.26,12.921,14.923,16.923,19.926,10.17,14.751
3-Jul-13,10.586,13.337,11,12.337,13.499,11.589,12.918,9.995,11.997,15,11.247,10.586,12.589,15.592,13.085,16.915,10.581,12.584,14.584,17.586,11.332,13.332,15.334,18.334,12.252,14.252,16.255,19.258,12.918,14.921,16.921,19.923,10.167,14.748
4-Jul-13,10.584,13.334,10.997,12.334,13.496,11.586,12.915,9.992,11.995,14.997,11.244,10.584,12.586,15.589,13.082,16.912,10.578,12.581,14.581,17.584,11.329,13.329,15.332,18.332,12.249,14.249,16.252,19.255,12.915,14.918,16.918,19.921,10.164,14.745
5-Jul-13,10.581,13.332,10.995,12.332,13.493,11.584,12.912,9.989,11.992,14.995,11.241,10.581,12.584,15.586,13.079,16.91,10.575,12.578,14.578,17.581,11.326,13.326,15.329,18.329,12.247,14.247,16.249,19.252,12.912,14.915,16.915,19.918,10.162,14.742
6-Jul-13,10.578,13.329,10.992,12.329,13.49,11.581,12.91,9.986,11.989,14.992,11.238,10.578,12.581,15.584,13.077,16.907,10.573,12.575,14.575,17.578,11.323,13.323,15.326,18.326,12.244,14.244,16.247,19.249,12.91,14.912,16.912,19.915,10.159,14.74
7-Jul-13,10.575,13.326,10.989,12.326,13.488,11.578,12.907,9.984,11.986,14.989,11.236,10.575,12.578,15.581,13.074,16.904,10.57,12.573,14.573,17.575,11.321,13.321,15.323,18.323,12.241,14.241,16.244,19.247,12.907,14.91,16.91,19.912,10.156,14.737
8-Jul-13,10.573,13.323,10.986,12.323,13.485,11.575,12.904,9.981,11.984,14.986,11.233,10.573,12.575,15.578,13.071,16.901,10.567,12.57,14.57,17.573,11.318,13.318,15.321,18.321,12.238,14.238,16.241,19.244,12.904,14.907,16.907,19.91,10.153,14.734
9-Jul-13,10.57,13.321,10.984,12.321,13.482,11.573,12.901,9.978,11.981,14.984,11.23,10.57,12.573,15.575,13.068,16.899,10.564,12.567,14.567,17.57,11.315,13.315,15.318,18.318,12.236,14.236,16.238,19.241,12.901,14.904,16.904,19.907,10.151,14.732
10-Jul-13,10.567,13.318,10.981,12.318,13.479,11.57,12.899,9.975,11.978,14.981,11.227,10.567,12.57,15.573,13.066,16.896,10.562,12.564,14.564,17.567,11.312,13.312,15.315,18.315,12.233,14.233,16.236,19.238,12.899,14.901,16.901,19.904,10.148,14.729
11-Jul-13,10.564,13.315,10.978,12.315,13.477,11.567,12.896,9.973,11.975,14.978,11.225,10.564,12.567,15.57,13.063,16.893,10.559,12.562,14.562,17.564,11.31,13.31,15.312,18.312,12.23,14.23,16.233,19.236,12.896,14.899,16.899,19.901,10.145,14.726
12-Jul-13,10.562,13.312,10.975,12.312,13.474,11.564,12.893,9.97,11.973,14.975,11.222,10.562,12.564,15.567,13.06,16.89,10.556,12.559,14.559,17.562,11.307,13.307,15.31,18.31,12.227,14.227,16.23,19.233,12.893,14.896,16.896,19.899,10.142,14.723
13-Jul-13,10.559,13.31,10.973,12.31,13.471,11.562,12.89,9.967,11.97,14.973,11.219,10.559,12.562,15.564,13.058,16.888,10.553,12.556,14.556,17.559,11.304,13.304,15.307,18.307,12.225,14.225,16.227,19.23,12.89,14.893,16.893,19.896,10.14,14.721
14-Jul-13,10.556,13.307,10.97,12.307,13.468,11.559,12.888,9.964,11.967,14.97,11.216,10.556,12.559,15.562,13.055,16.885,10.551,12.553,14.553,17.556,11.301,13.301,15.304,18.304,12.222,14.222,16.225,19.227,12.888,14.89,16.89,19.893,10.137,14.718
15-Jul-13,10.553,13.304,10.967,12.304,13.466,11.556,12.885,9.962,11.964,14.967,11.214,10.553,12.556,15.559,13.052,16.882,10.548,12.551,14.551,17.553,11.299,13.299,15.301,18.301,12.219,14.219,16.222,19.225,12.885,14.888,16.888,19.89,10.134,14.715
16-Jul-13,10.551,13.301,10.964,12.301,13.463,11.553,12.882,9.959,11.962,14.964,11.211,10.551,12.553,15.556,13.049,16.879,10.545,12.548,14.548,17.551,11.296,13.296,15.299,18.299,12.216,14.216,16.219,19.222,12.882,14.885,16.885,19.888,10.132,14.712
17-Jul-13,10.548,13.299,10.962,12.299,13.46,11.551,12.879,9.956,11.959,14.962,11.208,10.548,12.551,15.553,13.047,16.877,10.542,12.545,14.545,17.548,11.293,13.293,15.296,18.296,12.214,14.214,16.216,19.219,12.879,14.882,16.882,19.885,10.129,14.71
18-Jul-13,10.545,13.296,10.959,12.296,13.458,11.548,12.877,9.953,11.956,14.959,11.205,10.545,12.548,15.551,13.044,16.874,10.54,12.542,14.542,17.545,11.29,13.29,15.293,18.293,12.211,14.211,16.214,19.216,12.877,14.879,16.879,19.882,10.126,14.707
19-Jul-13,10.542,13.293,10.956,12.293,13.455,11.545,12.874,9.951,11.953,14.956,11.203,10.542,12.545,15.548,13.041,16.871,10.537,12.54,14.54,17.542,11.288,13.288,15.29,18.29,12.208,14.208,16.211,19.214,12.874,14.877,16.877,19.879,10.123,14.704
20-Jul-13,10.54,13.29,10.953,12.29,13.452,11.542,12.871,9.948,11.951,14.953,11.2,10.54,12.542,15.545,13.038,16.868,10.534,12.537,14.537,17.54,11.285,13.285,15.288,18.288,12.205,14.205,16.208,19.211,12.871,14.874,16.874,19.877,10.121,14.701
21-Jul-13,10.537,13.288,10.951,12.288,13.449,11.54,12.868,9.945,11.948,14.951,11.197,10.537,12.54,15.542,13.036,16.866,10.532,12.534,14.534,17.537,11.282,13.282,15.285,18.285,12.203,14.203,16.205,19.208,12.868,14.871,16.871,19.874,10.118,14.699
22-Jul-13,10.534,13.285,10.948,12.285,13.447,11.537,12.866,9.942,11.945,14.948,11.195,10.534,12.537,15.54,13.033,16.863,10.529,12.532,14.532,17.534,11.279,13.279,15.282,18.282,12.2,14.2,16.203,19.205,12.866,14.868,16.868,19.871,10.115,14.696
23-Jul-13,10.532,13.282,10.945,12.282,13.444,11.534,12.863,9.94,11.942,14.945,11.192,10.532,12.534,15.537,13.03,16.86,10.526,12.529,14.529,17.532,11.277,13.277,15.279,18.279,12.197,14.197,16.2,19.203,12.863,14.866,16.866,19.868,10.112,14.693
24-Jul-13,10.529,13.279,10.942,12.279,13.441,11.532,12.86,9.937,11.94,14.942,11.189,10.529,12.532,15.534,13.027,16.858,10.523,12.526,14.526,17.529,11.274,13.274,15.277,18.277,12.195,14.195,16.197,19.2,12.86,14.863,16.863,19.866,10.11,14.69
25-Jul-13,10.526,13.277,10.94,12.277,13.438,11.529,12.858,9.934,11.937,14.94,11.186,10.526,12.529,15.532,13.025,16.855,10.521,12.523,14.523,17.526,11.271,13.271,15.274,18.274,12.192,14.192,16.195,19.197,12.858,14.86,16.86,19.863,10.107,14.688
26-Jul-13,10.523,13.274,10.937,12.274,13.436,11.526,12.855,9.932,11.934,14.937,11.184,10.523,12.526,15.529,13.022,16.852,10.518,12.521,14.521,17.523,11.268,13.268,15.271,18.271,12.189,14.189,16.192,19.195,12.855,14.858,16.858,19.86,10.104,14.685
27-Jul-13,10.521,13.271,10.934,12.271,13.433,11.523,12.852,9.929,11.932,14.934,11.181,10.521,12.523,15.526,13.019,16.849,10.515,12.518,14.518,17.521,11.266,13.266,15.268,18.268,12.186,14.186,16.189,19.192,12.852,14.855,16.855,19.858,10.101,14.682
28-Jul-13,10.518,13.268,10.932,12.268,13.43,11.521,12.849,9.926,11.929,14.932,11.178,10.518,12.521,15.523,13.016,16.847,10.512,12.515,14.515,17.518,11.263,13.263,15.266,18.266,12.184,14.184,16.186,19.189,12.849,14.852,16.852,19.855,10.099,14.679
29-Jul-13,10.515,13.266,10.929,12.266,13.427,11.518,12.847,9.923,11.926,14.929,11.175,10.515,12.518,15.521,13.014,16.844,10.51,12.512,14.512,17.515,11.26,13.26,15.263,18.263,12.181,14.181,16.184,19.186,12.847,14.849,16.849,19.852,10.096,14.677
30-Jul-13,10.512,13.263,10.926,12.263,13.425,11.515,12.844,9.921,11.923,14.926,11.173,10.512,12.515,15.518,13.011,16.841,10.507,12.51,14.51,17.512,11.258,13.258,15.26,18.26,12.178,14.178,16.181,19.184,12.844,14.847,16.847,19.849,10.093,14.674
31-Jul-13,10.51,13.26,10.923,12.26,13.422,11.512,12.841,9.918,11.921,14.923,11.17,10.51,12.512,15.515,13.008,16.838,10.504,12.507,14.507,17.51,11.255,13.255,15.258,18.258,12.175,14.175,16.178,19.181,12.841,14.844,16.844,19.847,10.09,14.671
1-Aug-13,10.507,13.258,10.921,12.258,13.419,11.51,12.838,9.915,11.918,14.921,11.167,10.507,12.51,15.512,13.005,16.836,10.501,12.504,14.504,17.507,11.252,13.252,15.255,18.255,12.173,14.173,16.175,19.178,12.838,14.841,16.841,19.844,10.088,14.668
2-Aug-13,10.504,13.255,10.918,12.255,13.416,11.507,12.836,9.912,11.915,14.918,11.164,10.504,12.507,15.51,13.003,16.833,10.499,12.501,14.501,17.504,11.249,13.249,15.252,18.252,12.17,14.17,16.173,19.175,12.836,14.838,16.838,19.841,10.085,14.666
3-Aug-13,10.501,13.252,10.915,12.252,13.414,11.504,12.833,9.91,11.912,14.915,11.162,10.501,12.504,15.507,13,16.83,10.496,12.499,14.499,17.501,11.247,13.247,15.249,18.249,12.167,14.167,16.17,19.173,12.833,14.836,16.836,19.838,10.082,14.663
4-Aug-13,10.499,13.249,10.912,12.249,13.411,11.501,12.83,9.907,11.91,14.912,11.159,10.499,12.501,15.504,12.997,16.827,10.493,12.496,14.496,17.499,11.244,13.244,15.247,18.247,12.164,14.164,16.167,19.17,12.83,14.833,16.833,19.836,10.079,14.66
5-Aug-13,10.496,13.247,10.91,12.247,13.408,11.499,12.827,9.904,11.907,14.91,11.156,10.496,12.499,15.501,12.995,16.825,10.49,12.493,14.493,17.496,11.241,13.241,15.244,18.244,12.162,14.162,16.164,19.167,12.827,14.83,16.83,19.833,10.077,14.658
6-Aug-13,10.493,13.244,10.907,12.244,13.405,11.496,12.825,9.901,11.904,14.907,11.153,10.493,12.496,15.499,12.992,16.822,10.488,12.49,14.49,17.493,11.238,13.238,15.241,18.241,12.159,14.159,16.162,19.164,12.825,14.827,16.827,19.83,10.074,14.655
7-Aug-13,10.49,13.241,10.904,12.241,13.403,11.493,12.822,9.899,11.901,14.904,11.151,10.49,12.493,15.496,12.989,16.819,10.485,12.488,14.488,17.49,11.236,13.236,15.238,18.238,12.156,14.156,16.159,19.162,12.822,14.825,16.825,19.827,10.071,14.652
8-Aug-13,10.488,13.238,10.901,12.238,13.4,11.49,12.819,9.896,11.899,14.901,11.148,10.488,12.49,15.493,12.986,16.816,10.482,12.485,14.485,17.488,11.233,13.233,15.236,18.236,12.153,14.153,16.156,19.159,12.819,14.822,16.822,19.825,10.068,14.649
9-Aug-13,10.485,13.236,10.899,12.236,13.397,11.488,12.816,9.893,11.896,14.899,11.145,10.485,12.488,15.49,12.984,16.814,10.479,12.482,14.482,17.485,11.23,13.23,15.233,18.233,12.151,14.151,16.153,19.156,12.816,14.819,16.819,19.822,10.066,14.647
10-Aug-13,10.482,13.233,10.896,12.233,13.395,11.485,12.814,9.89,11.893,14.896,11.142,10.482,12.485,15.488,12.981,16.811,10.477,12.479,14.479,17.482,11.227,13.227,15.23,18.23,12.148,14.148,16.151,19.153,12.814,14.816,16.816,19.819,10.063,14.644
11-Aug-13,10.479,13.23,10.893,12.23,13.392,11.482,12.811,9.888,11.89,14.893,11.14,10.479,12.482,15.485,12.978,16.808,10.474,12.477,14.477,17.479,11.225,13.225,15.227,18.227,12.145,14.145,16.148,19.151,12.811,14.814,16.814,19.816,10.06,14.641
12-Aug-13,10.477,13.227,10.89,12.227,13.389,11.479,12.808,9.885,11.888,14.89,11.137,10.477,12.479,15.482,12.975,16.805,10.471,12.474,14.474,17.477,11.222,13.222,15.225,18.225,12.142,14.142,16.145,19.148,12.808,14.811,16.811,19.814,10.058,14.638
13-Aug-13,10.474,13.225,10.888,12.225,13.386,11.477,12.805,9.882,11.885,14.888,11.134,10.474,12.477,15.479,12.973,16.803,10.468,12.471,14.471,17.474,11.219,13.219,15.222,18.222,12.14,14.14,16.142,19.145,12.805,14.808,16.808,19.811,10.055,14.636
14-Aug-13,10.471,13.222,10.885,12.222,13.384,11.474,12.803,9.879,11.882,14.885,11.132,10.471,12.474,15.477,12.97,16.8,10.466,12.468,14.468,17.471,11.216,13.216,15.219,18.219,12.137,14.137,16.14,19.142,12.803,14.805,16.805,19.808,10.052,14.633
15-Aug-13,10.468,13.219,10.882,12.219,13.381,11.471,12.8,9.877,11.879,14.882,11.129,10.468,12.471,15.474,12.967,16.797,10.463,12.466,14.466,17.468,11.214,13.214,15.216,18.216,12.134,14.134,16.137,19.14,12.8,14.803,16.803,19.805,10.049,14.63
16-Aug-13,10.466,13.216,10.879,12.216,13.378,11.468,12.797,9.874,11.877,14.879,11.126,10.466,12.468,15.471,12.964,16.795,10.46,12.463,14.463,17.466,11.211,13.211,15.214,18.214,12.132,14.132,16.134,19.137,12.797,14.8,16.8,19.803,10.047,14.627
17-Aug-13,10.463,13.214,10.877,12.214,13.375,11.466,12.795,9.871,11.874,14.877,11.123,10.463,12.466,15.468,12.962,16.792,10.458,12.46,14.46,17.463,11.208,13.208,15.211,18.211,12.129,14.129,16.132,19.134,12.795,14.797,16.797,19.8,10.044,14.625
18-Aug-13,10.46,13.211,10.874,12.211,13.373,11.463,12.792,9.868,11.871,14.874,11.121,10.46,12.463,15.466,12.959,16.789,10.455,12.458,14.458,17.46,11.205,13.205,15.208,18.208,12.126,14.126,16.129,19.132,12.792,14.795,16.795,19.797,10.041,14.622
19-Aug-13,10.458,13.208,10.871,12.208,13.37,11.46,12.789,9.866,11.868,14.871,11.118,10.458,12.46,15.463,12.956,16.786,10.452,12.455,14.455,17.458,11.203,13.203,15.205,18.205,12.123,14.123,16.126,19.129,12.789,14.792,16.792,19.795,10.038,14.619
20-Aug-13,10.455,13.205,10.868,12.205,13.367,11.458,12.786,9.863,11.866,14.868,11.115,10.455,12.458,15.46,12.953,16.784,10.449,12.452,14.452,17.455,11.2,13.2,15.203,18.203,12.121,14.121,16.123,19.126,12.786,14.789,16.789,19.792,10.036,14.616
21-Aug-13,10.452,13.203,10.866,12.203,13.364,11.455,12.784,9.86,11.863,14.866,11.112,10.452,12.455,15.458,12.951,16.781,10.447,12.449,14.449,17.452,11.197,13.197,15.2,18.2,12.118,14.118,16.121,19.123,12.784,14.786,16.786,19.789,10.033,14.614
22-Aug-13,10.449,13.2,10.863,12.2,13.362,11.452,12.781,9.858,11.86,14.863,11.11,10.449,12.452,15.455,12.948,16.778,10.444,12.447,14.447,17.449,11.195,13.195,15.197,18.197,12.115,14.115,16.118,19.121,12.781,14.784,16.784,19.786,10.03,14.611
23-Aug-13,10.447,13.197,10.86,12.197,13.359,11.449,12.778,9.855,11.858,14.86,11.107,10.447,12.449,15.452,12.945,16.775,10.441,12.444,14.444,17.447,11.192,13.192,15.195,18.195,12.112,14.112,16.115,19.118,12.778,14.781,16.781,19.784,10.027,14.608
24-Aug-13,10.444,13.195,10.858,12.195,13.356,11.447,12.775,9.852,11.855,14.858,11.104,10.444,12.447,15.449,12.942,16.773,10.438,12.441,14.441,17.444,11.189,13.189,15.192,18.192,12.11,14.11,16.112,19.115,12.775,14.778,16.778,19.781,10.025,14.605
25-Aug-13,10.441,13.192,10.855,12.192,13.353,11.444,12.773,9.849,11.852,14.855,11.101,10.441,12.444,15.447,12.94,16.77,10.436,12.438,14.438,17.441,11.186,13.186,15.189,18.189,12.107,14.107,16.11,19.112,12.773,14.775,16.775,19.778,10.022,14.603
26-Aug-13,10.438,13.189,10.852,12.189,13.351,11.441,12.77,9.847,11.849,14.852,11.099,10.438,12.441,15.444,12.937,16.767,10.433,12.436,14.436,17.438,11.184,13.184,15.186,18.186,12.104,14.104,16.107,19.11,12.77,14.773,16.773,19.775,10.019,14.6
27-Aug-13,10.436,13.186,10.849,12.186,13.348,11.438,12.767,9.844,11.847,14.849,11.096,10.436,12.438,15.441,12.934,16.764,10.43,12.433,14.433,17.436,11.181,13.181,15.184,18.184,12.101,14.101,16.104,19.107,12.767,14.77,16.77,19.773,10.016,14.597
28-Aug-13,10.433,13.184,10.847,12.184,13.345,11.436,12.764,9.841,11.844,14.847,11.093,10.433,12.436,15.438,12.932,16.762,10.427,12.43,14.43,17.433,11.178,13.178,15.181,18.181,12.099,14.099,16.101,19.104,12.764,14.767,16.767,19.77,10.014,14.595
29-Aug-13,10.43,13.181,10.844,12.181,13.342,11.433,12.762,9.838,11.841,14.844,11.09,10.43,12.433,15.436,12.929,16.759,10.425,12.427,14.427,17.43,11.175,13.175,15.178,18.178,12.096,14.096,16.099,19.101,12.762,14.764,16.764,19.767,10.011,14.592
30-Aug-13,10.427,13.178,10.841,12.178,13.34,11.43,12.759,9.836,11.838,14.841,11.088,10.427,12.43,15.433,12.926,16.756,10.422,12.425,14.425,17.427,11.173,13.173,15.175,18.175,12.093,14.093,16.096,19.099,12.759,14.762,16.762,19.764,10.008,14.589
31-Aug-13,10.425,13.175,10.838,12.175,13.337,11.427,12.756,9.833,11.836,14.838,11.085,10.425,12.427,15.43,12.923,16.753,10.419,12.422,14.422,17.425,11.17,13.17,15.173,18.173,12.09,14.09,16.093,19.096,12.756,14.759,16.759,19.762,10.005,14.586
1-Sep-13,10.422,13.173,10.836,12.173,13.334,11.425,12.753,9.83,11.833,14.836,11.082,10.422,12.425,15.427,12.921,16.751,10.416,12.419,14.419,17.422,11.167,13.167,15.17,18.17,12.088,14.088,16.09,19.093,12.753,14.756,16.756,19.759,10.003,14.584
2-Sep-13,10.419,13.17,10.833,12.17,13.332,11.422,12.751,9.827,11.83,14.833,11.079,10.419,12.422,15.425,12.918,16.748,10.414,12.416,14.416,17.419,11.164,13.164,15.167,18.167,12.085,14.085,16.088,19.09,12.751,14.753,16.753,19.756,10,14.581
3-Sep-13,10.416,13.167,10.83,12.167,13.329,11.419,12.748,9.825,11.827,14.83,11.077,10.416,12.419,15.422,12.915,16.745,10.411,12.414,14.414,17.416,11.162,13.162,15.164,18.164,12.082,14.082,16.085,19.088,12.748,14.751,16.751,19.753,9.997,14.578
4-Sep-13,10.414,13.164,10.827,12.164,13.326,11.416,12.745,9.822,11.825,14.827,11.074,10.414,12.416,15.419,12.912,16.742,10.408,12.411,14.411,17.414,11.159,13.159,15.162,18.162,12.079,14.079,16.082,19.085,12.745,14.748,16.748,19.751,9.995,14.575
5-Sep-13,10.411,13.162,10.825,12.162,13.323,11.414,12.742,9.819,11.822,14.825,11.071,10.411,12.414,15.416,12.91,16.74,10.405,12.408,14.408,17.411,11.156,13.156,15.159,18.159,12.077,14.077,16.079,19.082,12.742,14.745,16.745,19.748,9.992,14.573
6-Sep-13,10.408,13.159,10.822,12.159,13.321,11.411,12.74,9.816,11.819,14.822,11.068,10.408,12.411,15.414,12.907,16.737,10.403,12.405,14.405,17.408,11.153,13.153,15.156,18.156,12.074,14.074,16.077,19.079,12.74,14.742,16.742,19.745,9.989,14.57
7-Sep-13,10.405,13.156,10.819,12.156,13.318,11.408,12.737,9.814,11.816,14.819,11.066,10.405,12.408,15.411,12.904,16.734,10.4,12.403,14.403,17.405,11.151,13.151,15.153,18.153,12.071,14.071,16.074,19.077,12.737,14.74,16.74,19.742,9.986,14.567
8-Sep-13,10.403,13.153,10.816,12.153,13.315,11.405,12.734,9.811,11.814,14.816,11.063,10.403,12.405,15.408,12.901,16.732,10.397,12.4,14.4,17.403,11.148,13.148,15.151,18.151,12.068,14.068,16.071,19.074,12.734,14.737,16.737,19.74,9.984,14.564
9-Sep-13,10.4,13.151,10.814,12.151,13.312,11.403,12.732,9.808,11.811,14.814,11.06,10.4,12.403,15.405,12.899,16.729,10.395,12.397,14.397,17.4,11.145,13.145,15.148,18.148,12.066,14.066,16.068,19.071,12.732,14.734,16.734,19.737,9.981,14.562
10-Sep-13,10.397,13.148,10.811,12.148,13.31,11.4,12.729,9.805,11.808,14.811,11.058,10.397,12.4,15.403,12.896,16.726,10.392,12.395,14.395,17.397,11.142,13.142,15.145,18.145,12.063,14.063,16.066,19.068,12.729,14.732,16.732,19.734,9.978,14.559
11-Sep-13,10.395,13.145,10.808,12.145,13.307,11.397,12.726,9.803,11.805,14.808,11.055,10.395,12.397,15.4,12.893,16.723,10.389,12.392,14.392,17.395,11.14,13.14,15.142,18.142,12.06,14.06,16.063,19.066,12.726,14.729,16.729,19.732,9.975,14.556
12-Sep-13,10.392,13.142,10.805,12.142,13.304,11.395,12.723,9.8,11.803,14.805,11.052,10.392,12.395,15.397,12.89,16.721,10.386,12.389,14.389,17.392,11.137,13.137,15.14,18.14,12.058,14.058,16.06,19.063,12.723,14.726,16.726,19.729,9.973,14.553
13-Sep-13,10.389,13.14,10.803,12.14,13.301,11.392,12.721,9.797,11.8,14.803,11.049,10.389,12.392,15.395,12.888,16.718,10.384,12.386,14.386,17.389,11.134,13.134,15.137,18.137,12.055,14.055,16.058,19.06,12.721,14.723,16.723,19.726,9.97,14.551
14-Sep-13,10.386,13.137,10.8,12.137,13.299,11.389,12.718,9.795,11.797,14.8,11.047,10.386,12.389,15.392,12.885,16.715,10.381,12.384,14.384,17.386,11.132,13.132,15.134,18.134,12.052,14.052,16.055,19.058,12.718,14.721,16.721,19.723,9.967,14.548
15-Sep-13,10.384,13.134,10.797,12.134,13.296,11.386,12.715,9.792,11.795,14.797,11.044,10.384,12.386,15.389,12.882,16.712,10.378,12.381,14.381,17.384,11.129,13.129,15.132,18.132,12.049,14.049,16.052,19.055,12.715,14.718,16.718,19.721,9.964,14.545
16-Sep-13,10.381,13.132,10.795,12.132,13.293,11.384,12.712,9.789,11.792,14.795,11.041,10.381,12.384,15.386,12.879,16.71,10.375,12.378,14.378,17.381,11.126,13.126,15.129,18.129,12.047,14.047,16.049,19.052,12.712,14.715,16.715,19.718,9.962,14.542
17-Sep-13,10.378,13.129,10.792,12.129,13.29,11.381,12.71,9.786,11.789,14.792,11.038,10.378,12.381,15.384,12.877,16.707,10.373,12.375,14.375,17.378,11.123,13.123,15.126,18.126,12.044,14.044,16.047,19.049,12.71,14.712,16.712,19.715,9.959,14.54
18-Sep-13,10.375,13.126,10.789,12.126,13.288,11.378,12.707,9.784,11.786,14.789,11.036,10.375,12.378,15.381,12.874,16.704,10.37,12.373,14.373,17.375,11.121,13.121,15.123,18.123,12.041,14.041,16.044,19.047,12.707,14.71,16.71,19.712,9.956,14.537
19-Sep-13,10.373,13.123,10.786,12.123,13.285,11.375,12.704,9.781,11.784,14.786,11.033,10.373,12.375,15.378,12.871,16.701,10.367,12.37,14.37,17.373,11.118,13.118,15.121,18.121,12.038,14.038,16.041,19.044,12.704,14.707,16.707,19.71,9.953,14.534
20-Sep-13,10.37,13.121,10.784,12.121,13.282,11.373,12.701,9.778,11.781,14.784,11.03,10.37,12.373,15.375,12.868,16.699,10.364,12.367,14.367,17.37,11.115,13.115,15.118,18.118,12.036,14.036,16.038,19.041,12.701,14.704,16.704,19.707,9.951,14.532
21-Sep-13,10.367,13.118,10.781,12.118,13.279,11.37,12.699,9.775,11.778,14.781,11.027,10.367,12.37,15.373,12.866,16.696,10.362,12.364,14.364,17.367,11.112,13.112,15.115,18.115,12.033,14.033,16.036,19.038,12.699,14.701,16.701,19.704,9.948,14.529
22-Sep-13,10.364,13.115,10.778,12.115,13.277,11.367,12.696,9.773,11.775,14.778,11.025,10.364,12.367,15.37,12.863,16.693,10.359,12.362,14.362,17.364,11.11,13.11,15.112,18.112,12.03,14.03,16.033,19.036,12.696,14.699,16.699,19.701,9.945,14.526
23-Sep-13,10.362,13.112,10.775,12.112,13.274,11.364,12.693,9.77,11.773,14.775,11.022,10.362,12.364,15.367,12.86,16.69,10.356,12.359,14.359,17.362,11.107,13.107,15.11,18.11,12.027,14.027,16.03,19.033,12.693,14.696,16.696,19.699,9.942,14.523
24-Sep-13,10.359,13.11,10.773,12.11,13.271,11.362,12.69,9.767,11.77,14.773,11.019,10.359,12.362,15.364,12.858,16.688,10.353,12.356,14.356,17.359,11.104,13.104,15.107,18.107,12.025,14.025,16.027,19.03,12.69,14.693,16.693,19.696,9.94,14.521
25-Sep-13,10.356,13.107,10.77,12.107,13.268,11.359,12.688,9.764,11.767,14.77,11.016,10.356,12.359,15.362,12.855,16.685,10.351,12.353,14.353,17.356,11.101,13.101,15.104,18.104,12.022,14.022,16.025,19.027,12.688,14.69,16.69,19.693,9.937,14.518
26-Sep-13,10.353,13.104,10.767,12.104,13.266,11.356,12.685,9.762,11.764,14.767,11.014,10.353,12.356,15.359,12.852,16.682,10.348,12.351,14.351,17.353,11.099,13.099,15.101,18.101,12.019,14.019,16.022,19.025,12.685,14.688,16.688,19.69,9.934,14.515
27-Sep-13,10.351,13.101,10.764,12.101,13.263,11.353,12.682,9.759,11.762,14.764,11.011,10.351,12.353,15.356,12.849,16.679,10.345,12.348,14.348,17.351,11.096,13.096,15.099,18.099,12.016,14.016,16.019,19.022,12.682,14.685,16.685,19.688,9.932,14.512
28-Sep-13,10.348,13.099,10.762,12.099,13.26,11.351,12.679,9.756,11.759,14.762,11.008,10.348,12.351,15.353,12.847,16.677,10.342,12.345,14.345,17.348,11.093,13.093,15.096,18.096,12.014,14.014,16.016,19.019,12.679,14.682,16.682,19.685,9.929,14.51
29-Sep-13,10.345,13.096,10.759,12.096,13.258,11.348,12.677,9.753,11.756,14.759,11.005,10.345,12.348,15.351,12.844,16.674,10.34,12.342,14.342,17.345,11.09,13.09,15.093,18.093,12.011,14.011,16.014,19.016,12.677,14.679,16.679,19.682,9.926,14.507
30-Sep-13,10.342,13.093,10.756,12.093,13.255,11.345,12.674,9.751,11.753,14.756,11.003,10.342,12.345,15.348,12.841,16.671,10.337,12.34,14.34,17.342,11.088,13.088,15.09,18.09,12.008,14.008,16.011,19.014,12.674,14.677,16.677,19.679,9.923,14.504
1-Oct-13,10.34,13.09,10.753,12.09,13.252,11.342,12.671,9.748,11.751,14.753,11,10.34,12.342,15.345,12.838,16.668,10.334,12.337,14.337,17.34,11.085,13.085,15.088,18.088,12.005,14.005,16.008,19.011,12.671,14.674,16.674,19.677,9.921,14.501
2-Oct-13,10.337,13.088,10.751,12.088,13.249,11.34,12.668,9.745,11.748,14.751,10.997,10.337,12.34,15.342,12.836,16.666,10.332,12.334,14.334,17.337,11.082,13.082,15.085,18.085,12.003,14.003,16.005,19.008,12.668,14.671,16.671,19.674,9.918,14.499
3-Oct-13,10.334,13.085,10.748,12.085,13.247,11.337,12.666,9.742,11.745,14.748,10.995,10.334,12.337,15.34,12.833,16.663,10.329,12.332,14.332,17.334,11.079,13.079,15.082,18.082,12,14,16.003,19.005,12.666,14.668,16.668,19.671,9.915,14.496
4-Oct-13,10.332,13.082,10.745,12.082,13.244,11.334,12.663,9.74,11.742,14.745,10.992,10.332,12.334,15.337,12.83,16.66,10.326,12.329,14.329,17.332,11.077,13.077,15.079,18.079,11.997,13.997,16,19.003,12.663,14.666,16.666,19.668,9.912,14.493
5-Oct-13,10.329,13.079,10.742,12.079,13.241,11.332,12.66,9.737,11.74,14.742,10.989,10.329,12.332,15.334,12.827,16.658,10.323,12.326,14.326,17.329,11.074,13.074,15.077,18.077,11.995,13.995,15.997,19,12.66,14.663,16.663,19.666,9.91,14.49
6-Oct-13,10.326,13.077,10.74,12.077,13.238,11.329,12.658,9.734,11.737,14.74,10.986,10.326,12.329,15.332,12.825,16.655,10.321,12.323,14.323,17.326,11.071,13.071,15.074,18.074,11.992,13.992,15.995,18.997,12.658,14.66,16.66,19.663,9.907,14.488
7-Oct-13,10.323,13.074,10.737,12.074,13.236,11.326,12.655,9.732,11.734,14.737,10.984,10.323,12.326,15.329,12.822,16.652,10.318,12.321,14.321,17.323,11.068,13.068,15.071,18.071,11.989,13.989,15.992,18.995,12.655,14.658,16.658,19.66,9.904,14.485
8-Oct-13,10.321,13.071,10.734,12.071,13.233,11.323,12.652,9.729,11.732,14.734,10.981,10.321,12.323,15.326,12.819,16.649,10.315,12.318,14.318,17.321,11.066,13.066,15.068,18.068,11.986,13.986,15.989,18.992,12.652,14.655,16.655,19.658,9.901,14.482
9-Oct-13,10.318,13.068,10.732,12.068,13.23,11.321,12.649,9.726,11.729,14.732,10.978,10.318,12.321,15.323,12.816,16.647,10.312,12.315,14.315,17.318,11.063,13.063,15.066,18.066,11.984,13.984,15.986,18.989,12.649,14.652,16.652,19.655,9.899,14.479
10-Oct-13,10.315,13.066,10.729,12.066,13.227,11.318,12.647,9.723,11.726,14.729,10.975,10.315,12.318,15.321,12.814,16.644,10.31,12.312,14.312,17.315,11.06,13.06,15.063,18.063,11.981,13.981,15.984,18.986,12.647,14.649,16.649,19.652,9.896,14.477
11-Oct-13,10.312,13.063,10.726,12.063,13.225,11.315,12.644,9.721,11.723,14.726,10.973,10.312,12.315,15.318,12.811,16.641,10.307,12.31,14.31,17.312,11.058,13.058,15.06,18.06,11.978,13.978,15.981,18.984,12.644,14.647,16.647,19.649,9.893,14.474
12-Oct-13,10.31,13.06,10.723,12.06,13.222,11.312,12.641,9.718,11.721,14.723,10.97,10.31,12.312,15.315,12.808,16.638,10.304,12.307,14.307,17.31,11.055,13.055,15.058,18.058,11.975,13.975,15.978,18.981,12.641,14.644,16.644,19.647,9.89,14.471
13-Oct-13,10.307,13.058,10.721,12.058,13.219,11.31,12.638,9.715,11.718,14.721,10.967,10.307,12.31,15.312,12.805,16.636,10.301,12.304,14.304,17.307,11.052,13.052,15.055,18.055,11.973,13.973,15.975,18.978,12.638,14.641,16.641,19.644,9.888,14.468
14-Oct-13,10.304,13.055,10.718,12.055,13.216,11.307,12.636,9.712,11.715,14.718,10.964,10.304,12.307,15.31,12.803,16.633,10.299,12.301,14.301,17.304,11.049,13.049,15.052,18.052,11.97,13.97,15.973,18.975,12.636,14.638,16.638,19.641,9.885,14.466
15-Oct-13,10.301,13.052,10.715,12.052,13.214,11.304,12.633,9.71,11.712,14.715,10.962,10.301,12.304,15.307,12.8,16.63,10.296,12.299,14.299,17.301,11.047,13.047,15.049,18.049,11.967,13.967,15.97,18.973,12.633,14.636,16.636,19.638,9.882,14.463
16-Oct-13,10.299,13.049,10.712,12.049,13.211,11.301,12.63,9.707,11.71,14.712,10.959,10.299,12.301,15.304,12.797,16.627,10.293,12.296,14.296,17.299,11.044,13.044,15.047,18.047,11.964,13.964,15.967,18.97,12.63,14.633,16.633,19.636,9.879,14.46
17-Oct-13,10.296,13.047,10.71,12.047,13.208,11.299,12.627,9.704,11.707,14.71,10.956,10.296,12.299,15.301,12.795,16.625,10.29,12.293,14.293,17.296,11.041,13.041,15.044,18.044,11.962,13.962,15.964,18.967,12.627,14.63,16.63,19.633,9.877,14.458
18-Oct-13,10.293,13.044,10.707,12.044,13.205,11.296,12.625,9.701,11.704,14.707,10.953,10.293,12.296,15.299,12.792,16.622,10.288,12.29,14.29,17.293,11.038,13.038,15.041,18.041,11.959,13.959,15.962,18.964,12.625,14.627,16.627,19.63,9.874,14.455
19-Oct-13,10.29,13.041,10.704,12.041,13.203,11.293,12.622,9.699,11.701,14.704,10.951,10.29,12.293,15.296,12.789,16.619,10.285,12.288,14.288,17.29,11.036,13.036,15.038,18.038,11.956,13.956,15.959,18.962,12.622,14.625,16.625,19.627,9.871,14.452
20-Oct-13,10.288,13.038,10.701,12.038,13.2,11.29,12.619,9.696,11.699,14.701,10.948,10.288,12.29,15.293,12.786,16.616,10.282,12.285,14.285,17.288,11.033,13.033,15.036,18.036,11.953,13.953,15.956,18.959,12.619,14.622,16.622,19.625,9.868,14.449
21-Oct-13,10.285,13.036,10.699,12.036,13.197,11.288,12.616,9.693,11.696,14.699,10.945,10.285,12.288,15.29,12.784,16.614,10.279,12.282,14.282,17.285,11.03,13.03,15.033,18.033,11.951,13.951,15.953,18.956,12.616,14.619,16.619,19.622,9.866,14.447
22-Oct-13,10.282,13.033,10.696,12.033,13.195,11.285,12.614,9.69,11.693,14.696,10.942,10.282,12.285,15.288,12.781,16.611,10.277,12.279,14.279,17.282,11.027,13.027,15.03,18.03,11.948,13.948,15.951,18.953,12.614,14.616,16.616,19.619,9.863,14.444
23-Oct-13,10.279,13.03,10.693,12.03,13.192,11.282,12.611,9.688,11.69,14.693,10.94,10.279,12.282,15.285,12.778,16.608,10.274,12.277,14.277,17.279,11.025,13.025,15.027,18.027,11.945,13.945,15.948,18.951,12.611,14.614,16.614,19.616,9.86,14.441
24-Oct-13,10.277,13.027,10.69,12.027,13.189,11.279,12.608,9.685,11.688,14.69,10.937,10.277,12.279,15.282,12.775,16.605,10.271,12.274,14.274,17.277,11.022,13.022,15.025,18.025,11.942,13.942,15.945,18.948,12.608,14.611,16.611,19.614,9.858,14.438
25-Oct-13,10.274,13.025,10.688,12.025,13.186,11.277,12.605,9.682,11.685,14.688,10.934,10.274,12.277,15.279,12.773,16.603,10.268,12.271,14.271,17.274,11.019,13.019,15.022,18.022,11.94,13.94,15.942,18.945,12.605,14.608,16.608,19.611,9.855,14.436
26-Oct-13,10.271,13.022,10.685,12.022,13.184,11.274,12.603,9.679,11.682,14.685,10.932,10.271,12.274,15.277,12.77,16.6,10.266,12.268,14.268,17.271,11.016,13.016,15.019,18.019,11.937,13.937,15.94,18.942,12.603,14.605,16.605,19.608,9.852,14.433
27-Oct-13,10.268,13.019,10.682,12.019,13.181,11.271,12.6,9.677,11.679,14.682,10.929,10.268,12.271,15.274,12.767,16.597,10.263,12.266,14.266,17.268,11.014,13.014,15.016,18.016,11.934,13.934,15.937,18.94,12.6,14.603,16.603,19.605,9.849,14.43
28-Oct-13,10.266,13.016,10.679,12.016,13.178,11.268,12.597,9.674,11.677,14.679,10.926,10.266,12.268,15.271,12.764,16.595,10.26,12.263,14.263,17.266,11.011,13.011,15.014,18.014,11.932,13.932,15.934,18.937,12.597,14.6,16.6,19.603,9.847,14.427
29-Oct-13,10.263,13.014,10.677,12.014,13.175,11.266,12.595,9.671,11.674,14.677,10.923,10.263,12.266,15.268,12.762,16.592,10.258,12.26,14.26,17.263,11.008,13.008,15.011,18.011,11.929,13.929,15.932,18.934,12.595,14.597,16.597,19.6,9.844,14.425
30-Oct-13,10.26,13.011,10.674,12.011,13.173,11.263,12.592,9.668,11.671,14.674,10.921,10.26,12.263,15.266,12.759,16.589,10.255,12.258,14.258,17.26,11.005,13.005,15.008,18.008,11.926,13.926,15.929,18.932,12.592,14.595,16.595,19.597,9.841,14.422
31-Oct-13,10.258,13.008,10.671,12.008,13.17,11.26,12.589,9.666,11.668,14.671,10.918,10.258,12.26,15.263,12.756,16.586,10.252,12.255,14.255,17.258,11.003,13.003,15.005,18.005,11.923,13.923,15.926,18.929,12.589,14.592,16.592,19.595,9.838,14.419
1-Nov-13,10.255,13.005,10.668,12.005,13.167,11.258,12.586,9.663,11.666,14.668,10.915,10.255,12.258,15.26,12.753,16.584,10.249,12.252,14.252,17.255,11,13,15.003,18.003,11.921,13.921,15.923,18.926,12.586,14.589,16.589,19.592,9.836,14.416
2-Nov-13,10.252,13.003,10.666,12.003,13.164,11.255,12.584,9.66,11.663,14.666,10.912,10.252,12.255,15.258,12.751,16.581,10.247,12.249,14.249,17.252,10.997,12.997,15,18,11.918,13.918,15.921,18.923,12.584,14.586,16.586,19.589,9.833,14.414
3-Nov-13,10.249,13,10.663,12,13.162,11.252,12.581,9.658,11.66,14.663,10.91,10.249,12.252,15.255,12.748,16.578,10.244,12.247,14.247,17.249,10.995,12.995,14.997,17.997,11.915,13.915,15.918,18.921,12.581,14.584,16.584,19.586,9.83,14.411
4-Nov-13,10.247,12.997,10.66,11.997,13.159,11.249,12.578,9.655,11.658,14.66,10.907,10.247,12.249,15.252,12.745,16.575,10.241,12.244,14.244,17.247,10.992,12.992,14.995,17.995,11.912,13.912,15.915,18.918,12.578,14.581,16.581,19.584,9.827,14.408
5-Nov-13,10.244,12.995,10.658,11.995,13.156,11.247,12.575,9.652,11.655,14.658,10.904,10.244,12.247,15.249,12.742,16.573,10.238,12.241,14.241,17.244,10.989,12.989,14.992,17.992,11.91,13.91,15.912,18.915,12.575,14.578,16.578,19.581,9.825,14.405
6-Nov-13,10.241,12.992,10.655,11.992,13.153,11.244,12.573,9.649,11.652,14.655,10.901,10.241,12.244,15.247,12.74,16.57,10.236,12.238,14.238,17.241,10.986,12.986,14.989,17.989,11.907,13.907,15.91,18.912,12.573,14.575,16.575,19.578,9.822,14.403
7-Nov-13,10.238,12.989,10.652,11.989,13.151,11.241,12.57,9.647,11.649,14.652,10.899,10.238,12.241,15.244,12.737,16.567,10.233,12.236,14.236,17.238,10.984,12.984,14.986,17.986,11.904,13.904,15.907,18.91,12.57,14.573,16.573,19.575,9.819,14.4
8-Nov-13,10.236,12.986,10.649,11.986,13.148,11.238,12.567,9.644,11.647,14.649,10.896,10.236,12.238,15.241,12.734,16.564,10.23,12.233,14.233,17.236,10.981,12.981,14.984,17.984,11.901,13.901,15.904,18.907,12.567,14.57,16.57,19.573,9.816,14.397
9-Nov-13,10.233,12.984,10.647,11.984,13.145,11.236,12.564,9.641,11.644,14.647,10.893,10.233,12.236,15.238,12.732,16.562,10.227,12.23,14.23,17.233,10.978,12.978,14.981,17.981,11.899,13.899,15.901,18.904,12.564,14.567,16.567,19.57,9.814,14.395
10-Nov-13,10.23,12.981,10.644,11.981,13.142,11.233,12.562,9.638,11.641,14.644,10.89,10.23,12.233,15.236,12.729,16.559,10.225,12.227,14.227,17.23,10.975,12.975,14.978,17.978,11.896,13.896,15.899,18.901,12.562,14.564,16.564,19.567,9.811,14.392
11-Nov-13,10.227,12.978,10.641,11.978,13.14,11.23,12.559,9.636,11.638,14.641,10.888,10.227,12.23,15.233,12.726,16.556,10.222,12.225,14.225,17.227,10.973,12.973,14.975,17.975,11.893,13.893,15.896,18.899,12.559,14.562,16.562,19.564,9.808,14.389
12-Nov-13,10.225,12.975,10.638,11.975,13.137,11.227,12.556,9.633,11.636,14.638,10.885,10.225,12.227,15.23,12.723,16.553,10.219,12.222,14.222,17.225,10.97,12.97,14.973,17.973,11.89,13.89,15.893,18.896,12.556,14.559,16.559,19.562,9.805,14.386
13-Nov-13,10.222,12.973,10.636,11.973,13.134,11.225,12.553,9.63,11.633,14.636,10.882,10.222,12.225,15.227,12.721,16.551,10.216,12.219,14.219,17.222,10.967,12.967,14.97,17.97,11.888,13.888,15.89,18.893,12.553,14.556,16.556,19.559,9.803,14.384
14-Nov-13,10.219,12.97,10.633,11.97,13.132,11.222,12.551,9.627,11.63,14.633,10.879,10.219,12.222,15.225,12.718,16.548,10.214,12.216,14.216,17.219,10.964,12.964,14.967,17.967,11.885,13.885,15.888,18.89,12.551,14.553,16.553,19.556,9.8,14.381
15-Nov-13,10.216,12.967,10.63,11.967,13.129,11.219,12.548,9.625,11.627,14.63,10.877,10.216,12.219,15.222,12.715,16.545,10.211,12.214,14.214,17.216,10.962,12.962,14.964,17.964,11.882,13.882,15.885,18.888,12.548,14.551,16.551,19.553,9.797,14.378
16-Nov-13,10.214,12.964,10.627,11.964,13.126,11.216,12.545,9.622,11.625,14.627,10.874,10.214,12.216,15.219,12.712,16.542,10.208,12.211,14.211,17.214,10.959,12.959,14.962,17.962,11.879,13.879,15.882,18.885,12.545,14.548,16.548,19.551,9.795,14.375
17-Nov-13,10.211,12.962,10.625,11.962,13.123,11.214,12.542,9.619,11.622,14.625,10.871,10.211,12.214,15.216,12.71,16.54,10.205,12.208,14.208,17.211,10.956,12.956,14.959,17.959,11.877,13.877,15.879,18.882,12.542,14.545,16.545,19.548,9.792,14.373
18-Nov-13,10.208,12.959,10.622,11.959,13.121,11.211,12.54,9.616,11.619,14.622,10.868,10.208,12.211,15.214,12.707,16.537,10.203,12.205,14.205,17.208,10.953,12.953,14.956,17.956,11.874,13.874,15.877,18.879,12.54,14.542,16.542,19.545,9.789,14.37
19-Nov-13,10.205,12.956,10.619,11.956,13.118,11.208,12.537,9.614,11.616,14.619,10.866,10.205,12.208,15.211,12.704,16.534,10.2,12.203,14.203,17.205,10.951,12.951,14.953,17.953,11.871,13.871,15.874,18.877,12.537,14.54,16.54,19.542,9.786,14.367
20-Nov-13,10.203,12.953,10.616,11.953,13.115,11.205,12.534,9.611,11.614,14.616,10.863,10.203,12.205,15.208,12.701,16.532,10.197,12.2,14.2,17.203,10.948,12.948,14.951,17.951,11.868,13.868,15.871,18.874,12.534,14.537,16.537,19.54,9.784,14.364
21-Nov-13,10.2,12.951,10.614,11.951,13.112,11.203,12.532,9.608,11.611,14.614,10.86,10.2,12.203,15.205,12.699,16.529,10.195,12.197,14.197,17.2,10.945,12.945,14.948,17.948,11.866,13.866,15.868,18.871,12.532,14.534,16.534,19.537,9.781,14.362
22-Nov-13,10.197,12.948,10.611,11.948,13.11,11.2,12.529,9.605,11.608,14.611,10.858,10.197,12.2,15.203,12.696,16.526,10.192,12.195,14.195,17.197,10.942,12.942,14.945,17.945,11.863,13.863,15.866,18.868,12.529,14.532,16.532,19.534,9.778,14.359
23-Nov-13,10.195,12.945,10.608,11.945,13.107,11.197,12.526,9.603,11.605,14.608,10.855,10.195,12.197,15.2,12.693,16.523,10.189,12.192,14.192,17.195,10.94,12.94,14.942,17.942,11.86,13.86,15.863,18.866,12.526,14.529,16.529,19.532,9.775,14.356
24-Nov-13,10.192,12.942,10.605,11.942,13.104,11.195,12.523,9.6,11.603,14.605,10.852,10.192,12.195,15.197,12.69,16.521,10.186,12.189,14.189,17.192,10.937,12.937,14.94,17.94,11.858,13.858,15.86,18.863,12.523,14.526,16.526,19.529,9.773,14.353
25-Nov-13,10.189,12.94,10.603,11.94,13.101,11.192,12.521,9.597,11.6,14.603,10.849,10.189,12.192,15.195,12.688,16.518,10.184,12.186,14.186,17.189,10.934,12.934,14.937,17.937,11.855,13.855,15.858,18.86,12.521,14.523,16.523,19.526,9.77,14.351
26-Nov-13,10.186,12.937,10.6,11.937,13.099,11.189,12.518,9.595,11.597,14.6,10.847,10.186,12.189,15.192,12.685,16.515,10.181,12.184,14.184,17.186,10.932,12.932,14.934,17.934,11.852,13.852,15.855,18.858,12.518,14.521,16.521,19.523,9.767,14.348
27-Nov-13,10.184,12.934,10.597,11.934,13.096,11.186,12.515,9.592,11.595,14.597,10.844,10.184,12.186,15.189,12.682,16.512,10.178,12.181,14.181,17.184,10.929,12.929,14.932,17.932,11.849,13.849,15.852,18.855,12.515,14.518,16.518,19.521,9.764,14.345
28-Nov-13,10.181,12.932,10.595,11.932,13.093,11.184,12.512,9.589,11.592,14.595,10.841,10.181,12.184,15.186,12.679,16.51,10.175,12.178,14.178,17.181,10.926,12.926,14.929,17.929,11.847,13.847,15.849,18.852,12.512,14.515,16.515,19.518,9.762,14.342
29-Nov-13,10.178,12.929,10.592,11.929,13.09,11.181,12.51,9.586,11.589,14.592,10.838,10.178,12.181,15.184,12.677,16.507,10.173,12.175,14.175,17.178,10.923,12.923,14.926,17.926,11.844,13.844,15.847,18.849,12.51,14.512,16.512,19.515,9.759,14.34
30-Nov-13,10.175,12.926,10.589,11.926,13.088,11.178,12.507,9.584,11.586,14.589,10.836,10.175,12.178,15.181,12.674,16.504,10.17,12.173,14.173,17.175,10.921,12.921,14.923,17.923,11.841,13.841,15.844,18.847,12.507,14.51,16.51,19.512,9.756,14.337
1-Dec-13,10.173,12.923,10.586,11.923,13.085,11.175,12.504,9.581,11.584,14.586,10.833,10.173,12.175,15.178,12.671,16.501,10.167,12.17,14.17,17.173,10.918,12.918,14.921,17.921,11.838,13.838,15.841,18.844,12.504,14.507,16.507,19.51,9.753,14.334
2-Dec-13,10.17,12.921,10.584,11.921,13.082,11.173,12.501,9.578,11.581,14.584,10.83,10.17,12.173,15.175,12.668,16.499,10.164,12.167,14.167,17.17,10.915,12.915,14.918,17.918,11.836,13.836,15.838,18.841,12.501,14.504,16.504,19.507,9.751,14.332
3-Dec-13,10.167,12.918,10.581,11.918,13.079,11.17,12.499,9.575,11.578,14.581,10.827,10.167,12.17,15.173,12.666,16.496,10.162,12.164,14.164,17.167,10.912,12.912,14.915,17.915,11.833,13.833,15.836,18.838,12.499,14.501,16.501,19.504,9.748,14.329
4-Dec-13,10.164,12.915,10.578,11.915,13.077,11.167,12.496,9.573,11.575,14.578,10.825,10.164,12.167,15.17,12.663,16.493,10.159,12.162,14.162,17.164,10.91,12.91,14.912,17.912,11.83,13.83,15.833,18.836,12.496,14.499,16.499,19.501,9.745,14.326
5-Dec-13,10.162,12.912,10.575,11.912,13.074,11.164,12.493,9.57,11.573,14.575,10.822,10.162,12.164,15.167,12.66,16.49,10.156,12.159,14.159,17.162,10.907,12.907,14.91,17.91,11.827,13.827,15.83,18.833,12.493,14.496,16.496,19.499,9.742,14.323
6-Dec-13,10.159,12.91,10.573,11.91,13.071,11.162,12.49,9.567,11.57,14.573,10.819,10.159,12.162,15.164,12.658,16.488,10.153,12.156,14.156,17.159,10.904,12.904,14.907,17.907,11.825,13.825,15.827,18.83,12.49,14.493,16.493,19.496,9.74,14.321
7-Dec-13,10.156,12.907,10.57,11.907,13.068,11.159,12.488,9.564,11.567,14.57,10.816,10.156,12.159,15.162,12.655,16.485,10.151,12.153,14.153,17.156,10.901,12.901,14.904,17.904,11.822,13.822,15.825,18.827,12.488,14.49,16.49,19.493,9.737,14.318
8-Dec-13,10.153,12.904,10.567,11.904,13.066,11.156,12.485,9.562,11.564,14.567,10.814,10.153,12.156,15.159,12.652,16.482,10.148,12.151,14.151,17.153,10.899,12.899,14.901,17.901,11.819,13.819,15.822,18.825,12.485,14.488,16.488,19.49,9.734,14.315
9-Dec-13,10.151,12.901,10.564,11.901,13.063,11.153,12.482,9.559,11.562,14.564,10.811,10.151,12.153,15.156,12.649,16.479,10.145,12.148,14.148,17.151,10.896,12.896,14.899,17.899,11.816,13.816,15.819,18.822,12.482,14.485,16.485,19.488,9.732,14.312
10-Dec-13,10.148,12.899,10.562,11.899,13.06,11.151,12.479,9.556,11.559,14.562,10.808,10.148,12.151,15.153,12.647,16.477,10.142,12.145,14.145,17.148,10.893,12.893,14.896,17.896,11.814,13.814,15.816,18.819,12.479,14.482,16.482,19.485,9.729,14.31
11-Dec-13,10.145,12.896,10.559,11.896,13.058,11.148,12.477,9.553,11.556,14.559,10.805,10.145,12.148,15.151,12.644,16.474,10.14,12.142,14.142,17.145,10.89,12.89,14.893,17.893,11.811,13.811,15.814,18.816,12.477,14.479,16.479,19.482,9.726,14.307
12-Dec-13,10.142,12.893,10.556,11.893,13.055,11.145,12.474,9.551,11.553,14.556,10.803,10.142,12.145,15.148,12.641,16.471,10.137,12.14,14.14,17.142,10.888,12.888,14.89,17.89,11.808,13.808,15.811,18.814,12.474,14.477,16.477,19.479,9.723,14.304
13-Dec-13,10.14,12.89,10.553,11.89,13.052,11.142,12.471,9.548,11.551,14.553,10.8,10.14,12.142,15.145,12.638,16.468,10.134,12.137,14.137,17.14,10.885,12.885,14.888,17.888,11.805,13.805,15.808,18.811,12.471,14.474,16.474,19.477,9.721,14.301
14-Dec-13,10.137,12.888,10.551,11.888,13.049,11.14,12.468,9.545,11.548,14.551,10.797,10.137,12.14,15.142,12.636,16.466,10.132,12.134,14.134,17.137,10.882,12.882,14.885,17.885,11.803,13.803,15.805,18.808,12.468,14.471,16.471,19.474,9.718,14.299
15-Dec-13,10.134,12.885,10.548,11.885,13.047,11.137,12.466,9.542,11.545,14.548,10.795,10.134,12.137,15.14,12.633,16.463,10.129,12.132,14.132,17.134,10.879,12.879,14.882,17.882,11.8,13.8,15.803,18.805,12.466,14.468,16.468,19.471,9.715,14.296
16-Dec-13,10.132,12.882,10.545,11.882,13.044,11.134,12.463,9.54,11.542,14.545,10.792,10.132,12.134,15.137,12.63,16.46,10.126,12.129,14.129,17.132,10.877,12.877,14.879,17.879,11.797,13.797,15.8,18.803,12.463,14.466,16.466,19.468,9.712,14.293
17-Dec-13,10.129,12.879,10.542,11.879,13.041,11.132,12.46,9.537,11.54,14.542,10.789,10.129,12.132,15.134,12.627,16.458,10.123,12.126,14.126,17.129,10.874,12.874,14.877,17.877,11.795,13.795,15.797,18.8,12.46,14.463,16.463,19.466,9.71,14.29
18-Dec-13,10.126,12.877,10.54,11.877,13.038,11.129,12.458,9.534,11.537,14.54,10.786,10.126,12.129,15.132,12.625,16.455,10.121,12.123,14.123,17.126,10.871,12.871,14.874,17.874,11.792,13.792,15.795,18.797,12.458,14.46,16.46,19.463,9.707,14.288
19-Dec-13,10.123,12.874,10.537,11.874,13.036,11.126,12.455,9.532,11.534,14.537,10.784,10.123,12.126,15.129,12.622,16.452,10.118,12.121,14.121,17.123,10.868,12.868,14.871,17.871,11.789,13.789,15.792,18.795,12.455,14.458,16.458,19.46,9.704,14.285
20-Dec-13,10.121,12.871,10.534,11.871,13.033,11.123,12.452,9.529,11.532,14.534,10.781,10.121,12.123,15.126,12.619,16.449,10.115,12.118,14.118,17.121,10.866,12.866,14.868,17.868,11.786,13.786,15.789,18.792,12.452,14.455,16.455,19.458,9.701,14.282
21-Dec-13,10.118,12.868,10.532,11.868,13.03,11.121,12.449,9.526,11.529,14.532,10.778,10.118,12.121,15.123,12.616,16.447,10.112,12.115,14.115,17.118,10.863,12.863,14.866,17.866,11.784,13.784,15.786,18.789,12.449,14.452,16.452,19.455,9.699,14.279
22-Dec-13,10.115,12.866,10.529,11.866,13.027,11.118,12.447,9.523,11.526,14.529,10.775,10.115,12.118,15.121,12.614,16.444,10.11,12.112,14.112,17.115,10.86,12.86,14.863,17.863,11.781,13.781,15.784,18.786,12.447,14.449,16.449,19.452,9.696,14.277
23-Dec-13,10.112,12.863,10.526,11.863,13.025,11.115,12.444,9.521,11.523,14.526,10.773,10.112,12.115,15.118,12.611,16.441,10.107,12.11,14.11,17.112,10.858,12.858,14.86,17.86,11.778,13.778,15.781,18.784,12.444,14.447,16.447,19.449,9.693,14.274
24-Dec-13,10.11,12.86,10.523,11.86,13.022,11.112,12.441,9.518,11.521,14.523,10.77,10.11,12.112,15.115,12.608,16.438,10.104,12.107,14.107,17.11,10.855,12.855,14.858,17.858,11.775,13.775,15.778,18.781,12.441,14.444,16.444,19.447,9.69,14.271
25-Dec-13,10.107,12.858,10.521,11.858,13.019,11.11,12.438,9.515,11.518,14.521,10.767,10.107,12.11,15.112,12.605,16.436,10.101,12.104,14.104,17.107,10.852,12.852,14.855,17.855,11.773,13.773,15.775,18.778,12.438,14.441,16.441,19.444,9.688,14.268
26-Dec-13,10.104,12.855,10.518,11.855,13.016,11.107,12.436,9.512,11.515,14.518,10.764,10.104,12.107,15.11,12.603,16.433,10.099,12.101,14.101,17.104,10.849,12.849,14.852,17.852,11.77,13.77,15.773,18.775,12.436,14.438,16.438,19.441,9.685,14.266
27-Dec-13,10.101,12.852,10.515,11.852,13.014,11.104,12.433,9.51,11.512,14.515,10.762,10.101,12.104,15.107,12.6,16.43,10.096,12.099,14.099,17.101,10.847,12.847,14.849,17.849,11.767,13.767,15.77,18.773,12.433,14.436,16.436,19.438,9.682,14.263
28-Dec-13,10.099,12.849,10.512,11.849,13.011,11.101,12.43,9.507,11.51,14.512,10.759,10.099,12.101,15.104,12.597,16.427,10.093,12.096,14.096,17.099,10.844,12.844,14.847,17.847,11.764,13.764,15.767,18.77,12.43,14.433,16.433,19.436,9.679,14.26
29-Dec-13,10.096,12.847,10.51,11.847,13.008,11.099,12.427,9.504,11.507,14.51,10.756,10.096,12.099,15.101,12.595,16.425,10.09,12.093,14.093,17.096,10.841,12.841,14.844,17.844,11.762,13.762,15.764,18.767,12.427,14.43,16.43,19.433,9.677,14.258
30-Dec-13,10.093,12.844,10.507,11.844,13.005,11.096,12.425,9.501,11.504,14.507,10.753,10.093,12.096,15.099,12.592,16.422,10.088,12.09,14.09,17.093,10.838,12.838,14.841,17.841,11.759,13.759,15.762,18.764,12.425,14.427,16.427,19.43,9.674,14.255
31-Dec-13,10.09,12.841,10.504,11.841,13.003,11.093,12.422,9.499,11.501,14.504,10.751,10.09,12.093,15.096,12.589,16.419,10.085,12.088,14.088,17.09,10.836,12.836,14.838,17.838,11.756,13.756,15.759,18.762,12.422,14.425,16.425,19.427,9.671,14.252
1-Jan-14,10.088,12.838,10.501,11.838,13,11.09,12.419,9.496,11.499,14.501,10.748,10.088,12.09,15.093,12.586,16.416,10.082,12.085,14.085,17.088,10.833,12.833,14.836,17.836,11.753,13.753,15.756,18.759,12.419,14.422,16.422,19.425,9.668,14.249
2-Jan-14,10.085,12.836,10.499,11.836,12.997,11.088,12.416,9.493,11.496,14.499,10.745,10.085,12.088,15.09,12.584,16.414,10.079,12.082,14.082,17.085,10.83,12.83,14.833,17.833,11.751,13.751,15.753,18.756,12.416,14.419,16.419,19.422,9.666,14.247
3-Jan-14,10.082,12.833,10.496,11.833,12.995,11.085,12.414,9.49,11.493,14.496,10.742,10.082,12.085,15.088,12.581,16.411,10.077,12.079,14.079,17.082,10.827,12.827,14.83,17.83,11.748,13.748,15.751,18.753,12.414,14.416,16.416,19.419,9.663,14.244
4-Jan-14,10.079,12.83,10.493,11.83,12.992,11.082,12.411,9.488,11.49,14.493,10.74,10.079,12.082,15.085,12.578,16.408,10.074,12.077,14.077,17.079,10.825,12.825,14.827,17.827,11.745,13.745,15.748,18.751,12.411,14.414,16.414,19.416,9.66,14.241
5-Jan-14,10.077,12.827,10.49,11.827,12.989,11.079,12.408,9.485,11.488,14.49,10.737,10.077,12.079,15.082,12.575,16.405,10.071,12.074,14.074,17.077,10.822,12.822,14.825,17.825,11.742,13.742,15.745,18.748,12.408,14.411,16.411,19.414,9.658,14.238
6-Jan-14,10.074,12.825,10.488,11.825,12.986,11.077,12.405,9.482,11.485,14.488,10.734,10.074,12.077,15.079,12.573,16.403,10.068,12.071,14.071,17.074,10.819,12.819,14.822,17.822,11.74,13.74,15.742,18.745,12.405,14.408,16.408,19.411,9.655,14.236
7-Jan-14,10.071,12.822,10.485,11.822,12.984,11.074,12.403,9.479,11.482,14.485,10.732,10.071,12.074,15.077,12.57,16.4,10.066,12.068,14.068,17.071,10.816,12.816,14.819,17.819,11.737,13.737,15.74,18.742,12.403,14.405,16.405,19.408,9.652,14.233
8-Jan-14,10.068,12.819,10.482,11.819,12.981,11.071,12.4,9.477,11.479,14.482,10.729,10.068,12.071,15.074,12.567,16.397,10.063,12.066,14.066,17.068,10.814,12.814,14.816,17.816,11.734,13.734,15.737,18.74,12.4,14.403,16.403,19.405,9.649,14.23
9-Jan-14,10.066,12.816,10.479,11.816,12.978,11.068,12.397,9.474,11.477,14.479,10.726,10.066,12.068,15.071,12.564,16.395,10.06,12.063,14.063,17.066,10.811,12.811,14.814,17.814,11.732,13.732,15.734,18.737,12.397,14.4,16.4,19.403,9.647,14.227
10-Jan-14,10.063,12.814,10.477,11.814,12.975,11.066,12.395,9.471,11.474,14.477,10.723,10.063,12.066,15.068,12.562,16.392,10.058,12.06,14.06,17.063,10.808,12.808,14.811,17.811,11.729,13.729,15.732,18.734,12.395,14.397,16.397,19.4,9.644,14.225
11-Jan-14,10.06,12.811,10.474,11.811,12.973,11.063,12.392,9.468,11.471,14.474,10.721,10.06,12.063,15.066,12.559,16.389,10.055,12.058,14.058,17.06,10.805,12.805,14.808,17.808,11.726,13.726,15.729,18.732,12.392,14.395,16.395,19.397,9.641,14.222
12-Jan-14,10.058,12.808,10.471,11.808,12.97,11.06,12.389,9.466,11.468,14.471,10.718,10.058,12.06,15.063,12.556,16.386,10.052,12.055,14.055,17.058,10.803,12.803,14.805,17.805,11.723,13.723,15.726,18.729,12.389,14.392,16.392,19.395,9.638,14.219
13-Jan-14,10.055,12.805,10.468,11.805,12.967,11.058,12.386,9.463,11.466,14.468,10.715,10.055,12.058,15.06,12.553,16.384,10.049,12.052,14.052,17.055,10.8,12.8,14.803,17.803,11.721,13.721,15.723,18.726,12.386,14.389,16.389,19.392,9.636,14.216
14-Jan-14,10.052,12.803,10.466,11.803,12.964,11.055,12.384,9.46,11.463,14.466,10.712,10.052,12.055,15.058,12.551,16.381,10.047,12.049,14.049,17.052,10.797,12.797,14.8,17.8,11.718,13.718,15.721,18.723,12.384,14.386,16.386,19.389,9.633,14.214
15-Jan-14,10.049,12.8,10.463,11.8,12.962,11.052,12.381,9.458,11.46,14.463,10.71,10.049,12.052,15.055,12.548,16.378,10.044,12.047,14.047,17.049,10.795,12.795,14.797,17.797,11.715,13.715,15.718,18.721,12.381,14.384,16.384,19.386,9.63,14.211
16-Jan-14,10.047,12.797,10.46,11.797,12.959,11.049,12.378,9.455,11.458,14.46,10.707,10.047,12.049,15.052,12.545,16.375,10.041,12.044,14.044,17.047,10.792,12.792,14.795,17.795,11.712,13.712,15.715,18.718,12.378,14.381,16.381,19.384,9.627,14.208
17-Jan-14,10.044,12.795,10.458,11.795,12.956,11.047,12.375,9.452,11.455,14.458,10.704,10.044,12.047,15.049,12.542,16.373,10.038,12.041,14.041,17.044,10.789,12.789,14.792,17.792,11.71,13.71,15.712,18.715,12.375,14.378,16.378,19.381,9.625,14.205
18-Jan-14,10.041,12.792,10.455,11.792,12.953,11.044,12.373,9.449,11.452,14.455,10.701,10.041,12.044,15.047,12.54,16.37,10.036,12.038,14.038,17.041,10.786,12.786,14.789,17.789,11.707,13.707,15.71,18.712,12.373,14.375,16.375,19.378,9.622,14.203
19-Jan-14,10.038,12.789,10.452,11.789,12.951,11.041,12.37,9.447,11.449,14.452,10.699,10.038,12.041,15.044,12.537,16.367,10.033,12.036,14.036,17.038,10.784,12.784,14.786,17.786,11.704,13.704,15.707,18.71,12.37,14.373,16.373,19.375,9.619,14.2
20-Jan-14,10.036,12.786,10.449,11.786,12.948,11.038,12.367,9.444,11.447,14.449,10.696,10.036,12.038,15.041,12.534,16.364,10.03,12.033,14.033,17.036,10.781,12.781,14.784,17.784,11.701,13.701,15.704,18.707,12.367,14.37,16.37,19.373,9.616,14.197
21-Jan-14,9.135,12.784,10.447,11.784,12.945,11.036,12.364,9.441,11.444,14.447,10.693,10.033,12.036,15.038,12.532,16.362,10.027,12.03,14.03,17.033,10.778,12.778,14.781,17.781,11.699,13.699,15.701,18.704,12.364,14.367,16.367,19.37,9.614,14.195
22-Jan-14,9.145,12.781,10.444,11.781,12.942,11.033,12.362,9.438,11.441,14.444,10.69,10.03,12.033,15.036,12.529,16.359,10.025,12.027,14.027,17.03,10.775,12.775,14.778,17.778,11.696,13.696,15.699,18.701,12.362,14.364,16.364,19.367,9.611,14.192
23-Jan-14,9.095,12.778,10.441,11.778,12.94,11.03,12.359,9.436,11.438,14.441,10.688,10.027,12.03,15.033,12.526,16.356,10.022,12.025,14.025,17.027,10.773,12.773,14.775,17.775,11.693,13.693,15.696,18.699,12.359,14.362,16.362,19.364,9.608,14.189
24-Jan-14,9.065,12.775,10.438,11.775,12.937,11.027,12.356,9.433,11.436,14.438,10.685,10.025,12.027,15.03,12.523,16.353,10.019,12.022,14.022,17.025,10.77,12.77,14.773,17.773,11.69,13.69,15.693,18.696,12.356,14.359,16.359,19.362,9.605,14.186
25-Jan-14,9.065,12.773,10.436,11.773,12.934,11.025,12.353,9.43,11.433,14.436,10.682,10.022,12.025,15.027,12.521,16.351,10.016,12.019,14.019,17.022,10.767,12.767,14.77,17.77,11.688,13.688,15.69,18.693,12.353,14.356,16.356,19.359,9.603,14.184
26-Jan-14,9.065,12.77,10.433,11.77,12.932,11.022,12.351,9.427,11.43,14.433,10.679,10.019,12.022,15.025,12.518,16.348,10.014,12.016,14.016,17.019,10.764,12.764,14.767,17.767,11.685,13.685,15.688,18.69,12.351,14.353,16.353,19.356,9.6,14.181
27-Jan-14,9.175,12.767,10.43,11.767,12.929,11.019,12.348,9.425,11.427,14.43,10.677,10.016,12.019,15.022,12.515,16.345,10.011,12.014,14.014,17.016,10.762,12.762,14.764,17.764,11.682,13.682,15.685,18.688,12.348,14.351,16.351,19.353,9.597,14.178
28-Jan-14,9.215,12.764,10.427,11.764,12.926,11.016,12.345,9.422,11.425,14.427,10.674,10.014,12.016,15.019,12.512,16.342,10.008,12.011,14.011,17.014,10.759,12.759,14.762,17.762,11.679,13.679,15.682,18.685,12.345,14.348,16.348,19.351,9.595,14.175
29-Jan-14,9.295,12.762,10.425,11.762,12.923,11.014,12.342,9.419,11.422,14.425,10.671,10.011,12.014,15.016,12.51,16.34,10.005,12.008,14.008,17.011,10.756,12.756,14.759,17.759,11.677,13.677,15.679,18.682,12.342,14.345,16.345,19.348,9.592,14.173
30-Jan-14,9.345,12.759,10.422,11.759,12.921,11.011,12.34,9.416,11.419,14.422,10.668,10.008,12.011,15.014,12.507,16.337,10.003,12.005,14.005,17.008,10.753,12.753,14.756,17.756,11.674,13.674,15.677,18.679,12.34,14.342,16.342,19.345,9.589,14.17
31-Jan-14,9.43,12.756,10.419,11.756,12.918,11.008,12.337,9.414,11.416,14.419,10.666,10.005,12.008,15.011,12.504,16.334,10,12.003,14.003,17.005,10.751,12.751,14.753,17.753,11.671,13.671,15.674,18.677,12.337,14.34,16.34,19.342,9.586,14.167
1-Feb-14,9.43,12.753,10.416,11.753,12.915,11.005,12.334,9.411,11.414,14.416,10.663,10.003,12.005,15.008,12.501,16.332,9.997,12,14,17.003,10.748,12.748,14.751,17.751,11.668,13.668,15.671,18.674,12.334,14.337,16.337,19.34,9.584,14.164
2-Feb-14,9.43,12.751,10.414,11.751,12.912,11.003,12.332,9.408,11.411,14.414,10.66,10,12.003,15.005,12.499,16.329,9.995,11.997,13.997,17,10.745,12.745,14.748,17.748,11.666,13.666,15.668,18.671,12.332,14.334,16.334,19.337,9.581,14.162
3-Feb-14,9.415,12.748,10.411,11.748,12.91,11,12.329,9.405,11.408,14.411,10.658,9.997,12,15.003,12.496,16.326,9.992,11.995,13.995,16.997,10.742,12.742,14.745,17.745,11.663,13.663,15.666,18.668,12.329,14.332,16.332,19.334,9.578,14.159
4-Feb-14,9.295,12.745,10.408,11.745,12.907,10.997,12.326,9.403,11.405,14.408,10.655,9.995,11.997,15,12.493,16.323,9.989,11.992,13.992,16.995,10.74,12.74,14.742,17.742,11.66,13.66,15.663,18.666,12.326,14.329,16.329,19.332,9.575,14.156
5-Feb-14,9.225,12.742,10.405,11.742,12.904,10.995,12.323,9.4,11.403,14.405,10.652,9.992,11.995,14.997,12.49,16.321,9.986,11.989,13.989,16.992,10.737,12.737,14.74,17.74,11.658,13.658,15.66,18.663,12.323,14.326,16.326,19.329,9.573,14.153
6-Feb-14,9.205,12.74,10.403,11.74,12.901,10.992,12.321,9.397,11.4,14.403,10.649,9.989,11.992,14.995,12.488,16.318,9.984,11.986,13.986,16.989,10.734,12.734,14.737,17.737,11.655,13.655,15.658,18.66,12.321,14.323,16.323,19.326,9.57,14.151
7-Feb-14,9.175,12.737,10.4,11.737,12.899,10.989,12.318,9.395,11.397,14.4,10.647,9.986,11.989,14.992,12.485,16.315,9.981,11.984,13.984,16.986,10.732,12.732,14.734,17.734,11.652,13.652,15.655,18.658,12.318,14.321,16.321,19.323,9.567,14.148
8-Feb-14,9.175,12.734,10.397,11.734,12.896,10.986,12.315,9.392,11.395,14.397,10.644,9.984,11.986,14.989,12.482,16.312,9.978,11.981,13.981,16.984,10.729,12.729,14.732,17.732,11.649,13.649,15.652,18.655,12.315,14.318,16.318,19.321,9.564,14.145
9-Feb-14,9.175,12.732,10.395,11.732,12.893,10.984,12.312,9.389,11.392,14.395,10.641,9.981,11.984,14.986,12.479,16.31,9.975,11.978,13.978,16.981,10.726,12.726,14.729,17.729,11.647,13.647,15.649,18.652,12.312,14.315,16.315,19.318,9.562,14.142
10-Feb-14,9.265,12.729,10.392,11.729,12.89,10.981,12.31,9.386,11.389,14.392,10.638,9.978,11.981,14.984,12.477,16.307,9.973,11.975,13.975,16.978,10.723,12.723,14.726,17.726,11.644,13.644,15.647,18.649,12.31,14.312,16.312,19.315,9.559,14.14
11-Feb-14,9.255,12.726,10.389,11.726,12.888,10.978,12.307,9.384,11.386,14.389,10.636,9.975,11.978,14.981,12.474,16.304,9.97,11.973,13.973,16.975,10.721,12.721,14.723,17.723,11.641,13.641,15.644,18.647,12.307,14.31,16.31,19.312,9.556,14.137
12-Feb-14,9.22,12.723,10.386,11.723,12.885,10.975,12.304,9.381,11.384,14.386,10.633,9.973,11.975,14.978,12.471,16.301,9.967,11.97,13.97,16.973,10.718,12.718,14.721,17.721,11.638,13.638,15.641,18.644,12.304,14.307,16.307,19.31,9.553,14.134
13-Feb-14,9.265,12.721,10.384,11.721,12.882,10.973,12.301,9.378,11.381,14.384,10.63,9.97,11.973,14.975,12.468,16.299,9.964,11.967,13.967,16.97,10.715,12.715,14.718,17.718,11.636,13.636,15.638,18.641,12.301,14.304,16.304,19.307,9.551,14.132
14-Feb-14,9.165,12.718,10.381,11.718,12.879,10.97,12.299,9.375,11.378,14.381,10.627,9.967,11.97,14.973,12.466,16.296,9.962,11.964,13.964,16.967,10.712,12.712,14.715,17.715,11.633,13.633,15.636,18.638,12.299,14.301,16.301,19.304,9.548,14.129
15-Feb-14,9.165,12.715,10.378,11.715,12.877,10.967,12.296,9.373,11.375,14.378,10.625,9.964,11.967,14.97,12.463,16.293,9.959,11.962,13.962,16.964,10.71,12.71,14.712,17.712,11.63,13.63,15.633,18.636,12.296,14.299,16.299,19.301,9.545,14.126
16-Feb-14,9.165,12.712,10.375,11.712,12.874,10.964,12.293,9.37,11.373,14.375,10.622,9.962,11.964,14.967,12.46,16.29,9.956,11.959,13.959,16.962,10.707,12.707,14.71,17.71,11.627,13.627,15.63,18.633,12.293,14.296,16.296,19.299,9.542,14.123
17-Feb-14,9.145,12.71,10.373,11.71,12.871,10.962,12.29,9.367,11.37,14.373,10.619,9.959,11.962,14.964,12.458,16.288,9.953,11.956,13.956,16.959,10.704,12.704,14.707,17.707,11.625,13.625,15.627,18.63,12.29,14.293,16.293,19.296,9.54,14.121
18-Feb-14,9.095,12.707,10.37,11.707,12.868,10.959,12.288,9.364,11.367,14.37,10.616,9.956,11.959,14.962,12.455,16.285,9.951,11.953,13.953,16.956,10.701,12.701,14.704,17.704,11.622,13.622,15.625,18.627,12.288,14.29,16.29,19.293,9.537,14.118
19-Feb-14,9.095,12.704,10.367,11.704,12.866,10.956,12.285,9.362,11.364,14.367,10.614,9.953,11.956,14.959,12.452,16.282,9.948,11.951,13.951,16.953,10.699,12.699,14.701,17.701,11.619,13.619,15.622,18.625,12.285,14.288,16.288,19.29,9.534,14.115
20-Feb-14,9.165,12.701,10.364,11.701,12.863,10.953,12.282,9.359,11.362,14.364,10.611,9.951,11.953,14.956,12.449,16.279,9.945,11.948,13.948,16.951,10.696,12.696,14.699,17.699,11.616,13.616,15.619,18.622,12.282,14.285,16.285,19.288,9.532,14.112
21-Feb-14,9.155,12.699,10.362,11.699,12.86,10.951,12.279,9.356,11.359,14.362,10.608,9.948,11.951,14.953,12.447,16.277,9.942,11.945,13.945,16.948,10.693,12.693,14.696,17.696,11.614,13.614,15.616,18.619,12.279,14.282,16.282,19.285,9.529,14.11
22-Feb-14,9.155,12.696,10.359,11.696,12.858,10.948,12.277,9.353,11.356,14.359,10.605,9.945,11.948,14.951,12.444,16.274,9.94,11.942,13.942,16.945,10.69,12.69,14.693,17.693,11.611,13.611,15.614,18.616,12.277,14.279,16.279,19.282,9.526,14.107
23-Feb-14,9.155,12.693,10.356,11.693,12.855,10.945,12.274,9.351,11.353,14.356,10.603,9.942,11.945,14.948,12.441,16.271,9.937,11.94,13.94,16.942,10.688,12.688,14.69,17.69,11.608,13.608,15.611,18.614,12.274,14.277,16.277,19.279,9.523,14.104
24-Feb-14,9.125,12.69,10.353,11.69,12.852,10.942,12.271,9.348,11.351,14.353,10.6,9.94,11.942,14.945,12.438,16.268,9.934,11.937,13.937,16.94,10.685,12.685,14.688,17.688,11.605,13.605,15.608,18.611,12.271,14.274,16.274,19.277,9.521,14.101
25-Feb-14,9.045,12.688,10.351,11.688,12.849,10.94,12.268,9.345,11.348,14.351,10.597,9.937,11.94,14.942,12.436,16.266,9.932,11.934,13.934,16.937,10.682,12.682,14.685,17.685,11.603,13.603,15.605,18.608,12.268,14.271,16.271,19.274,9.518,14.099
26-Feb-14,9.04,12.685,10.348,11.685,12.847,10.937,12.266,9.342,11.345,14.348,10.595,9.934,11.937,14.94,12.433,16.263,9.929,11.932,13.932,16.934,10.679,12.679,14.682,17.682,11.6,13.6,15.603,18.605,12.266,14.268,16.268,19.271,9.515,14.096
27-Feb-14,9.075,12.682,10.345,11.682,12.844,10.934,12.263,9.34,11.342,14.345,10.592,9.932,11.934,14.937,12.43,16.26,9.926,11.929,13.929,16.932,10.677,12.677,14.679,17.679,11.597,13.597,15.6,18.603,12.263,14.266,16.266,19.268,9.512,14.093
28-Feb-14,9.055,12.679,10.342,11.679,12.841,10.932,12.26,9.337,11.34,14.342,10.589,9.929,11.932,14.934,12.427,16.258,9.923,11.926,13.926,16.929,10.674,12.674,14.677,17.677,11.595,13.595,15.597,18.6,12.26,14.263,16.263,19.266,9.51,14.09
1-Mar-14,9.055,12.677,10.34,11.677,12.838,10.929,12.258,9.334,11.337,14.34,10.586,9.926,11.929,14.932,12.425,16.255,9.921,11.923,13.923,16.926,10.671,12.671,14.674,17.674,11.592,13.592,15.595,18.597,12.258,14.26,16.26,19.263,9.507,14.088
2-Mar-14,9.055,12.674,10.337,11.674,12.836,10.926,12.255,9.332,11.334,14.337,10.584,9.923,11.926,14.929,12.422,16.252,9.918,11.921,13.921,16.923,10.668,12.668,14.671,17.671,11.589,13.589,15.592,18.595,12.255,14.258,16.258,19.26,9.504,14.085
3-Mar-14,9.1,12.671,10.334,11.671,12.833,10.923,12.252,9.329,11.332,14.334,10.581,9.921,11.923,14.926,12.419,16.249,9.915,11.918,13.918,16.921,10.666,12.666,14.668,17.668,11.586,13.586,15.589,18.592,12.252,14.255,16.255,19.258,9.501,14.082
4-Mar-14,9.085,12.668,10.332,11.668,12.83,10.921,12.249,9.326,11.329,14.332,10.578,9.918,11.921,14.923,12.416,16.247,9.912,11.915,13.915,16.918,10.663,12.663,14.666,17.666,11.584,13.584,15.586,18.589,12.249,14.252,16.252,19.255,9.499,14.079
5-Mar-14,9.065,12.666,10.329,11.666,12.827,10.918,12.247,9.323,11.326,14.329,10.575,9.915,11.918,14.921,12.414,16.244,9.91,11.912,13.912,16.915,10.66,12.66,14.663,17.663,11.581,13.581,15.584,18.586,12.247,14.249,16.249,19.252,9.496,14.077
6-Mar-14,8.955,12.663,10.326,11.663,12.825,10.915,12.244,9.321,11.323,14.326,10.573,9.912,11.915,14.918,12.411,16.241,9.907,11.91,13.91,16.912,10.658,12.658,14.66,17.66,11.578,13.578,15.581,18.584,12.244,14.247,16.247,19.249,9.493,14.074
7-Mar-14,9.015,12.66,10.323,11.66,12.822,10.912,12.241,9.318,11.321,14.323,10.57,9.91,11.912,14.915,12.408,16.238,9.904,11.907,13.907,16.91,10.655,12.655,14.658,17.658,11.575,13.575,15.578,18.581,12.241,14.244,16.244,19.247,9.49,14.071
8-Mar-14,9.015,12.658,10.321,11.658,12.819,10.91,12.238,9.315,11.318,14.321,10.567,9.907,11.91,14.912,12.405,16.236,9.901,11.904,13.904,16.907,10.652,12.652,14.655,17.655,11.573,13.573,15.575,18.578,12.238,14.241,16.241,19.244,9.488,14.068
9-Mar-14,9.015,12.655,10.318,11.655,12.816,10.907,12.236,9.312,11.315,14.318,10.564,9.904,11.907,14.91,12.403,16.233,9.899,11.901,13.901,16.904,10.649,12.649,14.652,17.652,11.57,13.57,15.573,18.575,12.236,14.238,16.238,19.241,9.485,14.066
10-Mar-14,9.05,12.652,10.315,11.652,12.814,10.904,12.233,9.31,11.312,14.315,10.562,9.901,11.904,14.907,12.4,16.23,9.896,11.899,13.899,16.901,10.647,12.647,14.649,17.649,11.567,13.567,15.57,18.573,12.233,14.236,16.236,19.238,9.482,14.063
11-Mar-14,9.06,12.649,10.312,11.649,12.811,10.901,12.23,9.307,11.31,14.312,10.559,9.899,11.901,14.904,12.397,16.227,9.893,11.896,13.896,16.899,10.644,12.644,14.647,17.647,11.564,13.564,15.567,18.57,12.23,14.233,16.233,19.236,9.479,14.06
12-Mar-14,9.095,12.647,10.31,11.647,12.808,10.899,12.227,9.304,11.307,14.31,10.556,9.896,11.899,14.901,12.395,16.225,9.89,11.893,13.893,16.896,10.641,12.641,14.644,17.644,11.562,13.562,15.564,18.567,12.227,14.23,16.23,19.233,9.477,14.058
13-Mar-14,9.05,12.644,10.307,11.644,12.805,10.896,12.225,9.301,11.304,14.307,10.553,9.893,11.896,14.899,12.392,16.222,9.888,11.89,13.89,16.893,10.638,12.638,14.641,17.641,11.559,13.559,15.562,18.564,12.225,14.227,16.227,19.23,9.474,14.055
14-Mar-14,9.03,12.641,10.304,11.641,12.803,10.893,12.222,9.299,11.301,14.304,10.551,9.89,11.893,14.896,12.389,16.219,9.885,11.888,13.888,16.89,10.636,12.636,14.638,17.638,11.556,13.556,15.559,18.562,12.222,14.225,16.225,19.227,9.471,14.052
15-Mar-14,9.03,12.638,10.301,11.638,12.8,10.89,12.219,9.296,11.299,14.301,10.548,9.888,11.89,14.893,12.386,16.216,9.882,11.885,13.885,16.888,10.633,12.633,14.636,17.636,11.553,13.553,15.556,18.559,12.219,14.222,16.222,19.225,9.468,14.049
16-Mar-14,9.03,12.636,10.299,11.636,12.797,10.888,12.216,9.293,11.296,14.299,10.545,9.885,11.888,14.89,12.384,16.214,9.879,11.882,13.882,16.885,10.63,12.63,14.633,17.633,11.551,13.551,15.553,18.556,12.216,14.219,16.219,19.222,9.466,14.047
17-Mar-14,9.065,12.633,10.296,11.633,12.795,10.885,12.214,9.29,11.293,14.296,10.542,9.882,11.885,14.888,12.381,16.211,9.877,11.879,13.879,16.882,10.627,12.627,14.63,17.63,11.548,13.548,15.551,18.553,12.214,14.216,16.216,19.219,9.463,14.044
18-Mar-14,9.1,12.63,10.293,11.63,12.792,10.882,12.211,9.288,11.29,14.293,10.54,9.879,11.882,14.885,12.378,16.208,9.874,11.877,13.877,16.879,10.625,12.625,14.627,17.627,11.545,13.545,15.548,18.551,12.211,14.214,16.214,19.216,9.46,14.041
19-Mar-14,9.045,12.627,10.29,11.627,12.789,10.879,12.208,9.285,11.288,14.29,10.537,9.877,11.879,14.882,12.375,16.205,9.871,11.874,13.874,16.877,10.622,12.622,14.625,17.625,11.542,13.542,15.545,18.548,12.208,14.211,16.211,19.214,9.458,14.038
20-Mar-14,9.115,12.625,10.288,11.625,12.786,10.877,12.205,9.282,11.285,14.288,10.534,9.874,11.877,14.879,12.373,16.203,9.868,11.871,13.871,16.874,10.619,12.619,14.622,17.622,11.54,13.54,15.542,18.545,12.205,14.208,16.208,19.211,9.455,14.036
21-Mar-14,9.115,12.622,10.285,11.622,12.784,10.874,12.203,9.279,11.282,14.285,10.532,9.871,11.874,14.877,12.37,16.2,9.866,11.868,13.868,16.871,10.616,12.616,14.619,17.619,11.537,13.537,15.54,18.542,12.203,14.205,16.205,19.208,9.452,14.033
22-Mar-14,9.115,12.619,10.282,11.619,12.781,10.871,12.2,9.277,11.279,14.282,10.529,9.868,11.871,14.874,12.367,16.197,9.863,11.866,13.866,16.868,10.614,12.614,14.616,17.616,11.534,13.534,15.537,18.54,12.2,14.203,16.203,19.205,9.449,14.03
23-Mar-14,9.115,12.616,10.279,11.616,12.778,10.868,12.197,9.274,11.277,14.279,10.526,9.866,11.868,14.871,12.364,16.195,9.86,11.863,13.863,16.866,10.611,12.611,14.614,17.614,11.532,13.532,15.534,18.537,12.197,14.2,16.2,19.203,9.447,14.027
24-Mar-14,9.065,12.614,10.277,11.614,12.775,10.866,12.195,9.271,11.274,14.277,10.523,9.863,11.866,14.868,12.362,16.192,9.858,11.86,13.86,16.863,10.608,12.608,14.611,17.611,11.529,13.529,15.532,18.534,12.195,14.197,16.197,19.2,9.444,14.025
25-Mar-14,8.965,12.611,10.274,11.611,12.773,10.863,12.192,9.268,11.271,14.274,10.521,9.86,11.863,14.866,12.359,16.189,9.855,11.858,13.858,16.86,10.605,12.605,14.608,17.608,11.526,13.526,15.529,18.532,12.192,14.195,16.195,19.197,9.441,14.022
26-Mar-14,8.92,12.608,10.271,11.608,12.77,10.86,12.189,9.266,11.268,14.271,10.518,9.858,11.86,14.863,12.356,16.186,9.852,11.855,13.855,16.858,10.603,12.603,14.605,17.605,11.523,13.523,15.526,18.529,12.189,14.192,16.192,19.195,9.438,14.019
27-Mar-14,8.845,12.605,10.268,11.605,12.767,10.858,12.186,9.263,11.266,14.268,10.515,9.855,11.858,14.86,12.353,16.184,9.849,11.852,13.852,16.855,10.6,12.6,14.603,17.603,11.521,13.521,15.523,18.526,12.186,14.189,16.189,19.192,9.436,14.016
28-Mar-14,8.875,12.603,10.266,11.603,12.764,10.855,12.184,9.26,11.263,14.266,10.512,9.852,11.855,14.858,12.351,16.181,9.847,11.849,13.849,16.852,10.597,12.597,14.6,17.6,11.518,13.518,15.521,18.523,12.184,14.186,16.186,19.189,9.433,14.014
29-Mar-14,8.875,12.6,10.263,11.6,12.762,10.852,12.181,9.258,11.26,14.263,10.51,9.849,11.852,14.855,12.348,16.178,9.844,11.847,13.847,16.849,10.595,12.595,14.597,17.597,11.515,13.515,15.518,18.521,12.181,14.184,16.184,19.186,9.43,14.011
30-Mar-14,8.875,12.597,10.26,11.597,12.759,10.849,12.178,9.255,11.258,14.26,10.507,9.847,11.849,14.852,12.345,16.175,9.841,11.844,13.844,16.847,10.592,12.592,14.595,17.595,11.512,13.512,15.515,18.518,12.178,14.181,16.181,19.184,9.427,14.008
31-Mar-14,8.91,12.595,10.258,11.595,12.756,10.847,12.175,9.252,11.255,14.258,10.504,9.844,11.847,14.849,12.342,16.173,9.838,11.841,13.841,16.844,10.589,12.589,14.592,17.592,11.51,13.51,15.512,18.515,12.175,14.178,16.178,19.181,9.425,14.005
1-Apr-14,8.985,12.592,10.255,11.592,12.753,10.844,12.173,9.249,11.252,14.255,10.501,9.841,11.844,14.847,12.34,16.17,9.836,11.838,13.838,16.841,10.586,12.586,14.589,17.589,11.507,13.507,15.51,18.512,12.173,14.175,16.175,19.178,9.422,14.003
2-Apr-14,9.005,12.589,10.252,11.589,12.751,10.841,12.17,9.247,11.249,14.252,10.499,9.838,11.841,14.844,12.337,16.167,9.833,11.836,13.836,16.838,10.584,12.584,14.586,17.586,11.504,13.504,15.507,18.51,12.17,14.173,16.173,19.175,9.419,14
3-Apr-14,9.02,12.586,10.249,11.586,12.748,10.838,12.167,9.244,11.247,14.249,10.496,9.836,11.838,14.841,12.334,16.164,9.83,11.833,13.833,16.836,10.581,12.581,14.584,17.584,11.501,13.501,15.504,18.507,12.167,14.17,16.17,19.173,9.416,13.997
4-Apr-14,8.905,12.584,10.247,11.584,12.745,10.836,12.164,9.241,11.244,14.247,10.493,9.833,11.836,14.838,12.332,16.162,9.827,11.83,13.83,16.833,10.578,12.578,14.581,17.581,11.499,13.499,15.501,18.504,12.164,14.167,16.167,19.17,9.414,13.995
5-Apr-14,8.905,12.581,10.244,11.581,12.742,10.833,12.162,9.238,11.241,14.244,10.49,9.83,11.833,14.836,12.329,16.159,9.825,11.827,13.827,16.83,10.575,12.575,14.578,17.578,11.496,13.496,15.499,18.501,12.162,14.164,16.164,19.167,9.411,13.992
6-Apr-14,8.905,12.578,10.241,11.578,12.74,10.83,12.159,9.236,11.238,14.241,10.488,9.827,11.83,14.833,12.326,16.156,9.822,11.825,13.825,16.827,10.573,12.573,14.575,17.575,11.493,13.493,15.496,18.499,12.159,14.162,16.162,19.164,9.408,13.989
7-Apr-14,8.88,12.575,10.238,11.575,12.737,10.827,12.156,9.233,11.236,14.238,10.485,9.825,11.827,14.83,12.323,16.153,9.819,11.822,13.822,16.825,10.57,12.57,14.573,17.573,11.49,13.49,15.493,18.496,12.156,14.159,16.159,19.162,9.405,13.986
8-Apr-14,8.815,12.573,10.236,11.573,12.734,10.825,12.153,9.23,11.233,14.236,10.482,9.822,11.825,14.827,12.321,16.151,9.816,11.819,13.819,16.822,10.567,12.567,14.57,17.57,11.488,13.488,15.49,18.493,12.153,14.156,16.156,19.159,9.403,13.984
9-Apr-14,8.855,12.57,10.233,11.57,12.732,10.822,12.151,9.227,11.23,14.233,10.479,9.819,11.822,14.825,12.318,16.148,9.814,11.816,13.816,16.819,10.564,12.564,14.567,17.567,11.485,13.485,15.488,18.49,12.151,14.153,16.153,19.156,9.4,13.981
10-Apr-14,8.755,12.567,10.23,11.567,12.729,10.819,12.148,9.225,11.227,14.23,10.477,9.816,11.819,14.822,12.315,16.145,9.811,11.814,13.814,16.816,10.562,12.562,14.564,17.564,11.482,13.482,15.485,18.488,12.148,14.151,16.151,19.153,9.397,13.978
11-Apr-14,8.825,12.564,10.227,11.564,12.726,10.816,12.145,9.222,11.225,14.227,10.474,9.814,11.816,14.819,12.312,16.142,9.808,11.811,13.811,16.814,10.559,12.559,14.562,17.562,11.479,13.479,15.482,18.485,12.145,14.148,16.148,19.151,9.395,13.975
12-Apr-14,8.825,12.562,10.225,11.562,12.723,10.814,12.142,9.219,11.222,14.225,10.471,9.811,11.814,14.816,12.31,16.14,9.805,11.808,13.808,16.811,10.556,12.556,14.559,17.559,11.477,13.477,15.479,18.482,12.142,14.145,16.145,19.148,9.392,13.973
13-Apr-14,8.825,12.559,10.222,11.559,12.721,10.811,12.14,9.216,11.219,14.222,10.468,9.808,11.811,14.814,12.307,16.137,9.803,11.805,13.805,16.808,10.553,12.553,14.556,17.556,11.474,13.474,15.477,18.479,12.14,14.142,16.142,19.145,9.389,13.97
14-Apr-14,8.885,12.556,10.219,11.556,12.718,10.808,12.137,9.214,11.216,14.219,10.466,9.805,11.808,14.811,12.304,16.134,9.8,11.803,13.803,16.805,10.551,12.551,14.553,17.553,11.471,13.471,15.474,18.477,12.137,14.14,16.14,19.142,9.386,13.967
15-Apr-14,8.975,12.553,10.216,11.553,12.715,10.805,12.134,9.211,11.214,14.216,10.463,9.803,11.805,14.808,12.301,16.132,9.797,11.8,13.8,16.803,10.548,12.548,14.551,17.551,11.468,13.468,15.471,18.474,12.134,14.137,16.137,19.14,9.384,13.964
16-Apr-14,8.975,12.551,10.214,11.551,12.712,10.803,12.132,9.208,11.211,14.214,10.46,9.8,11.803,14.805,12.299,16.129,9.795,11.797,13.797,16.8,10.545,12.545,14.548,17.548,11.466,13.466,15.468,18.471,12.132,14.134,16.134,19.137,9.381,13.962
17-Apr-14,8.875,12.548,10.211,11.548,12.71,10.8,12.129,9.205,11.208,14.211,10.458,9.797,11.8,14.803,12.296,16.126,9.792,11.795,13.795,16.797,10.542,12.542,14.545,17.545,11.463,13.463,15.466,18.468,12.129,14.132,16.132,19.134,9.378,13.959
18-Apr-14,8.875,12.545,10.208,11.545,12.707,10.797,12.126,9.203,11.205,14.208,10.455,9.795,11.797,14.8,12.293,16.123,9.789,11.792,13.792,16.795,10.54,12.54,14.542,17.542,11.46,13.46,15.463,18.466,12.126,14.129,16.129,19.132,9.375,13.956
19-Apr-14,8.875,12.542,10.205,11.542,12.704,10.795,12.123,9.2,11.203,14.205,10.452,9.792,11.795,14.797,12.29,16.121,9.786,11.789,13.789,16.792,10.537,12.537,14.54,17.54,11.458,13.458,15.46,18.463,12.123,14.126,16.126,19.129,9.373,13.953
20-Apr-14,8.875,12.54,10.203,11.54,12.701,10.792,12.121,9.197,11.2,14.203,10.449,9.789,11.792,14.795,12.288,16.118,9.784,11.786,13.786,16.789,10.534,12.534,14.537,17.537,11.455,13.455,15.458,18.46,12.121,14.123,16.123,19.126,9.37,13.951
21-Apr-14,8.875,12.537,10.2,11.537,12.699,10.789,12.118,9.195,11.197,14.2,10.447,9.786,11.789,14.792,12.285,16.115,9.781,11.784,13.784,16.786,10.532,12.532,14.534,17.534,11.452,13.452,15.455,18.458,12.118,14.121,16.121,19.123,9.367,13.948
22-Apr-14,8.995,12.534,10.197,11.534,12.696,10.786,12.115,9.192,11.195,14.197,10.444,9.784,11.786,14.789,12.282,16.112,9.778,11.781,13.781,16.784,10.529,12.529,14.532,17.532,11.449,13.449,15.452,18.455,12.115,14.118,16.118,19.121,9.364,13.945
23-Apr-14,9.005,12.532,10.195,11.532,12.693,10.784,12.112,9.189,11.192,14.195,10.441,9.781,11.784,14.786,12.279,16.11,9.775,11.778,13.778,16.781,10.526,12.526,14.529,17.529,11.447,13.447,15.449,18.452,12.112,14.115,16.115,19.118,9.362,13.942
24-Apr-14,9.015,12.529,10.192,11.529,12.69,10.781,12.11,9.186,11.189,14.192,10.438,9.778,11.781,14.784,12.277,16.107,9.773,11.775,13.775,16.778,10.523,12.523,14.526,17.526,11.444,13.444,15.447,18.449,12.11,14.112,16.112,19.115,9.359,13.94
25-Apr-14,8.995,12.526,10.189,11.526,12.688,10.778,12.107,9.184,11.186,14.189,10.436,9.775,11.778,14.781,12.274,16.104,9.77,11.773,13.773,16.775,10.521,12.521,14.523,17.523,11.441,13.441,15.444,18.447,12.107,14.11,16.11,19.112,9.356,13.937
26-Apr-14,8.995,12.523,10.186,11.523,12.685,10.775,12.104,9.181,11.184,14.186,10.433,9.773,11.775,14.778,12.271,16.101,9.767,11.77,13.77,16.773,10.518,12.518,14.521,17.521,11.438,13.438,15.441,18.444,12.104,14.107,16.107,19.11,9.353,13.934
27-Apr-14,8.995,12.521,10.184,11.521,12.682,10.773,12.101,9.178,11.181,14.184,10.43,9.77,11.773,14.775,12.268,16.099,9.764,11.767,13.767,16.77,10.515,12.515,14.518,17.518,11.436,13.436,15.438,18.441,12.101,14.104,16.104,19.107,9.351,13.932
28-Apr-14,8.995,12.518,10.181,11.518,12.679,10.77,12.099,9.175,11.178,14.181,10.427,9.767,11.77,14.773,12.266,16.096,9.762,11.764,13.764,16.767,10.512,12.512,14.515,17.515,11.433,13.433,15.436,18.438,12.099,14.101,16.101,19.104,9.348,13.929
29-Apr-14,8.975,12.515,10.178,11.515,12.677,10.767,12.096,9.173,11.175,14.178,10.425,9.764,11.767,14.77,12.263,16.093,9.759,11.762,13.762,16.764,10.51,12.51,14.512,17.512,11.43,13.43,15.433,18.436,12.096,14.099,16.099,19.101,9.345,13.926
30-Apr-14,8.945,12.512,10.175,11.512,12.674,10.764,12.093,9.17,11.173,14.175,10.422,9.762,11.764,14.767,12.26,16.09,9.756,11.759,13.759,16.762,10.507,12.507,14.51,17.51,11.427,13.427,15.43,18.433,12.093,14.096,16.096,19.099,9.342,13.923
1-May-14,8.945,12.51,10.173,11.51,12.671,10.762,12.09,9.167,11.17,14.173,10.419,9.759,11.762,14.764,12.258,16.088,9.753,11.756,13.756,16.759,10.504,12.504,14.507,17.507,11.425,13.425,15.427,18.43,12.09,14.093,16.093,19.096,9.34,13.921
2-May-14,8.93,12.507,10.17,11.507,12.668,10.759,12.088,9.164,11.167,14.17,10.416,9.756,11.759,14.762,12.255,16.085,9.751,11.753,13.753,16.756,10.501,12.501,14.504,17.504,11.422,13.422,15.425,18.427,12.088,14.09,16.09,19.093,9.337,13.918
3-May-14,8.93,12.504,10.167,11.504,12.666,10.756,12.085,9.162,11.164,14.167,10.414,9.753,11.756,14.759,12.252,16.082,9.748,11.751,13.751,16.753,10.499,12.499,14.501,17.501,11.419,13.419,15.422,18.425,12.085,14.088,16.088,19.09,9.334,13.915
4-May-14,8.93,12.501,10.164,11.501,12.663,10.753,12.082,9.159,11.162,14.164,10.411,9.751,11.753,14.756,12.249,16.079,9.745,11.748,13.748,16.751,10.496,12.496,14.499,17.499,11.416,13.416,15.419,18.422,12.082,14.085,16.085,19.088,9.332,13.912
5-May-14,8.895,12.499,10.162,11.499,12.66,10.751,12.079,9.156,11.159,14.162,10.408,9.748,11.751,14.753,12.247,16.077,9.742,11.745,13.745,16.748,10.493,12.493,14.496,17.496,11.414,13.414,15.416,18.419,12.079,14.082,16.082,19.085,9.329,13.91
6-May-14,8.94,12.496,10.159,11.496,12.658,10.748,12.077,9.153,11.156,14.159,10.405,9.745,11.748,14.751,12.244,16.074,9.74,11.742,13.742,16.745,10.49,12.49,14.493,17.493,11.411,13.411,15.414,18.416,12.077,14.079,16.079,19.082,9.326,13.907
7-May-14,8.94,12.493,10.156,11.493,12.655,10.745,12.074,9.151,11.153,14.156,10.403,9.742,11.745,14.748,12.241,16.071,9.737,11.74,13.74,16.742,10.488,12.488,14.49,17.49,11.408,13.408,15.411,18.414,12.074,14.077,16.077,19.079,9.323,13.904
8-May-14,8.885,12.49,10.153,11.49,12.652,10.742,12.071,9.148,11.151,14.153,10.4,9.74,11.742,14.745,12.238,16.068,9.734,11.737,13.737,16.74,10.485,12.485,14.488,17.488,11.405,13.405,15.408,18.411,12.071,14.074,16.074,19.077,9.321,13.901
9-May-14,8.87,12.488,10.151,11.488,12.649,10.74,12.068,9.145,11.148,14.151,10.397,9.737,11.74,14.742,12.236,16.066,9.732,11.734,13.734,16.737,10.482,12.482,14.485,17.485,11.403,13.403,15.405,18.408,12.068,14.071,16.071,19.074,9.318,13.899
10-May-14,8.87,12.485,10.148,11.485,12.647,10.737,12.066,9.142,11.145,14.148,10.395,9.734,11.737,14.74,12.233,16.063,9.729,11.732,13.732,16.734,10.479,12.479,14.482,17.482,11.4,13.4,15.403,18.405,12.066,14.068,16.068,19.071,9.315,13.896
11-May-14,8.87,12.482,10.145,11.482,12.644,10.734,12.063,9.14,11.142,14.145,10.392,9.732,11.734,14.737,12.23,16.06,9.726,11.729,13.729,16.732,10.477,12.477,14.479,17.479,11.397,13.397,15.4,18.403,12.063,14.066,16.066,19.068,9.312,13.893
12-May-14,8.915,12.479,10.142,11.479,12.641,10.732,12.06,9.137,11.14,14.142,10.389,9.729,11.732,14.734,12.227,16.058,9.723,11.726,13.726,16.729,10.474,12.474,14.477,17.477,11.395,13.395,15.397,18.4,12.06,14.063,16.063,19.066,9.31,13.89
13-May-14,8.845,12.477,10.14,11.477,12.638,10.729,12.058,9.134,11.137,14.14,10.386,9.726,11.729,14.732,12.225,16.055,9.721,11.723,13.723,16.726,10.471,12.471,14.474,17.474,11.392,13.392,15.395,18.397,12.058,14.06,16.06,19.063,9.307,13.888
14-May-14,8.785,12.474,10.137,11.474,12.636,10.726,12.055,9.132,11.134,14.137,10.384,9.723,11.726,14.729,12.222,16.052,9.718,11.721,13.721,16.723,10.468,12.468,14.471,17.471,11.389,13.389,15.392,18.395,12.055,14.058,16.058,19.06,9.304,13.885
15-May-14,8.815,12.471,10.134,11.471,12.633,10.723,12.052,9.129,11.132,14.134,10.381,9.721,11.723,14.726,12.219,16.049,9.715,11.718,13.718,16.721,10.466,12.466,14.468,17.468,11.386,13.386,15.389,18.392,12.052,14.055,16.055,19.058,9.301,13.882
16-May-14,8.875,12.468,10.132,11.468,12.63,10.721,12.049,9.126,11.129,14.132,10.378,9.718,11.721,14.723,12.216,16.047,9.712,11.715,13.715,16.718,10.463,12.463,14.466,17.466,11.384,13.384,15.386,18.389,12.049,14.052,16.052,19.055,9.299,13.879
17-May-14,8.875,12.466,10.129,11.466,12.627,10.718,12.047,9.123,11.126,14.129,10.375,9.715,11.718,14.721,12.214,16.044,9.71,11.712,13.712,16.715,10.46,12.46,14.463,17.463,11.381,13.381,15.384,18.386,12.047,14.049,16.049,19.052,9.296,13.877
18-May-14,8.875,12.463,10.126,11.463,12.625,10.715,12.044,9.121,11.123,14.126,10.373,9.712,11.715,14.718,12.211,16.041,9.707,11.71,13.71,16.712,10.458,12.458,14.46,17.46,11.378,13.378,15.381,18.384,12.044,14.047,16.047,19.049,9.293,13.874
19-May-14,8.83,12.46,10.123,11.46,12.622,10.712,12.041,9.118,11.121,14.123,10.37,9.71,11.712,14.715,12.208,16.038,9.704,11.707,13.707,16.71,10.455,12.455,14.458,17.458,11.375,13.375,15.378,18.381,12.041,14.044,16.044,19.047,9.29,13.871
20-May-14,8.955,12.458,10.121,11.458,12.619,10.71,12.038,9.115,11.118,14.121,10.367,9.707,11.71,14.712,12.205,16.036,9.701,11.704,13.704,16.707,10.452,12.452,14.455,17.455,11.373,13.373,15.375,18.378,12.038,14.041,16.041,19.044,9.288,13.868
21-May-14,8.92,12.455,10.118,11.455,12.616,10.707,12.036,9.112,11.115,14.118,10.364,9.704,11.707,14.71,12.203,16.033,9.699,11.701,13.701,16.704,10.449,12.449,14.452,17.452,11.37,13.37,15.373,18.375,12.036,14.038,16.038,19.041,9.285,13.866
22-May-14,8.775,12.452,10.115,11.452,12.614,10.704,12.033,9.11,11.112,14.115,10.362,9.701,11.704,14.707,12.2,16.03,9.696,11.699,13.699,16.701,10.447,12.447,14.449,17.449,11.367,13.367,15.37,18.373,12.033,14.036,16.036,19.038,9.282,13.863
23-May-14,8.8,12.449,10.112,11.449,12.611,10.701,12.03,9.107,11.11,14.112,10.359,9.699,11.701,14.704,12.197,16.027,9.693,11.696,13.696,16.699,10.444,12.444,14.447,17.447,11.364,13.364,15.367,18.37,12.03,14.033,16.033,19.036,9.279,13.86
24-May-14,8.8,12.447,10.11,11.447,12.608,10.699,12.027,9.104,11.107,14.11,10.356,9.696,11.699,14.701,12.195,16.025,9.69,11.693,13.693,16.696,10.441,12.441,14.444,17.444,11.362,13.362,15.364,18.367,12.027,14.03,16.03,19.033,9.277,13.858
25-May-14,8.8,12.444,10.107,11.444,12.605,10.696,12.025,9.101,11.104,14.107,10.353,9.693,11.696,14.699,12.192,16.022,9.688,11.69,13.69,16.693,10.438,12.438,14.441,17.441,11.359,13.359,15.362,18.364,12.025,14.027,16.027,19.03,9.274,13.855
26-May-14,8.875,12.441,10.104,11.441,12.603,10.693,12.022,9.099,11.101,14.104,10.351,9.69,11.693,14.696,12.189,16.019,9.685,11.688,13.688,16.69,10.436,12.436,14.438,17.438,11.356,13.356,15.359,18.362,12.022,14.025,16.025,19.027,9.271,13.852
27-May-14,8.94,12.438,10.101,11.438,12.6,10.69,12.019,9.096,11.099,14.101,10.348,9.688,11.69,14.693,12.186,16.016,9.682,11.685,13.685,16.688,10.433,12.433,14.436,17.436,11.353,13.353,15.356,18.359,12.019,14.022,16.022,19.025,9.268,13.849
28-May-14,9.005,12.436,10.099,11.436,12.597,10.688,12.016,9.093,11.096,14.099,10.345,9.685,11.688,14.69,12.184,16.014,9.679,11.682,13.682,16.685,10.43,12.43,14.433,17.433,11.351,13.351,15.353,18.356,12.016,14.019,16.019,19.022,9.266,13.847
29-May-14,8.935,12.433,10.096,11.433,12.595,10.685,12.014,9.09,11.093,14.096,10.342,9.682,11.685,14.688,12.181,16.011,9.677,11.679,13.679,16.682,10.427,12.427,14.43,17.43,11.348,13.348,15.351,18.353,12.014,14.016,16.016,19.019,9.263,13.844
30-May-14,9.065,12.43,10.093,11.43,12.592,10.682,12.011,9.088,11.09,14.093,10.34,9.679,11.682,14.685,12.178,16.008,9.674,11.677,13.677,16.679,10.425,12.425,14.427,17.427,11.345,13.345,15.348,18.351,12.011,14.014,16.014,19.016,9.26,13.841
31-May-14,9.065,12.427,10.09,11.427,12.589,10.679,12.008,9.085,11.088,14.09,10.337,9.677,11.679,14.682,12.175,16.005,9.671,11.674,13.674,16.677,10.422,12.422,14.425,17.425,11.342,13.342,15.345,18.348,12.008,14.011,16.011,19.014,9.258,13.838
1-Jun-14,9.065,12.425,10.088,11.425,12.586,10.677,12.005,9.082,11.085,14.088,10.334,9.674,11.677,14.679,12.173,16.003,9.668,11.671,13.671,16.674,10.419,12.419,14.422,17.422,11.34,13.34,15.342,18.345,12.005,14.008,16.008,19.011,9.255,13.836
2-Jun-14,9.135,12.422,10.085,11.422,12.584,10.674,12.003,9.079,11.082,14.085,10.332,9.671,11.674,14.677,12.17,16,9.666,11.668,13.668,16.671,10.416,12.416,14.419,17.419,11.337,13.337,15.34,18.342,12.003,14.005,16.005,19.008,9.252,13.833
3-Jun-14,9.135,12.419,10.082,11.419,12.581,10.671,12,9.077,11.079,14.082,10.329,9.668,11.671,14.674,12.167,15.997,9.663,11.666,13.666,16.668,10.414,12.414,14.416,17.416,11.334,13.334,15.337,18.34,12,14.003,16.003,19.005,9.249,13.83
4-Jun-14,9.145,12.416,10.079,11.416,12.578,10.668,11.997,9.074,11.077,14.079,10.326,9.666,11.668,14.671,12.164,15.995,9.66,11.663,13.663,16.666,10.411,12.411,14.414,17.414,11.332,13.332,15.334,18.337,11.997,14,16,19.003,9.247,13.827
5-Jun-14,9.095,12.414,10.077,11.414,12.575,10.666,11.995,9.071,11.074,14.077,10.323,9.663,11.666,14.668,12.162,15.992,9.658,11.66,13.66,16.663,10.408,12.408,14.411,17.411,11.329,13.329,15.332,18.334,11.995,13.997,15.997,19,9.244,13.825
6-Jun-14,8.985,12.411,10.074,11.411,12.573,10.663,11.992,9.068,11.071,14.074,10.321,9.66,11.663,14.666,12.159,15.989,9.655,11.658,13.658,16.66,10.405,12.405,14.408,17.408,11.326,13.326,15.329,18.332,11.992,13.995,15.995,18.997,9.241,13.822
7-Jun-14,8.985,12.408,10.071,11.408,12.57,10.66,11.989,9.066,11.068,14.071,10.318,9.658,11.66,14.663,12.156,15.986,9.652,11.655,13.655,16.658,10.403,12.403,14.405,17.405,11.323,13.323,15.326,18.329,11.989,13.992,15.992,18.995,9.238,13.819
8-Jun-14,8.985,12.405,10.068,11.405,12.567,10.658,11.986,9.063,11.066,14.068,10.315,9.655,11.658,14.66,12.153,15.984,9.649,11.652,13.652,16.655,10.4,12.4,14.403,17.403,11.321,13.321,15.323,18.326,11.986,13.989,15.989,18.992,9.236,13.816
9-Jun-14,8.965,12.403,10.066,11.403,12.564,10.655,11.984,9.06,11.063,14.066,10.312,9.652,11.655,14.658,12.151,15.981,9.647,11.649,13.649,16.652,10.397,12.397,14.4,17.4,11.318,13.318,15.321,18.323,11.984,13.986,15.986,18.989,9.233,13.814
10-Jun-14,9.115,12.4,10.063,11.4,12.562,10.652,11.981,9.058,11.06,14.063,10.31,9.649,11.652,14.655,12.148,15.978,9.644,11.647,13.647,16.649,10.395,12.395,14.397,17.397,11.315,13.315,15.318,18.321,11.981,13.984,15.984,18.986,9.23,13.811
11-Jun-14,9.21,12.397,10.06,11.397,12.559,10.649,11.978,9.055,11.058,14.06,10.307,9.647,11.649,14.652,12.145,15.975,9.641,11.644,13.644,16.647,10.392,12.392,14.395,17.395,11.312,13.312,15.315,18.318,11.978,13.981,15.981,18.984,9.227,13.808
12-Jun-14,9.115,12.395,10.058,11.395,12.556,10.647,11.975,9.052,11.055,14.058,10.304,9.644,11.647,14.649,12.142,15.973,9.638,11.641,13.641,16.644,10.389,12.389,14.392,17.392,11.31,13.31,15.312,18.315,11.975,13.978,15.978,18.981,9.225,13.805
13-Jun-14,9.165,12.392,10.055,11.392,12.553,10.644,11.973,9.049,11.052,14.055,10.301,9.641,11.644,14.647,12.14,15.97,9.636,11.638,13.638,16.641,10.386,12.386,14.389,17.389,11.307,13.307,15.31,18.312,11.973,13.975,15.975,18.978,9.222,13.803
14-Jun-14,9.165,12.389,10.052,11.389,12.551,10.641,11.97,9.047,11.049,14.052,10.299,9.638,11.641,14.644,12.137,15.967,9.633,11.636,13.636,16.638,10.384,12.384,14.386,17.386,11.304,13.304,15.307,18.31,11.97,13.973,15.973,18.975,9.219,13.8
15-Jun-14,9.165,12.386,10.049,11.386,12.548,10.638,11.967,9.044,11.047,14.049,10.296,9.636,11.638,14.641,12.134,15.964,9.63,11.633,13.633,16.636,10.381,12.381,14.384,17.384,11.301,13.301,15.304,18.307,11.967,13.97,15.97,18.973,9.216,13.797
16-Jun-14,9.165,12.384,10.047,11.384,12.545,10.636,11.964,9.041,11.044,14.047,10.293,9.633,11.636,14.638,12.132,15.962,9.627,11.63,13.63,16.633,10.378,12.378,14.381,17.381,11.299,13.299,15.301,18.304,11.964,13.967,15.967,18.97,9.214,13.795
17-Jun-14,9.19,12.381,10.044,11.381,12.542,10.633,11.962,9.038,11.041,14.044,10.29,9.63,11.633,14.636,12.129,15.959,9.625,11.627,13.627,16.63,10.375,12.375,14.378,17.378,11.296,13.296,15.299,18.301,11.962,13.964,15.964,18.967,9.211,13.792
18-Jun-14,9.185,12.378,10.041,11.378,12.54,10.63,11.959,9.036,11.038,14.041,10.288,9.627,11.63,14.633,12.126,15.956,9.622,11.625,13.625,16.627,10.373,12.373,14.375,17.375,11.293,13.293,15.296,18.299,11.959,13.962,15.962,18.964,9.208,13.789
19-Jun-14,9.065,12.375,10.038,11.375,12.537,10.627,11.956,9.033,11.036,14.038,10.285,9.625,11.627,14.63,12.123,15.953,9.619,11.622,13.622,16.625,10.37,12.37,14.373,17.373,11.29,13.29,15.293,18.296,11.956,13.959,15.959,18.962,9.205,13.786
20-Jun-14,9.095,12.373,10.036,11.373,12.534,10.625,11.953,9.03,11.033,14.036,10.282,9.622,11.625,14.627,12.121,15.951,9.616,11.619,13.619,16.622,10.367,12.367,14.37,17.37,11.288,13.288,15.29,18.293,11.953,13.956,15.956,18.959,9.203,13.784
21-Jun-14,9.095,12.37,10.033,11.37,12.532,10.622,11.951,9.027,11.03,14.033,10.279,9.619,11.622,14.625,12.118,15.948,9.614,11.616,13.616,16.619,10.364,12.364,14.367,17.367,11.285,13.285,15.288,18.29,11.951,13.953,15.953,18.956,9.2,13.781
22-Jun-14,9.095,12.367,10.03,11.367,12.529,10.619,11.948,9.025,11.027,14.03,10.277,9.616,11.619,14.622,12.115,15.945,9.611,11.614,13.614,16.616,10.362,12.362,14.364,17.364,11.282,13.282,15.285,18.288,11.948,13.951,15.951,18.953,9.197,13.778
23-Jun-14,9.065,12.364,10.027,11.364,12.526,10.616,11.945,9.022,11.025,14.027,10.274,9.614,11.616,14.619,12.112,15.942,9.608,11.611,13.611,16.614,10.359,12.359,14.362,17.362,11.279,13.279,15.282,18.285,11.945,13.948,15.948,18.951,9.195,13.775
24-Jun-14,9.05,12.362,10.025,11.362,12.523,10.614,11.942,9.019,11.022,14.025,10.271,9.611,11.614,14.616,12.11,15.94,9.605,11.608,13.608,16.611,10.356,12.356,14.359,17.359,11.277,13.277,15.279,18.282,11.942,13.945,15.945,18.948,9.192,13.773
25-Jun-14,9.085,12.359,10.022,11.359,12.521,10.611,11.94,9.016,11.019,14.022,10.268,9.608,11.611,14.614,12.107,15.937,9.603,11.605,13.605,16.608,10.353,12.353,14.356,17.356,11.274,13.274,15.277,18.279,11.94,13.942,15.942,18.945,9.189,13.77
26-Jun-14,9.075,12.356,10.019,11.356,12.518,10.608,11.937,9.014,11.016,14.019,10.266,9.605,11.608,14.611,12.104,15.934,9.6,11.603,13.603,16.605,10.351,12.351,14.353,17.353,11.271,13.271,15.274,18.277,11.937,13.94,15.94,18.942,9.186,13.767
27-Jun-14,9.06,12.353,10.016,11.353,12.515,10.605,11.934,9.011,11.014,14.016,10.263,9.603,11.605,14.608,12.101,15.932,9.597,11.6,13.6,16.603,10.348,12.348,14.351,17.351,11.268,13.268,15.271,18.274,11.934,13.937,15.937,18.94,9.184,13.764
28-Jun-14,9.06,12.351,10.014,11.351,12.512,10.603,11.932,9.008,11.011,14.014,10.26,9.6,11.603,14.605,12.099,15.929,9.595,11.597,13.597,16.6,10.345,12.345,14.348,17.348,11.266,13.266,15.268,18.271,11.932,13.934,15.934,18.937,9.181,13.762
29-Jun-14,9.06,12.348,10.011,11.348,12.51,10.6,11.929,9.005,11.008,14.011,10.258,9.597,11.6,14.603,12.096,15.926,9.592,11.595,13.595,16.597,10.342,12.342,14.345,17.345,11.263,13.263,15.266,18.268,11.929,13.932,15.932,18.934,9.178,13.759
30-Jun-14,9.075,12.345,10.008,11.345,12.507,10.597,11.926,9.003,11.005,14.008,10.255,9.595,11.597,14.6,12.093,15.923,9.589,11.592,13.592,16.595,10.34,12.34,14.342,17.342,11.26,13.26,15.263,18.266,11.926,13.929,15.929,18.932,9.175,13.756
1-Jul-14,9.095,12.342,10.005,11.342,12.504,10.595,11.923,9,11.003,14.005,10.252,9.592,11.595,14.597,12.09,15.921,9.586,11.589,13.589,16.592,10.337,12.337,14.34,17.34,11.258,13.258,15.26,18.263,11.923,13.926,15.926,18.929,9.173,13.753
2-Jul-14,9.13,12.34,10.003,11.34,12.501,10.592,11.921,8.997,11,14.003,10.249,9.589,11.592,14.595,12.088,15.918,9.584,11.586,13.586,16.589,10.334,12.334,14.337,17.337,11.255,13.255,15.258,18.26,11.921,13.923,15.923,18.926,9.17,13.751
3-Jul-14,9.165,12.337,10,11.337,12.499,10.589,11.918,8.995,10.997,14,10.247,9.586,11.589,14.592,12.085,15.915,9.581,11.584,13.584,16.586,10.332,12.332,14.334,17.334,11.252,13.252,15.255,18.258,11.918,13.921,15.921,18.923,9.167,13.748
4-Jul-14,9.145,12.334,9.997,11.334,12.496,10.586,11.915,8.992,10.995,13.997,10.244,9.584,11.586,14.589,12.082,15.912,9.578,11.581,13.581,16.584,10.329,12.329,14.332,17.332,11.249,13.249,15.252,18.255,11.915,13.918,15.918,18.921,9.164,13.745
5-Jul-14,9.145,12.332,9.995,11.332,12.493,10.584,11.912,8.989,10.992,13.995,10.241,9.581,11.584,14.586,12.079,15.91,9.575,11.578,13.578,16.581,10.326,12.326,14.329,17.329,11.247,13.247,15.249,18.252,11.912,13.915,15.915,18.918,9.162,13.742
6-Jul-14,9.145,12.329,9.992,11.329,12.49,10.581,11.91,8.986,10.989,13.992,10.238,9.578,11.581,14.584,12.077,15.907,9.573,11.575,13.575,16.578,10.323,12.323,14.326,17.326,11.244,13.244,15.247,18.249,11.91,13.912,15.912,18.915,9.159,13.74
7-Jul-14,9.175,12.326,9.989,11.326,12.488,10.578,11.907,8.984,10.986,13.989,10.236,9.575,11.578,14.581,12.074,15.904,9.57,11.573,13.573,16.575,10.321,12.321,14.323,17.323,11.241,13.241,15.244,18.247,11.907,13.91,15.91,18.912,9.156,13.737
8-Jul-14,9.085,12.323,9.986,11.323,12.485,10.575,11.904,8.981,10.984,13.986,10.233,9.573,11.575,14.578,12.071,15.901,9.567,11.57,13.57,16.573,10.318,12.318,14.321,17.321,11.238,13.238,15.241,18.244,11.904,13.907,15.907,18.91,9.153,13.734
9-Jul-14,9.05,12.321,9.984,11.321,12.482,10.573,11.901,8.978,10.981,13.984,10.23,9.57,11.573,14.575,12.068,15.899,9.564,11.567,13.567,16.57,10.315,12.315,14.318,17.318,11.236,13.236,15.238,18.241,11.901,13.904,15.904,18.907,9.151,13.732
10-Jul-14,9.075,12.318,9.981,11.318,12.479,10.57,11.899,8.975,10.978,13.981,10.227,9.567,11.57,14.573,12.066,15.896,9.562,11.564,13.564,16.567,10.312,12.312,14.315,17.315,11.233,13.233,15.236,18.238,11.899,13.901,15.901,18.904,9.148,13.729
11-Jul-14,9.105,12.315,9.978,11.315,12.477,10.567,11.896,8.973,10.975,13.978,10.225,9.564,11.567,14.57,12.063,15.893,9.559,11.562,13.562,16.564,10.31,12.31,14.312,17.312,11.23,13.23,15.233,18.236,11.896,13.899,15.899,18.901,9.145,13.726
12-Jul-14,9.105,12.312,9.975,11.312,12.474,10.564,11.893,8.97,10.973,13.975,10.222,9.562,11.564,14.567,12.06,15.89,9.556,11.559,13.559,16.562,10.307,12.307,14.31,17.31,11.227,13.227,15.23,18.233,11.893,13.896,15.896,18.899,9.142,13.723
13-Jul-14,9.105,12.31,9.973,11.31,12.471,10.562,11.89,8.967,10.97,13.973,10.219,9.559,11.562,14.564,12.058,15.888,9.553,11.556,13.556,16.559,10.304,12.304,14.307,17.307,11.225,13.225,15.227,18.23,11.89,13.893,15.893,18.896,9.14,13.721
14-Jul-14,9.075,12.307,9.97,11.307,12.468,10.559,11.888,8.964,10.967,13.97,10.216,9.556,11.559,14.562,12.055,15.885,9.551,11.553,13.553,16.556,10.301,12.301,14.304,17.304,11.222,13.222,15.225,18.227,11.888,13.89,15.89,18.893,9.137,13.718
15-Jul-14,9.005,12.304,9.967,11.304,12.466,10.556,11.885,8.962,10.964,13.967,10.214,9.553,11.556,14.559,12.052,15.882,9.548,11.551,13.551,16.553,10.299,12.299,14.301,17.301,11.219,13.219,15.222,18.225,11.885,13.888,15.888,18.89,9.134,13.715
16-Jul-14,8.935,12.301,9.964,11.301,12.463,10.553,11.882,8.959,10.962,13.964,10.211,9.551,11.553,14.556,12.049,15.879,9.545,11.548,13.548,16.551,10.296,12.296,14.299,17.299,11.216,13.216,15.219,18.222,11.882,13.885,15.885,18.888,9.132,13.712
17-Jul-14,8.88,12.299,9.962,11.299,12.46,10.551,11.879,8.956,10.959,13.962,10.208,9.548,11.551,14.553,12.047,15.877,9.542,11.545,13.545,16.548,10.293,12.293,14.296,17.296,11.214,13.214,15.216,18.219,11.879,13.882,15.882,18.885,9.129,13.71
18-Jul-14,8.82,12.296,9.959,11.296,12.458,10.548,11.877,8.953,10.956,13.959,10.205,9.545,11.548,14.551,12.044,15.874,9.54,11.542,13.542,16.545,10.29,12.29,14.293,17.293,11.211,13.211,15.214,18.216,11.877,13.879,15.879,18.882,9.126,13.707
19-Jul-14,8.82,12.293,9.956,11.293,12.455,10.545,11.874,8.951,10.953,13.956,10.203,9.542,11.545,14.548,12.041,15.871,9.537,11.54,13.54,16.542,10.288,12.288,14.29,17.29,11.208,13.208,15.211,18.214,11.874,13.877,15.877,18.879,9.123,13.704
20-Jul-14,8.82,12.29,9.953,11.29,12.452,10.542,11.871,8.948,10.951,13.953,10.2,9.54,11.542,14.545,12.038,15.868,9.534,11.537,13.537,16.54,10.285,12.285,14.288,17.288,11.205,13.205,15.208,18.211,11.871,13.874,15.874,18.877,9.121,13.701
21-Jul-14,8.87,12.288,9.951,11.288,12.449,10.54,11.868,8.945,10.948,13.951,10.197,9.537,11.54,14.542,12.036,15.866,9.532,11.534,13.534,16.537,10.282,12.282,14.285,17.285,11.203,13.203,15.205,18.208,11.868,13.871,15.871,18.874,9.118,13.699
22-Jul-14,8.915,12.285,9.948,11.285,12.447,10.537,11.866,8.942,10.945,13.948,10.195,9.534,11.537,14.54,12.033,15.863,9.529,11.532,13.532,16.534,10.279,12.279,14.282,17.282,11.2,13.2,15.203,18.205,11.866,13.868,15.868,18.871,9.115,13.696
23-Jul-14,8.865,12.282,9.945,11.282,12.444,10.534,11.863,8.94,10.942,13.945,10.192,9.532,11.534,14.537,12.03,15.86,9.526,11.529,13.529,16.532,10.277,12.277,14.279,17.279,11.197,13.197,15.2,18.203,11.863,13.866,15.866,18.868,9.112,13.693
24-Jul-14,8.9,12.279,9.942,11.279,12.441,10.532,11.86,8.937,10.94,13.942,10.189,9.529,11.532,14.534,12.027,15.858,9.523,11.526,13.526,16.529,10.274,12.274,14.277,17.277,11.195,13.195,15.197,18.2,11.86,13.863,15.863,18.866,9.11,13.69
25-Jul-14,8.94,12.277,9.94,11.277,12.438,10.529,11.858,8.934,10.937,13.94,10.186,9.526,11.529,14.532,12.025,15.855,9.521,11.523,13.523,16.526,10.271,12.271,14.274,17.274,11.192,13.192,15.195,18.197,11.858,13.86,15.86,18.863,9.107,13.688
26-Jul-14,8.94,12.274,9.937,11.274,12.436,10.526,11.855,8.932,10.934,13.937,10.184,9.523,11.526,14.529,12.022,15.852,9.518,11.521,13.521,16.523,10.268,12.268,14.271,17.271,11.189,13.189,15.192,18.195,11.855,13.858,15.858,18.86,9.104,13.685
27-Jul-14,8.94,12.271,9.934,11.271,12.433,10.523,11.852,8.929,10.932,13.934,10.181,9.521,11.523,14.526,12.019,15.849,9.515,11.518,13.518,16.521,10.266,12.266,14.268,17.268,11.186,13.186,15.189,18.192,11.852,13.855,15.855,18.858,9.101,13.682
28-Jul-14,8.975,12.268,9.932,11.268,12.43,10.521,11.849,8.926,10.929,13.932,10.178,9.518,11.521,14.523,12.016,15.847,9.512,11.515,13.515,16.518,10.263,12.263,14.266,17.266,11.184,13.184,15.186,18.189,11.849,13.852,15.852,18.855,9.099,13.679
29-Jul-14,8.98,12.266,9.929,11.266,12.427,10.518,11.847,8.923,10.926,13.929,10.175,9.515,11.518,14.521,12.014,15.844,9.51,11.512,13.512,16.515,10.26,12.26,14.263,17.263,11.181,13.181,15.184,18.186,11.847,13.849,15.849,18.852,9.096,13.677
30-Jul-14,9.04,12.263,9.926,11.263,12.425,10.515,11.844,8.921,10.923,13.926,10.173,9.512,11.515,14.518,12.011,15.841,9.507,11.51,13.51,16.512,10.258,12.258,14.26,17.26,11.178,13.178,15.181,18.184,11.844,13.847,15.847,18.849,9.093,13.674
31-Jul-14,9.06,12.26,9.923,11.26,12.422,10.512,11.841,8.918,10.921,13.923,10.17,9.51,11.512,14.515,12.008,15.838,9.504,11.507,13.507,16.51,10.255,12.255,14.258,17.258,11.175,13.175,15.178,18.181,11.841,13.844,15.844,18.847,9.09,13.671
1-Aug-14,9.08,12.258,9.921,11.258,12.419,10.51,11.838,8.915,10.918,13.921,10.167,9.507,11.51,14.512,12.005,15.836,9.501,11.504,13.504,16.507,10.252,12.252,14.255,17.255,11.173,13.173,15.175,18.178,11.838,13.841,15.841,18.844,9.088,13.668
2-Aug-14,9.08,12.255,9.918,11.255,12.416,10.507,11.836,8.912,10.915,13.918,10.164,9.504,11.507,14.51,12.003,15.833,9.499,11.501,13.501,16.504,10.249,12.249,14.252,17.252,11.17,13.17,15.173,18.175,11.836,13.838,15.838,18.841,9.085,13.666
3-Aug-14,9.08,12.252,9.915,11.252,12.414,10.504,11.833,8.91,10.912,13.915,10.162,9.501,11.504,14.507,12,15.83,9.496,11.499,13.499,16.501,10.247,12.247,14.249,17.249,11.167,13.167,15.17,18.173,11.833,13.836,15.836,18.838,9.082,13.663
4-Aug-14,9.03,12.249,9.912,11.249,12.411,10.501,11.83,8.907,10.91,13.912,10.159,9.499,11.501,14.504,11.997,15.827,9.493,11.496,13.496,16.499,10.244,12.244,14.247,17.247,11.164,13.164,15.167,18.17,11.83,13.833,15.833,18.836,9.079,13.66
5-Aug-14,9.06,12.247,9.91,11.247,12.408,10.499,11.827,8.904,10.907,13.91,10.156,9.496,11.499,14.501,11.995,15.825,9.49,11.493,13.493,16.496,10.241,12.241,14.244,17.244,11.162,13.162,15.164,18.167,11.827,13.83,15.83,18.833,9.077,13.658
6-Aug-14,9.065,12.244,9.907,11.244,12.405,10.496,11.825,8.901,10.904,13.907,10.153,9.493,11.496,14.499,11.992,15.822,9.488,11.49,13.49,16.493,10.238,12.238,14.241,17.241,11.159,13.159,15.162,18.164,11.825,13.827,15.827,18.83,9.074,13.655
7-Aug-14,9.01,12.241,9.904,11.241,12.403,10.493,11.822,8.899,10.901,13.904,10.151,9.49,11.493,14.496,11.989,15.819,9.485,11.488,13.488,16.49,10.236,12.236,14.238,17.238,11.156,13.156,15.159,18.162,11.822,13.825,15.825,18.827,9.071,13.652
8-Aug-14,9.065,12.238,9.901,11.238,12.4,10.49,11.819,8.896,10.899,13.901,10.148,9.488,11.49,14.493,11.986,15.816,9.482,11.485,13.485,16.488,10.233,12.233,14.236,17.236,11.153,13.153,15.156,18.159,11.819,13.822,15.822,18.825,9.068,13.649
9-Aug-14,9.065,12.236,9.899,11.236,12.397,10.488,11.816,8.893,10.896,13.899,10.145,9.485,11.488,14.49,11.984,15.814,9.479,11.482,13.482,16.485,10.23,12.23,14.233,17.233,11.151,13.151,15.153,18.156,11.816,13.819,15.819,18.822,9.066,13.647
10-Aug-14,9.065,12.233,9.896,11.233,12.395,10.485,11.814,8.89,10.893,13.896,10.142,9.482,11.485,14.488,11.981,15.811,9.477,11.479,13.479,16.482,10.227,12.227,14.23,17.23,11.148,13.148,15.151,18.153,11.814,13.816,15.816,18.819,9.063,13.644
11-Aug-14,9.07,12.23,9.893,11.23,12.392,10.482,11.811,8.888,10.89,13.893,10.14,9.479,11.482,14.485,11.978,15.808,9.474,11.477,13.477,16.479,10.225,12.225,14.227,17.227,11.145,13.145,15.148,18.151,11.811,13.814,15.814,18.816,9.06,13.641
12-Aug-14,9.08,12.227,9.89,11.227,12.389,10.479,11.808,8.885,10.888,13.89,10.137,9.477,11.479,14.482,11.975,15.805,9.471,11.474,13.474,16.477,10.222,12.222,14.225,17.225,11.142,13.142,15.145,18.148,11.808,13.811,15.811,18.814,9.058,13.638
13-Aug-14,9.06,12.225,9.888,11.225,12.386,10.477,11.805,8.882,10.885,13.888,10.134,9.474,11.477,14.479,11.973,15.803,9.468,11.471,13.471,16.474,10.219,12.219,14.222,17.222,11.14,13.14,15.142,18.145,11.805,13.808,15.808,18.811,9.055,13.636
14-Aug-14,8.98,12.222,9.885,11.222,12.384,10.474,11.803,8.879,10.882,13.885,10.132,9.471,11.474,14.477,11.97,15.8,9.466,11.468,13.468,16.471,10.216,12.216,14.219,17.219,11.137,13.137,15.14,18.142,11.803,13.805,15.805,18.808,9.052,13.633
15-Aug-14,9.02,12.219,9.882,11.219,12.381,10.471,11.8,8.877,10.879,13.882,10.129,9.468,11.471,14.474,11.967,15.797,9.463,11.466,13.466,16.468,10.214,12.214,14.216,17.216,11.134,13.134,15.137,18.14,11.8,13.803,15.803,18.805,9.049,13.63
16-Aug-14,9.02,12.216,9.879,11.216,12.378,10.468,11.797,8.874,10.877,13.879,10.126,9.466,11.468,14.471,11.964,15.795,9.46,11.463,13.463,16.466,10.211,12.211,14.214,17.214,11.132,13.132,15.134,18.137,11.797,13.8,15.8,18.803,9.047,13.627
17-Aug-14,9.02,12.214,9.877,11.214,12.375,10.466,11.795,8.871,10.874,13.877,10.123,9.463,11.466,14.468,11.962,15.792,9.458,11.46,13.46,16.463,10.208,12.208,14.211,17.211,11.129,13.129,15.132,18.134,11.795,13.797,15.797,18.8,9.044,13.625
18-Aug-14,9.06,12.211,9.874,11.211,12.373,10.463,11.792,8.868,10.871,13.874,10.121,9.46,11.463,14.466,11.959,15.789,9.455,11.458,13.458,16.46,10.205,12.205,14.208,17.208,11.126,13.126,15.129,18.132,11.792,13.795,15.795,18.797,9.041,13.622
19-Aug-14,9.01,12.208,9.871,11.208,12.37,10.46,11.789,8.866,10.868,13.871,10.118,9.458,11.46,14.463,11.956,15.786,9.452,11.455,13.455,16.458,10.203,12.203,14.205,17.205,11.123,13.123,15.126,18.129,11.789,13.792,15.792,18.795,9.038,13.619
20-Aug-14,8.995,12.205,9.868,11.205,12.367,10.458,11.786,8.863,10.866,13.868,10.115,9.455,11.458,14.46,11.953,15.784,9.449,11.452,13.452,16.455,10.2,12.2,14.203,17.203,11.121,13.121,15.123,18.126,11.786,13.789,15.789,18.792,9.036,13.616
21-Aug-14,8.965,12.203,9.866,11.203,12.364,10.455,11.784,8.86,10.863,13.866,10.112,9.452,11.455,14.458,11.951,15.781,9.447,11.449,13.449,16.452,10.197,12.197,14.2,17.2,11.118,13.118,15.121,18.123,11.784,13.786,15.786,18.789,9.033,13.614
22-Aug-14,8.95,12.2,9.863,11.2,12.362,10.452,11.781,8.858,10.86,13.863,10.11,9.449,11.452,14.455,11.948,15.778,9.444,11.447,13.447,16.449,10.195,12.195,14.197,17.197,11.115,13.115,15.118,18.121,11.781,13.784,15.784,18.786,9.03,13.611
23-Aug-14,8.95,12.197,9.86,11.197,12.359,10.449,11.778,8.855,10.858,13.86,10.107,9.447,11.449,14.452,11.945,15.775,9.441,11.444,13.444,16.447,10.192,12.192,14.195,17.195,11.112,13.112,15.115,18.118,11.778,13.781,15.781,18.784,9.027,13.608
24-Aug-14,8.95,12.195,9.858,11.195,12.356,10.447,11.775,8.852,10.855,13.858,10.104,9.444,11.447,14.449,11.942,15.773,9.438,11.441,13.441,16.444,10.189,12.189,14.192,17.192,11.11,13.11,15.112,18.115,11.775,13.778,15.778,18.781,9.025,13.605
25-Aug-14,8.97,12.192,9.855,11.192,12.353,10.444,11.773,8.849,10.852,13.855,10.101,9.441,11.444,14.447,11.94,15.77,9.436,11.438,13.438,16.441,10.186,12.186,14.189,17.189,11.107,13.107,15.11,18.112,11.773,13.775,15.775,18.778,9.022,13.603
26-Aug-14,8.855,12.189,9.852,11.189,12.351,10.441,11.77,8.847,10.849,13.852,10.099,9.438,11.441,14.444,11.937,15.767,9.433,11.436,13.436,16.438,10.184,12.184,14.186,17.186,11.104,13.104,15.107,18.11,11.77,13.773,15.773,18.775,9.019,13.6
27-Aug-14,8.72,12.186,9.849,11.186,12.348,10.438,11.767,8.844,10.847,13.849,10.096,9.436,11.438,14.441,11.934,15.764,9.43,11.433,13.433,16.436,10.181,12.181,14.184,17.184,11.101,13.101,15.104,18.107,11.767,13.77,15.77,18.773,9.016,13.597
28-Aug-14,8.78,12.184,9.847,11.184,12.345,10.436,11.764,8.841,10.844,13.847,10.093,9.433,11.436,14.438,11.932,15.762,9.427,11.43,13.43,16.433,10.178,12.178,14.181,17.181,11.099,13.099,15.101,18.104,11.764,13.767,15.767,18.77,9.014,13.595
29-Aug-14,8.735,12.181,9.844,11.181,12.342,10.433,11.762,8.838,10.841,13.844,10.09,9.43,11.433,14.436,11.929,15.759,9.425,11.427,13.427,16.43,10.175,12.175,14.178,17.178,11.096,13.096,15.099,18.101,11.762,13.764,15.764,18.767,9.011,13.592
30-Aug-14,8.735,12.178,9.841,11.178,12.34,10.43,11.759,8.836,10.838,13.841,10.088,9.427,11.43,14.433,11.926,15.756,9.422,11.425,13.425,16.427,10.173,12.173,14.175,17.175,11.093,13.093,15.096,18.099,11.759,13.762,15.762,18.764,9.008,13.589
31-Aug-14,8.735,12.175,9.838,11.175,12.337,10.427,11.756,8.833,10.836,13.838,10.085,9.425,11.427,14.43,11.923,15.753,9.419,11.422,13.422,16.425,10.17,12.17,14.173,17.173,11.09,13.09,15.093,18.096,11.756,13.759,15.759,18.762,9.005,13.586
1-Sep-14,8.735,12.173,9.836,11.173,12.334,10.425,11.753,8.83,10.833,13.836,10.082,9.422,11.425,14.427,11.921,15.751,9.416,11.419,13.419,16.422,10.167,12.167,14.17,17.17,11.088,13.088,15.09,18.093,11.753,13.756,15.756,18.759,9.003,13.584
2-Sep-14,8.86,12.17,9.833,11.17,12.332,10.422,11.751,8.827,10.83,13.833,10.079,9.419,11.422,14.425,11.918,15.748,9.414,11.416,13.416,16.419,10.164,12.164,14.167,17.167,11.085,13.085,15.088,18.09,11.751,13.753,15.753,18.756,9,13.581
3-Sep-14,8.775,12.167,9.83,11.167,12.329,10.419,11.748,8.825,10.827,13.83,10.077,9.416,11.419,14.422,11.915,15.745,9.411,11.414,13.414,16.416,10.162,12.162,14.164,17.164,11.082,13.082,15.085,18.088,11.748,13.751,15.751,18.753,8.997,13.578
4-Sep-14,8.715,12.164,9.827,11.164,12.326,10.416,11.745,8.822,10.825,13.827,10.074,9.414,11.416,14.419,11.912,15.742,9.408,11.411,13.411,16.414,10.159,12.159,14.162,17.162,11.079,13.079,15.082,18.085,11.745,13.748,15.748,18.751,8.995,13.575
5-Sep-14,8.745,12.162,9.825,11.162,12.323,10.414,11.742,8.819,10.822,13.825,10.071,9.411,11.414,14.416,11.91,15.74,9.405,11.408,13.408,16.411,10.156,12.156,14.159,17.159,11.077,13.077,15.079,18.082,11.742,13.745,15.745,18.748,8.992,13.573
6-Sep-14,8.745,12.159,9.822,11.159,12.321,10.411,11.74,8.816,10.819,13.822,10.068,9.408,11.411,14.414,11.907,15.737,9.403,11.405,13.405,16.408,10.153,12.153,14.156,17.156,11.074,13.074,15.077,18.079,11.74,13.742,15.742,18.745,8.989,13.57
7-Sep-14,8.745,12.156,9.819,11.156,12.318,10.408,11.737,8.814,10.816,13.819,10.066,9.405,11.408,14.411,11.904,15.734,9.4,11.403,13.403,16.405,10.151,12.151,14.153,17.153,11.071,13.071,15.074,18.077,11.737,13.74,15.74,18.742,8.986,13.567
8-Sep-14,8.845,12.153,9.816,11.153,12.315,10.405,11.734,8.811,10.814,13.816,10.063,9.403,11.405,14.408,11.901,15.732,9.397,11.4,13.4,16.403,10.148,12.148,14.151,17.151,11.068,13.068,15.071,18.074,11.734,13.737,15.737,18.74,8.984,13.564
9-Sep-14,8.94,12.151,9.814,11.151,12.312,10.403,11.732,8.808,10.811,13.814,10.06,9.4,11.403,14.405,11.899,15.729,9.395,11.397,13.397,16.4,10.145,12.145,14.148,17.148,11.066,13.066,15.068,18.071,11.732,13.734,15.734,18.737,8.981,13.562
10-Sep-14,8.935,12.148,9.811,11.148,12.31,10.4,11.729,8.805,10.808,13.811,10.058,9.397,11.4,14.403,11.896,15.726,9.392,11.395,13.395,16.397,10.142,12.142,14.145,17.145,11.063,13.063,15.066,18.068,11.729,13.732,15.732,18.734,8.978,13.559
11-Sep-14,8.965,12.145,9.808,11.145,12.307,10.397,11.726,8.803,10.805,13.808,10.055,9.395,11.397,14.4,11.893,15.723,9.389,11.392,13.392,16.395,10.14,12.14,14.142,17.142,11.06,13.06,15.063,18.066,11.726,13.729,15.729,18.732,8.975,13.556
12-Sep-14,9.01,12.142,9.805,11.142,12.304,10.395,11.723,8.8,10.803,13.805,10.052,9.392,11.395,14.397,11.89,15.721,9.386,11.389,13.389,16.392,10.137,12.137,14.14,17.14,11.058,13.058,15.06,18.063,11.723,13.726,15.726,18.729,8.973,13.553
13-Sep-14,9.01,12.14,9.803,11.14,12.301,10.392,11.721,8.797,10.8,13.803,10.049,9.389,11.392,14.395,11.888,15.718,9.384,11.386,13.386,16.389,10.134,12.134,14.137,17.137,11.055,13.055,15.058,18.06,11.721,13.723,15.723,18.726,8.97,13.551
14-Sep-14,9.01,12.137,9.8,11.137,12.299,10.389,11.718,8.795,10.797,13.8,10.047,9.386,11.389,14.392,11.885,15.715,9.381,11.384,13.384,16.386,10.132,12.132,14.134,17.134,11.052,13.052,15.055,18.058,11.718,13.721,15.721,18.723,8.967,13.548
15-Sep-14,9,12.134,9.797,11.134,12.296,10.386,11.715,8.792,10.795,13.797,10.044,9.384,11.386,14.389,11.882,15.712,9.378,11.381,13.381,16.384,10.129,12.129,14.132,17.132,11.049,13.049,15.052,18.055,11.715,13.718,15.718,18.721,8.964,13.545
16-Sep-14,9.015,12.132,9.795,11.132,12.293,10.384,11.712,8.789,10.792,13.795,10.041,9.381,11.384,14.386,11.879,15.71,9.375,11.378,13.378,16.381,10.126,12.126,14.129,17.129,11.047,13.047,15.049,18.052,11.712,13.715,15.715,18.718,8.962,13.542
17-Sep-14,8.94,12.129,9.792,11.129,12.29,10.381,11.71,8.786,10.789,13.792,10.038,9.378,11.381,14.384,11.877,15.707,9.373,11.375,13.375,16.378,10.123,12.123,14.126,17.126,11.044,13.044,15.047,18.049,11.71,13.712,15.712,18.715,8.959,13.54
18-Sep-14,8.99,12.126,9.789,11.126,12.288,10.378,11.707,8.784,10.786,13.789,10.036,9.375,11.378,14.381,11.874,15.704,9.37,11.373,13.373,16.375,10.121,12.121,14.123,17.123,11.041,13.041,15.044,18.047,11.707,13.71,15.71,18.712,8.956,13.537
19-Sep-14,8.96,12.123,9.786,11.123,12.285,10.375,11.704,8.781,10.784,13.786,10.033,9.373,11.375,14.378,11.871,15.701,9.367,11.37,13.37,16.373,10.118,12.118,14.121,17.121,11.038,13.038,15.041,18.044,11.704,13.707,15.707,18.71,8.953,13.534
20-Sep-14,8.96,12.121,9.784,11.121,12.282,10.373,11.701,8.778,10.781,13.784,10.03,9.37,11.373,14.375,11.868,15.699,9.364,11.367,13.367,16.37,10.115,12.115,14.118,17.118,11.036,13.036,15.038,18.041,11.701,13.704,15.704,18.707,8.951,13.532
21-Sep-14,8.96,12.118,9.781,11.118,12.279,10.37,11.699,8.775,10.778,13.781,10.027,9.367,11.37,14.373,11.866,15.696,9.362,11.364,13.364,16.367,10.112,12.112,14.115,17.115,11.033,13.033,15.036,18.038,11.699,13.701,15.701,18.704,8.948,13.529
22-Sep-14,8.935,12.115,9.778,11.115,12.277,10.367,11.696,8.773,10.775,13.778,10.025,9.364,11.367,14.37,11.863,15.693,9.359,11.362,13.362,16.364,10.11,12.11,14.112,17.112,11.03,13.03,15.033,18.036,11.696,13.699,15.699,18.701,8.945,13.526
23-Sep-14,8.925,12.112,9.775,11.112,12.274,10.364,11.693,8.77,10.773,13.775,10.022,9.362,11.364,14.367,11.86,15.69,9.356,11.359,13.359,16.362,10.107,12.107,14.11,17.11,11.027,13.027,15.03,18.033,11.693,13.696,15.696,18.699,8.942,13.523
24-Sep-14,8.925,12.11,9.773,11.11,12.271,10.362,11.69,8.767,10.77,13.773,10.019,9.359,11.362,14.364,11.858,15.688,9.353,11.356,13.356,16.359,10.104,12.104,14.107,17.107,11.025,13.025,15.027,18.03,11.69,13.693,15.693,18.696,8.94,13.521
25-Sep-14,8.915,12.107,9.77,11.107,12.268,10.359,11.688,8.764,10.767,13.77,10.016,9.356,11.359,14.362,11.855,15.685,9.351,11.353,13.353,16.356,10.101,12.101,14.104,17.104,11.022,13.022,15.025,18.027,11.688,13.69,15.69,18.693,8.937,13.518
26-Sep-14,8.995,12.104,9.767,11.104,12.266,10.356,11.685,8.762,10.764,13.767,10.014,9.353,11.356,14.359,11.852,15.682,9.348,11.351,13.351,16.353,10.099,12.099,14.101,17.101,11.019,13.019,15.022,18.025,11.685,13.688,15.688,18.69,8.934,13.515
27-Sep-14,8.995,12.101,9.764,11.101,12.263,10.353,11.682,8.759,10.762,13.764,10.011,9.351,11.353,14.356,11.849,15.679,9.345,11.348,13.348,16.351,10.096,12.096,14.099,17.099,11.016,13.016,15.019,18.022,11.682,13.685,15.685,18.688,8.932,13.512
28-Sep-14,8.995,12.099,9.762,11.099,12.26,10.351,11.679,8.756,10.759,13.762,10.008,9.348,11.351,14.353,11.847,15.677,9.342,11.345,13.345,16.348,10.093,12.093,14.096,17.096,11.014,13.014,15.016,18.019,11.679,13.682,15.682,18.685,8.929,13.51
29-Sep-14,9.075,12.096,9.759,11.096,12.258,10.348,11.677,8.753,10.756,13.759,10.005,9.345,11.348,14.351,11.844,15.674,9.34,11.342,13.342,16.345,10.09,12.09,14.093,17.093,11.011,13.011,15.014,18.016,11.677,13.679,15.679,18.682,8.926,13.507
30-Sep-14,9.09,12.093,9.756,11.093,12.255,10.345,11.674,8.751,10.753,13.756,10.003,9.342,11.345,14.348,11.841,15.671,9.337,11.34,13.34,16.342,10.088,12.088,14.09,17.09,11.008,13.008,15.011,18.014,11.674,13.677,15.677,18.679,8.923,13.504
1-Oct-14,9.075,12.09,9.753,11.09,12.252,10.342,11.671,8.748,10.751,13.753,10,9.34,11.342,14.345,11.838,15.668,9.334,11.337,13.337,16.34,10.085,12.085,14.088,17.088,11.005,13.005,15.008,18.011,11.671,13.674,15.674,18.677,8.921,13.501
2-Oct-14,9.04,12.088,9.751,11.088,12.249,10.34,11.668,8.745,10.748,13.751,9.997,9.337,11.34,14.342,11.836,15.666,9.332,11.334,13.334,16.337,10.082,12.082,14.085,17.085,11.003,13.003,15.005,18.008,11.668,13.671,15.671,18.674,8.918,13.499
3-Oct-14,9.115,12.085,9.748,11.085,12.247,10.337,11.666,8.742,10.745,13.748,9.995,9.334,11.337,14.34,11.833,15.663,9.329,11.332,13.332,16.334,10.079,12.079,14.082,17.082,11,13,15.003,18.005,11.666,13.668,15.668,18.671,8.915,13.496
4-Oct-14,9.115,12.082,9.745,11.082,12.244,10.334,11.663,8.74,10.742,13.745,9.992,9.332,11.334,14.337,11.83,15.66,9.326,11.329,13.329,16.332,10.077,12.077,14.079,17.079,10.997,12.997,15,18.003,11.663,13.666,15.666,18.668,8.912,13.493
5-Oct-14,9.115,12.079,9.742,11.079,12.241,10.332,11.66,8.737,10.74,13.742,9.989,9.329,11.332,14.334,11.827,15.658,9.323,11.326,13.326,16.329,10.074,12.074,14.077,17.077,10.995,12.995,14.997,18,11.66,13.663,15.663,18.666,8.91,13.49
6-Oct-14,9.015,12.077,9.74,11.077,12.238,10.329,11.658,8.734,10.737,13.74,9.986,9.326,11.329,14.332,11.825,15.655,9.321,11.323,13.323,16.326,10.071,12.071,14.074,17.074,10.992,12.992,14.995,17.997,11.658,13.66,15.66,18.663,8.907,13.488
7-Oct-14,8.985,12.074,9.737,11.074,12.236,10.326,11.655,8.732,10.734,13.737,9.984,9.323,11.326,14.329,11.822,15.652,9.318,11.321,13.321,16.323,10.068,12.068,14.071,17.071,10.989,12.989,14.992,17.995,11.655,13.658,15.658,18.66,8.904,13.485
8-Oct-14,8.9,12.071,9.734,11.071,12.233,10.323,11.652,8.729,10.732,13.734,9.981,9.321,11.323,14.326,11.819,15.649,9.315,11.318,13.318,16.321,10.066,12.066,14.068,17.068,10.986,12.986,14.989,17.992,11.652,13.655,15.655,18.658,8.901,13.482
9-Oct-14,8.845,12.068,9.732,11.068,12.23,10.321,11.649,8.726,10.729,13.732,9.978,9.318,11.321,14.323,11.816,15.647,9.312,11.315,13.315,16.318,10.063,12.063,14.066,17.066,10.984,12.984,14.986,17.989,11.649,13.652,15.652,18.655,8.899,13.479
10-Oct-14,8.865,12.066,9.729,11.066,12.227,10.318,11.647,8.723,10.726,13.729,9.975,9.315,11.318,14.321,11.814,15.644,9.31,11.312,13.312,16.315,10.06,12.06,14.063,17.063,10.981,12.981,14.984,17.986,11.647,13.649,15.649,18.652,8.896,13.477
11-Oct-14,8.865,12.063,9.726,11.063,12.225,10.315,11.644,8.721,10.723,13.726,9.973,9.312,11.315,14.318,11.811,15.641,9.307,11.31,13.31,16.312,10.058,12.058,14.06,17.06,10.978,12.978,14.981,17.984,11.644,13.647,15.647,18.649,8.893,13.474
12-Oct-14,8.865,12.06,9.723,11.06,12.222,10.312,11.641,8.718,10.721,13.723,9.97,9.31,11.312,14.315,11.808,15.638,9.304,11.307,13.307,16.31,10.055,12.055,14.058,17.058,10.975,12.975,14.978,17.981,11.641,13.644,15.644,18.647,8.89,13.471
13-Oct-14,8.81,12.058,9.721,11.058,12.219,10.31,11.638,8.715,10.718,13.721,9.967,9.307,11.31,14.312,11.805,15.636,9.301,11.304,13.304,16.307,10.052,12.052,14.055,17.055,10.973,12.973,14.975,17.978,11.638,13.641,15.641,18.644,8.888,13.468
14-Oct-14,8.795,12.055,9.718,11.055,12.216,10.307,11.636,8.712,10.715,13.718,9.964,9.304,11.307,14.31,11.803,15.633,9.299,11.301,13.301,16.304,10.049,12.049,14.052,17.052,10.97,12.97,14.973,17.975,11.636,13.638,15.638,18.641,8.885,13.466
15-Oct-14,8.73,12.052,9.715,11.052,12.214,10.304,11.633,8.71,10.712,13.715,9.962,9.301,11.304,14.307,11.8,15.63,9.296,11.299,13.299,16.301,10.047,12.047,14.049,17.049,10.967,12.967,14.97,17.973,11.633,13.636,15.636,18.638,8.882,13.463
16-Oct-14,8.855,12.049,9.712,11.049,12.211,10.301,11.63,8.707,10.71,13.712,9.959,9.299,11.301,14.304,11.797,15.627,9.293,11.296,13.296,16.299,10.044,12.044,14.047,17.047,10.964,12.964,14.967,17.97,11.63,13.633,15.633,18.636,8.879,13.46
17-Oct-14,8.865,12.047,9.71,11.047,12.208,10.299,11.627,8.704,10.707,13.71,9.956,9.296,11.299,14.301,11.795,15.625,9.29,11.293,13.293,16.296,10.041,12.041,14.044,17.044,10.962,12.962,14.964,17.967,11.627,13.63,15.63,18.633,8.877,13.458
18-Oct-14,8.865,12.044,9.707,11.044,12.205,10.296,11.625,8.701,10.704,13.707,9.953,9.293,11.296,14.299,11.792,15.622,9.288,11.29,13.29,16.293,10.038,12.038,14.041,17.041,10.959,12.959,14.962,17.964,11.625,13.627,15.627,18.63,8.874,13.455
19-Oct-14,8.865,12.041,9.704,11.041,12.203,10.293,11.622,8.699,10.701,13.704,9.951,9.29,11.293,14.296,11.789,15.619,9.285,11.288,13.288,16.29,10.036,12.036,14.038,17.038,10.956,12.956,14.959,17.962,11.622,13.625,15.625,18.627,8.871,13.452
20-Oct-14,8.825,12.038,9.701,11.038,12.2,10.29,11.619,8.696,10.699,13.701,9.948,9.288,11.29,14.293,11.786,15.616,9.282,11.285,13.285,16.288,10.033,12.033,14.036,17.036,10.953,12.953,14.956,17.959,11.619,13.622,15.622,18.625,8.868,13.449
21-Oct-14,8.76,12.036,9.699,11.036,12.197,10.288,11.616,8.693,10.696,13.699,9.945,9.285,11.288,14.29,11.784,15.614,9.279,11.282,13.282,16.285,10.03,12.03,14.033,17.033,10.951,12.951,14.953,17.956,11.616,13.619,15.619,18.622,8.866,13.447
22-Oct-14,8.655,12.033,9.696,11.033,12.195,10.285,11.614,8.69,10.693,13.696,9.942,9.282,11.285,14.288,11.781,15.611,9.277,11.279,13.279,16.282,10.027,12.027,14.03,17.03,10.948,12.948,14.951,17.953,11.614,13.616,15.616,18.619,8.863,13.444
23-Oct-14,8.665,12.03,9.693,11.03,12.192,10.282,11.611,8.688,10.69,13.693,9.94,9.279,11.282,14.285,11.778,15.608,9.274,11.277,13.277,16.279,10.025,12.025,14.027,17.027,10.945,12.945,14.948,17.951,11.611,13.614,15.614,18.616,8.86,13.441
24-Oct-14,8.66,12.027,9.69,11.027,12.189,10.279,11.608,8.685,10.688,13.69,9.937,9.277,11.279,14.282,11.775,15.605,9.271,11.274,13.274,16.277,10.022,12.022,14.025,17.025,10.942,12.942,14.945,17.948,11.608,13.611,15.611,18.614,8.858,13.438
25-Oct-14,8.66,12.025,9.688,11.025,12.186,10.277,11.605,8.682,10.685,13.688,9.934,9.274,11.277,14.279,11.773,15.603,9.268,11.271,13.271,16.274,10.019,12.019,14.022,17.022,10.94,12.94,14.942,17.945,11.605,13.608,15.608,18.611,8.855,13.436
26-Oct-14,8.66,12.022,9.685,11.022,12.184,10.274,11.603,8.679,10.682,13.685,9.932,9.271,11.274,14.277,11.77,15.6,9.266,11.268,13.268,16.271,10.016,12.016,14.019,17.019,10.937,12.937,14.94,17.942,11.603,13.605,15.605,18.608,8.852,13.433
27-Oct-14,8.69,12.019,9.682,11.019,12.181,10.271,11.6,8.677,10.679,13.682,9.929,9.268,11.271,14.274,11.767,15.597,9.263,11.266,13.266,16.268,10.014,12.014,14.016,17.016,10.934,12.934,14.937,17.94,11.6,13.603,15.603,18.605,8.849,13.43
28-Oct-14,8.665,12.016,9.679,11.016,12.178,10.268,11.597,8.674,10.677,13.679,9.926,9.266,11.268,14.271,11.764,15.595,9.26,11.263,13.263,16.266,10.011,12.011,14.014,17.014,10.932,12.932,14.934,17.937,11.597,13.6,15.6,18.603,8.847,13.427
29-Oct-14,8.645,12.014,9.677,11.014,12.175,10.266,11.595,8.671,10.674,13.677,9.923,9.263,11.266,14.268,11.762,15.592,9.258,11.26,13.26,16.263,10.008,12.008,14.011,17.011,10.929,12.929,14.932,17.934,11.595,13.597,15.597,18.6,8.844,13.425
30-Oct-14,8.66,12.011,9.674,11.011,12.173,10.263,11.592,8.668,10.671,13.674,9.921,9.26,11.263,14.266,11.759,15.589,9.255,11.258,13.258,16.26,10.005,12.005,14.008,17.008,10.926,12.926,14.929,17.932,11.592,13.595,15.595,18.597,8.841,13.422
31-Oct-14,8.64,12.008,9.671,11.008,12.17,10.26,11.589,8.666,10.668,13.671,9.918,9.258,11.26,14.263,11.756,15.586,9.252,11.255,13.255,16.258,10.003,12.003,14.005,17.005,10.923,12.923,14.926,17.929,11.589,13.592,15.592,18.595,8.838,13.419
1-Nov-14,8.64,12.005,9.668,11.005,12.167,10.258,11.586,8.663,10.666,13.668,9.915,9.255,11.258,14.26,11.753,15.584,9.249,11.252,13.252,16.255,10,12,14.003,17.003,10.921,12.921,14.923,17.926,11.586,13.589,15.589,18.592,8.836,13.416
2-Nov-14,8.64,12.003,9.666,11.003,12.164,10.255,11.584,8.66,10.663,13.666,9.912,9.252,11.255,14.258,11.751,15.581,9.247,11.249,13.249,16.252,9.997,11.997,14,17,10.918,12.918,14.921,17.923,11.584,13.586,15.586,18.589,8.833,13.414
3-Nov-14,8.685,12,9.663,11,12.162,10.252,11.581,8.658,10.66,13.663,9.91,9.249,11.252,14.255,11.748,15.578,9.244,11.247,13.247,16.249,9.995,11.995,13.997,16.997,10.915,12.915,14.918,17.921,11.581,13.584,15.584,18.586,8.83,13.411
4-Nov-14,8.725,11.997,9.66,10.997,12.159,10.249,11.578,8.655,10.658,13.66,9.907,9.247,11.249,14.252,11.745,15.575,9.241,11.244,13.244,16.247,9.992,11.992,13.995,16.995,10.912,12.912,14.915,17.918,11.578,13.581,15.581,18.584,8.827,13.408
5-Nov-14,8.785,11.995,9.658,10.995,12.156,10.247,11.575,8.652,10.655,13.658,9.904,9.244,11.247,14.249,11.742,15.573,9.238,11.241,13.241,16.244,9.989,11.989,13.992,16.992,10.91,12.91,14.912,17.915,11.575,13.578,15.578,18.581,8.825,13.405
6-Nov-14,8.71,11.992,9.655,10.992,12.153,10.244,11.573,8.649,10.652,13.655,9.901,9.241,11.244,14.247,11.74,15.57,9.236,11.238,13.238,16.241,9.986,11.986,13.989,16.989,10.907,12.907,14.91,17.912,11.573,13.575,15.575,18.578,8.822,13.403
7-Nov-14,8.805,11.989,9.652,10.989,12.151,10.241,11.57,8.647,10.649,13.652,9.899,9.238,11.241,14.244,11.737,15.567,9.233,11.236,13.236,16.238,9.984,11.984,13.986,16.986,10.904,12.904,14.907,17.91,11.57,13.573,15.573,18.575,8.819,13.4
8-Nov-14,8.805,11.986,9.649,10.986,12.148,10.238,11.567,8.644,10.647,13.649,9.896,9.236,11.238,14.241,11.734,15.564,9.23,11.233,13.233,16.236,9.981,11.981,13.984,16.984,10.901,12.901,14.904,17.907,11.567,13.57,15.57,18.573,8.816,13.397
9-Nov-14,8.805,11.984,9.647,10.984,12.145,10.236,11.564,8.641,10.644,13.647,9.893,9.233,11.236,14.238,11.732,15.562,9.227,11.23,13.23,16.233,9.978,11.978,13.981,16.981,10.899,12.899,14.901,17.904,11.564,13.567,15.567,18.57,8.814,13.395
10-Nov-14,8.705,11.981,9.644,10.981,12.142,10.233,11.562,8.638,10.641,13.644,9.89,9.23,11.233,14.236,11.729,15.559,9.225,11.227,13.227,16.23,9.975,11.975,13.978,16.978,10.896,12.896,14.899,17.901,11.562,13.564,15.564,18.567,8.811,13.392
11-Nov-14,8.715,11.978,9.641,10.978,12.14,10.23,11.559,8.636,10.638,13.641,9.888,9.227,11.23,14.233,11.726,15.556,9.222,11.225,13.225,16.227,9.973,11.973,13.975,16.975,10.893,12.893,14.896,17.899,11.559,13.562,15.562,18.564,8.808,13.389
12-Nov-14,8.605,11.975,9.638,10.975,12.137,10.227,11.556,8.633,10.636,13.638,9.885,9.225,11.227,14.23,11.723,15.553,9.219,11.222,13.222,16.225,9.97,11.97,13.973,16.973,10.89,12.89,14.893,17.896,11.556,13.559,15.559,18.562,8.805,13.386
13-Nov-14,8.675,11.973,9.636,10.973,12.134,10.225,11.553,8.63,10.633,13.636,9.882,9.222,11.225,14.227,11.721,15.551,9.216,11.219,13.219,16.222,9.967,11.967,13.97,16.97,10.888,12.888,14.89,17.893,11.553,13.556,15.556,18.559,8.803,13.384
14-Nov-14,8.635,11.97,9.633,10.97,12.132,10.222,11.551,8.627,10.63,13.633,9.879,9.219,11.222,14.225,11.718,15.548,9.214,11.216,13.216,16.219,9.964,11.964,13.967,16.967,10.885,12.885,14.888,17.89,11.551,13.553,15.553,18.556,8.8,13.381
15-Nov-14,8.635,11.967,9.63,10.967,12.129,10.219,11.548,8.625,10.627,13.63,9.877,9.216,11.219,14.222,11.715,15.545,9.211,11.214,13.214,16.216,9.962,11.962,13.964,16.964,10.882,12.882,14.885,17.888,11.548,13.551,15.551,18.553,8.797,13.378
16-Nov-14,8.635,11.964,9.627,10.964,12.126,10.216,11.545,8.622,10.625,13.627,9.874,9.214,11.216,14.219,11.712,15.542,9.208,11.211,13.211,16.214,9.959,11.959,13.962,16.962,10.879,12.879,14.882,17.885,11.545,13.548,15.548,18.551,8.795,13.375
17-Nov-14,8.6,11.962,9.625,10.962,12.123,10.214,11.542,8.619,10.622,13.625,9.871,9.211,11.214,14.216,11.71,15.54,9.205,11.208,13.208,16.211,9.956,11.956,13.959,16.959,10.877,12.877,14.879,17.882,11.542,13.545,15.545,18.548,8.792,13.373
18-Nov-14,8.57,11.959,9.622,10.959,12.121,10.211,11.54,8.616,10.619,13.622,9.868,9.208,11.211,14.214,11.707,15.537,9.203,11.205,13.205,16.208,9.953,11.953,13.956,16.956,10.874,12.874,14.877,17.879,11.54,13.542,15.542,18.545,8.789,13.37
19-Nov-14,8.565,11.956,9.619,10.956,12.118,10.208,11.537,8.614,10.616,13.619,9.866,9.205,11.208,14.211,11.704,15.534,9.2,11.203,13.203,16.205,9.951,11.951,13.953,16.953,10.871,12.871,14.874,17.877,11.537,13.54,15.54,18.542,8.786,13.367
20-Nov-14,8.515,11.953,9.616,10.953,12.115,10.205,11.534,8.611,10.614,13.616,9.863,9.203,11.205,14.208,11.701,15.532,9.197,11.2,13.2,16.203,9.948,11.948,13.951,16.951,10.868,12.868,14.871,17.874,11.534,13.537,15.537,18.54,8.784,13.364
21-Nov-14,8.475,11.951,9.614,10.951,12.112,10.203,11.532,8.608,10.611,13.614,9.86,9.2,11.203,14.205,11.699,15.529,9.195,11.197,13.197,16.2,9.945,11.945,13.948,16.948,10.866,12.866,14.868,17.871,11.532,13.534,15.534,18.537,8.781,13.362
22-Nov-14,8.475,11.948,9.611,10.948,12.11,10.2,11.529,8.605,10.608,13.611,9.858,9.197,11.2,14.203,11.696,15.526,9.192,11.195,13.195,16.197,9.942,11.942,13.945,16.945,10.863,12.863,14.866,17.868,11.529,13.532,15.532,18.534,8.778,13.359
23-Nov-14,8.475,11.945,9.608,10.945,12.107,10.197,11.526,8.603,10.605,13.608,9.855,9.195,11.197,14.2,11.693,15.523,9.189,11.192,13.192,16.195,9.94,11.94,13.942,16.942,10.86,12.86,14.863,17.866,11.526,13.529,15.529,18.532,8.775,13.356
24-Nov-14,8.49,11.942,9.605,10.942,12.104,10.195,11.523,8.6,10.603,13.605,9.852,9.192,11.195,14.197,11.69,15.521,9.186,11.189,13.189,16.192,9.937,11.937,13.94,16.94,10.858,12.858,14.86,17.863,11.523,13.526,15.526,18.529,8.773,13.353
25-Nov-14,8.535,11.94,9.603,10.94,12.101,10.192,11.521,8.597,10.6,13.603,9.849,9.189,11.192,14.195,11.688,15.518,9.184,11.186,13.186,16.189,9.934,11.934,13.937,16.937,10.855,12.855,14.858,17.86,11.521,13.523,15.523,18.526,8.77,13.351
26-Nov-14,8.445,11.937,9.6,10.937,12.099,10.189,11.518,8.595,10.597,13.6,9.847,9.186,11.189,14.192,11.685,15.515,9.181,11.184,13.184,16.186,9.932,11.932,13.934,16.934,10.852,12.852,14.855,17.858,11.518,13.521,15.521,18.523,8.767,13.348
27-Nov-14,8.445,11.934,9.597,10.934,12.096,10.186,11.515,8.592,10.595,13.597,9.844,9.184,11.186,14.189,11.682,15.512,9.178,11.181,13.181,16.184,9.929,11.929,13.932,16.932,10.849,12.849,14.852,17.855,11.515,13.518,15.518,18.521,8.764,13.345
28-Nov-14,8.36,11.932,9.595,10.932,12.093,10.184,11.512,8.589,10.592,13.595,9.841,9.181,11.184,14.186,11.679,15.51,9.175,11.178,13.178,16.181,9.926,11.926,13.929,16.929,10.847,12.847,14.849,17.852,11.512,13.515,15.515,18.518,8.762,13.342
29-Nov-14,8.36,11.929,9.592,10.929,12.09,10.181,11.51,8.586,10.589,13.592,9.838,9.178,11.181,14.184,11.677,15.507,9.173,11.175,13.175,16.178,9.923,11.923,13.926,16.926,10.844,12.844,14.847,17.849,11.51,13.512,15.512,18.515,8.759,13.34
30-Nov-14,8.36,11.926,9.589,10.926,12.088,10.178,11.507,8.584,10.586,13.589,9.836,9.175,11.178,14.181,11.674,15.504,9.17,11.173,13.173,16.175,9.921,11.921,13.923,16.923,10.841,12.841,14.844,17.847,11.507,13.51,15.51,18.512,8.756,13.337
1-Dec-14,8.325,11.923,9.586,10.923,12.085,10.175,11.504,8.581,10.584,13.586,9.833,9.173,11.175,14.178,11.671,15.501,9.167,11.17,13.17,16.173,9.918,11.918,13.921,16.921,10.838,12.838,14.841,17.844,11.504,13.507,15.507,18.51,8.753,13.334
2-Dec-14,8.415,11.921,9.584,10.921,12.082,10.173,11.501,8.578,10.581,13.584,9.83,9.17,11.173,14.175,11.668,15.499,9.164,11.167,13.167,16.17,9.915,11.915,13.918,16.918,10.836,12.836,14.838,17.841,11.501,13.504,15.504,18.507,8.751,13.332
3-Dec-14,8.49,11.918,9.581,10.918,12.079,10.17,11.499,8.575,10.578,13.581,9.827,9.167,11.17,14.173,11.666,15.496,9.162,11.164,13.164,16.167,9.912,11.912,13.915,16.915,10.833,12.833,14.836,17.838,11.499,13.501,15.501,18.504,8.748,13.329
4-Dec-14,8.475,11.915,9.578,10.915,12.077,10.167,11.496,8.573,10.575,13.578,9.825,9.164,11.167,14.17,11.663,15.493,9.159,11.162,13.162,16.164,9.91,11.91,13.912,16.912,10.83,12.83,14.833,17.836,11.496,13.499,15.499,18.501,8.745,13.326
5-Dec-14,8.515,11.912,9.575,10.912,12.074,10.164,11.493,8.57,10.573,13.575,9.822,9.162,11.164,14.167,11.66,15.49,9.156,11.159,13.159,16.162,9.907,11.907,13.91,16.91,10.827,12.827,14.83,17.833,11.493,13.496,15.496,18.499,8.742,13.323
6-Dec-14,8.515,11.91,9.573,10.91,12.071,10.162,11.49,8.567,10.57,13.573,9.819,9.159,11.162,14.164,11.658,15.488,9.153,11.156,13.156,16.159,9.904,11.904,13.907,16.907,10.825,12.825,14.827,17.83,11.49,13.493,15.493,18.496,8.74,13.321
7-Dec-14,8.515,11.907,9.57,10.907,12.068,10.159,11.488,8.564,10.567,13.57,9.816,9.156,11.159,14.162,11.655,15.485,9.151,11.153,13.153,16.156,9.901,11.901,13.904,16.904,10.822,12.822,14.825,17.827,11.488,13.49,15.49,18.493,8.737,13.318
8-Dec-14,8.545,11.904,9.567,10.904,12.066,10.156,11.485,8.562,10.564,13.567,9.814,9.153,11.156,14.159,11.652,15.482,9.148,11.151,13.151,16.153,9.899,11.899,13.901,16.901,10.819,12.819,14.822,17.825,11.485,13.488,15.488,18.49,8.734,13.315
9-Dec-14,8.585,11.901,9.564,10.901,12.063,10.153,11.482,8.559,10.562,13.564,9.811,9.151,11.153,14.156,11.649,15.479,9.145,11.148,13.148,16.151,9.896,11.896,13.899,16.899,10.816,12.816,14.819,17.822,11.482,13.485,15.485,18.488,8.732,13.312
10-Dec-14,8.7,11.899,9.562,10.899,12.06,10.151,11.479,8.556,10.559,13.562,9.808,9.148,11.151,14.153,11.647,15.477,9.142,11.145,13.145,16.148,9.893,11.893,13.896,16.896,10.814,12.814,14.816,17.819,11.479,13.482,15.482,18.485,8.729,13.31
11-Dec-14,8.67,11.896,9.559,10.896,12.058,10.148,11.477,8.553,10.556,13.559,9.805,9.145,11.148,14.151,11.644,15.474,9.14,11.142,13.142,16.145,9.89,11.89,13.893,16.893,10.811,12.811,14.814,17.816,11.477,13.479,15.479,18.482,8.726,13.307
12-Dec-14,8.725,11.893,9.556,10.893,12.055,10.145,11.474,8.551,10.553,13.556,9.803,9.142,11.145,14.148,11.641,15.471,9.137,11.14,13.14,16.142,9.888,11.888,13.89,16.89,10.808,12.808,14.811,17.814,11.474,13.477,15.477,18.479,8.723,13.304
13-Dec-14,8.725,11.89,9.553,10.89,12.052,10.142,11.471,8.548,10.551,13.553,9.8,9.14,11.142,14.145,11.638,15.468,9.134,11.137,13.137,16.14,9.885,11.885,13.888,16.888,10.805,12.805,14.808,17.811,11.471,13.474,15.474,18.477,8.721,13.301
14-Dec-14,8.725,11.888,9.551,10.888,12.049,10.14,11.468,8.545,10.548,13.551,9.797,9.137,11.14,14.142,11.636,15.466,9.132,11.134,13.134,16.137,9.882,11.882,13.885,16.885,10.803,12.803,14.805,17.808,11.468,13.471,15.471,18.474,8.718,13.299
15-Dec-14,8.73,11.885,9.548,10.885,12.047,10.137,11.466,8.542,10.545,13.548,9.795,9.134,11.137,14.14,11.633,15.463,9.129,11.132,13.132,16.134,9.879,11.879,13.882,16.882,10.8,12.8,14.803,17.805,11.466,13.468,15.468,18.471,8.715,13.296
16-Dec-14,8.73,11.882,9.545,10.882,12.044,10.134,11.463,8.54,10.542,13.545,9.792,9.132,11.134,14.137,11.63,15.46,9.126,11.129,13.129,16.132,9.877,11.877,13.879,16.879,10.797,12.797,14.8,17.803,11.463,13.466,15.466,18.468,8.712,13.293
17-Dec-14,8.86,11.879,9.542,10.879,12.041,10.132,11.46,8.537,10.54,13.542,9.789,9.129,11.132,14.134,11.627,15.458,9.123,11.126,13.126,16.129,9.874,11.874,13.877,16.877,10.795,12.795,14.797,17.8,11.46,13.463,15.463,18.466,8.71,13.29
18-Dec-14,8.98,11.877,9.54,10.877,12.038,10.129,11.458,8.534,10.537,13.54,9.786,9.126,11.129,14.132,11.625,15.455,9.121,11.123,13.123,16.126,9.871,11.871,13.874,16.874,10.792,12.792,14.795,17.797,11.458,13.46,15.46,18.463,8.707,13.288
19-Dec-14,9.005,11.874,9.537,10.874,12.036,10.126,11.455,8.532,10.534,13.537,9.784,9.123,11.126,14.129,11.622,15.452,9.118,11.121,13.121,16.123,9.868,11.868,13.871,16.871,10.789,12.789,14.792,17.795,11.455,13.458,15.458,18.46,8.704,13.285
20-Dec-14,9.005,11.871,9.534,10.871,12.033,10.123,11.452,8.529,10.532,13.534,9.781,9.121,11.123,14.126,11.619,15.449,9.115,11.118,13.118,16.121,9.866,11.866,13.868,16.868,10.786,12.786,14.789,17.792,11.452,13.455,15.455,18.458,8.701,13.282
21-Dec-14,9.005,11.868,9.532,10.868,12.03,10.121,11.449,8.526,10.529,13.532,9.778,9.118,11.121,14.123,11.616,15.447,9.112,11.115,13.115,16.118,9.863,11.863,13.866,16.866,10.784,12.784,14.786,17.789,11.449,13.452,15.452,18.455,8.699,13.279
22-Dec-14,9,11.866,9.529,10.866,12.027,10.118,11.447,8.523,10.526,13.529,9.775,9.115,11.118,14.121,11.614,15.444,9.11,11.112,13.112,16.115,9.86,11.86,13.863,16.863,10.781,12.781,14.784,17.786,11.447,13.449,15.449,18.452,8.696,13.277
23-Dec-14,9,11.863,9.526,10.863,12.025,10.115,11.444,8.521,10.523,13.526,9.773,9.112,11.115,14.118,11.611,15.441,9.107,11.11,13.11,16.112,9.858,11.858,13.86,16.86,10.778,12.778,14.781,17.784,11.444,13.447,15.447,18.449,8.693,13.274
24-Dec-14,9.065,11.86,9.523,10.86,12.022,10.112,11.441,8.518,10.521,13.523,9.77,9.11,11.112,14.115,11.608,15.438,9.104,11.107,13.107,16.11,9.855,11.855,13.858,16.858,10.775,12.775,14.778,17.781,11.441,13.444,15.444,18.447,8.69,13.271
25-Dec-14,9.065,11.858,9.521,10.858,12.019,10.11,11.438,8.515,10.518,13.521,9.767,9.107,11.11,14.112,11.605,15.436,9.101,11.104,13.104,16.107,9.852,11.852,13.855,16.855,10.773,12.773,14.775,17.778,11.438,13.441,15.441,18.444,8.688,13.268
26-Dec-14,9.065,11.855,9.518,10.855,12.016,10.107,11.436,8.512,10.515,13.518,9.764,9.104,11.107,14.11,11.603,15.433,9.099,11.101,13.101,16.104,9.849,11.849,13.852,16.852,10.77,12.77,14.773,17.775,11.436,13.438,15.438,18.441,8.685,13.266
27-Dec-14,9.065,11.852,9.515,10.852,12.014,10.104,11.433,8.51,10.512,13.515,9.762,9.101,11.104,14.107,11.6,15.43,9.096,11.099,13.099,16.101,9.847,11.847,13.849,16.849,10.767,12.767,14.77,17.773,11.433,13.436,15.436,18.438,8.682,13.263
28-Dec-14,9.065,11.849,9.512,10.849,12.011,10.101,11.43,8.507,10.51,13.512,9.759,9.099,11.101,14.104,11.597,15.427,9.093,11.096,13.096,16.099,9.844,11.844,13.847,16.847,10.764,12.764,14.767,17.77,11.43,13.433,15.433,18.436,8.679,13.26
29-Dec-14,9.035,11.847,9.51,10.847,12.008,10.099,11.427,8.504,10.507,13.51,9.756,9.096,11.099,14.101,11.595,15.425,9.09,11.093,13.093,16.096,9.841,11.841,13.844,16.844,10.762,12.762,14.764,17.767,11.427,13.43,15.43,18.433,8.677,13.258
30-Dec-14,9.015,11.844,9.507,10.844,12.005,10.096,11.425,8.501,10.504,13.507,9.753,9.093,11.096,14.099,11.592,15.422,9.088,11.09,13.09,16.093,9.838,11.838,13.841,16.841,10.759,12.759,14.762,17.764,11.425,13.427,15.427,18.43,8.674,13.255
31-Dec-14,8.96,11.841,9.504,10.841,12.003,10.093,11.422,8.499,10.501,13.504,9.751,9.09,11.093,14.096,11.589,15.419,9.085,11.088,13.088,16.09,9.836,11.836,13.838,16.838,10.756,12.756,14.759,17.762,11.422,13.425,15.425,18.427,8.671,13.252
1-Jan-15,8.96,11.838,9.501,10.838,12,10.09,11.419,8.496,10.499,13.501,9.748,9.088,11.09,14.093,11.586,15.416,9.082,11.085,13.085,16.088,9.833,11.833,13.836,16.836,10.753,12.753,14.756,17.759,11.419,13.422,15.422,18.425,8.668,13.249
2-Jan-15,8.99,11.836,9.499,10.836,11.997,10.088,11.416,8.493,10.496,13.499,9.745,9.085,11.088,14.09,11.584,15.414,9.079,11.082,13.082,16.085,9.83,11.83,13.833,16.833,10.751,12.751,14.753,17.756,11.416,13.419,15.419,18.422,8.666,13.247
3-Jan-15,8.99,11.833,9.496,10.833,11.995,10.085,11.414,8.49,10.493,13.496,9.742,9.082,11.085,14.088,11.581,15.411,9.077,11.079,13.079,16.082,9.827,11.827,13.83,16.83,10.748,12.748,14.751,17.753,11.414,13.416,15.416,18.419,8.663,13.244
4-Jan-15,8.99,11.83,9.493,10.83,11.992,10.082,11.411,8.488,10.49,13.493,9.74,9.079,11.082,14.085,11.578,15.408,9.074,11.077,13.077,16.079,9.825,11.825,13.827,16.827,10.745,12.745,14.748,17.751,11.411,13.414,15.414,18.416,8.66,13.241
5-Jan-15,8.935,11.827,9.49,10.827,11.989,10.079,11.408,8.485,10.488,13.49,9.737,9.077,11.079,14.082,11.575,15.405,9.071,11.074,13.074,16.077,9.822,11.822,13.825,16.825,10.742,12.742,14.745,17.748,11.408,13.411,15.411,18.414,8.658,13.238
6-Jan-15,8.79,11.825,9.488,10.825,11.986,10.077,11.405,8.482,10.485,13.488,9.734,9.074,11.077,14.079,11.573,15.403,9.068,11.071,13.071,16.074,9.819,11.819,13.822,16.822,10.74,12.74,14.742,17.745,11.405,13.408,15.408,18.411,8.655,13.236
7-Jan-15,8.715,11.822,9.485,10.822,11.984,10.074,11.403,8.479,10.482,13.485,9.732,9.071,11.074,14.077,11.57,15.4,9.066,11.068,13.068,16.071,9.816,11.816,13.819,16.819,10.737,12.737,14.74,17.742,11.403,13.405,15.405,18.408,8.652,13.233
8-Jan-15,8.645,11.819,9.482,10.819,11.981,10.071,11.4,8.477,10.479,13.482,9.729,9.068,11.071,14.074,11.567,15.397,9.063,11.066,13.066,16.068,9.814,11.814,13.816,16.816,10.734,12.734,14.737,17.74,11.4,13.403,15.403,18.405,8.649,13.23
9-Jan-15,8.65,11.816,9.479,10.816,11.978,10.068,11.397,8.474,10.477,13.479,9.726,9.066,11.068,14.071,11.564,15.395,9.06,11.063,13.063,16.066,9.811,11.811,13.814,16.814,10.732,12.732,14.734,17.737,11.397,13.4,15.4,18.403,8.647,13.227
10-Jan-15,8.65,11.814,9.477,10.814,11.975,10.066,11.395,8.471,10.474,13.477,9.723,9.063,11.066,14.068,11.562,15.392,9.058,11.06,13.06,16.063,9.808,11.808,13.811,16.811,10.729,12.729,14.732,17.734,11.395,13.397,15.397,18.4,8.644,13.225
11-Jan-15,8.65,11.811,9.474,10.811,11.973,10.063,11.392,8.468,10.471,13.474,9.721,9.06,11.063,14.066,11.559,15.389,9.055,11.058,13.058,16.06,9.805,11.805,13.808,16.808,10.726,12.726,14.729,17.732,11.392,13.395,15.395,18.397,8.641,13.222
12-Jan-15,8.585,11.808,9.471,10.808,11.97,10.06,11.389,8.466,10.468,13.471,9.718,9.058,11.06,14.063,11.556,15.386,9.052,11.055,13.055,16.058,9.803,11.803,13.805,16.805,10.723,12.723,14.726,17.729,11.389,13.392,15.392,18.395,8.638,13.219
13-Jan-15,8.59,11.805,9.468,10.805,11.967,10.058,11.386,8.463,10.466,13.468,9.715,9.055,11.058,14.06,11.553,15.384,9.049,11.052,13.052,16.055,9.8,11.8,13.803,16.803,10.721,12.721,14.723,17.726,11.386,13.389,15.389,18.392,8.636,13.216
14-Jan-15,8.48,11.803,9.466,10.803,11.964,10.055,11.384,8.46,10.463,13.466,9.712,9.052,11.055,14.058,11.551,15.381,9.047,11.049,13.049,16.052,9.797,11.797,13.8,16.8,10.718,12.718,14.721,17.723,11.384,13.386,15.386,18.389,8.633,13.214
15-Jan-15,8.48,11.8,9.463,10.8,11.962,10.052,11.381,8.458,10.46,13.463,9.71,9.049,11.052,14.055,11.548,15.378,9.044,11.047,13.047,16.049,9.795,11.795,13.797,16.797,10.715,12.715,14.718,17.721,11.381,13.384,15.384,18.386,8.63,13.211
16-Jan-15,8.355,11.797,9.46,10.797,11.959,10.049,11.378,8.455,10.458,13.46,9.707,9.047,11.049,14.052,11.545,15.375,9.041,11.044,13.044,16.047,9.792,11.792,13.795,16.795,10.712,12.712,14.715,17.718,11.378,13.381,15.381,18.384,8.627,13.208
17-Jan-15,8.355,11.795,9.458,10.795,11.956,10.047,11.375,8.452,10.455,13.458,9.704,9.044,11.047,14.049,11.542,15.373,9.038,11.041,13.041,16.044,9.789,11.789,13.792,16.792,10.71,12.71,14.712,17.715,11.375,13.378,15.378,18.381,8.625,13.205
18-Jan-15,8.355,11.792,9.455,10.792,11.953,10.044,11.373,8.449,10.452,13.455,9.701,9.041,11.044,14.047,11.54,15.37,9.036,11.038,13.038,16.041,9.786,11.786,13.789,16.789,10.707,12.707,14.71,17.712,11.373,13.375,15.375,18.378,8.622,13.203
19-Jan-15,8.425,11.789,9.452,10.789,11.951,10.041,11.37,8.447,10.449,13.452,9.699,9.038,11.041,14.044,11.537,15.367,9.033,11.036,13.036,16.038,9.784,11.784,13.786,16.786,10.704,12.704,14.707,17.71,11.37,13.373,15.373,18.375,8.619,13.2
20-Jan-15,8.38,11.786,9.449,10.786,11.948,10.038,11.367,8.444,10.447,13.449,9.696,9.036,11.038,14.041,11.534,15.364,9.03,11.033,13.033,16.036,9.781,11.781,13.784,16.784,10.701,12.701,14.704,17.707,11.367,13.37,15.37,18.373,8.616,13.197
21-Jan-15,8.325,11.784,9.447,10.784,11.945,10.036,11.364,8.441,10.444,13.447,9.693,9.033,11.036,14.038,11.532,15.362,9.027,11.03,13.03,16.033,9.778,11.778,13.781,16.781,10.699,12.699,14.701,17.704,11.364,13.367,15.367,18.37,8.614,13.195
22-Jan-15,8.335,11.781,9.444,10.781,11.942,10.033,11.362,8.438,10.441,13.444,9.69,9.03,11.033,14.036,11.529,15.359,9.025,11.027,13.027,16.03,9.775,11.775,13.778,16.778,10.696,12.696,14.699,17.701,11.362,13.364,15.364,18.367,8.611,13.192
23-Jan-15,8.17,11.778,9.441,10.778,11.94,10.03,11.359,8.436,10.438,13.441,9.688,9.027,11.03,14.033,11.526,15.356,9.022,11.025,13.025,16.027,9.773,11.773,13.775,16.775,10.693,12.693,14.696,17.699,11.359,13.362,15.362,18.364,8.608,13.189
24-Jan-15,8.17,11.775,9.438,10.775,11.937,10.027,11.356,8.433,10.436,13.438,9.685,9.025,11.027,14.03,11.523,15.353,9.019,11.022,13.022,16.025,9.77,11.77,13.773,16.773,10.69,12.69,14.693,17.696,11.356,13.359,15.359,18.362,8.605,13.186
25-Jan-15,8.17,11.773,9.436,10.773,11.934,10.025,11.353,8.43,10.433,13.436,9.682,9.022,11.025,14.027,11.521,15.351,9.016,11.019,13.019,16.022,9.767,11.767,13.77,16.77,10.688,12.688,14.69,17.693,11.353,13.356,15.356,18.359,8.603,13.184
26-Jan-15,8.215,11.77,9.433,10.77,11.932,10.022,11.351,8.427,10.43,13.433,9.679,9.019,11.022,14.025,11.518,15.348,9.014,11.016,13.016,16.019,9.764,11.764,13.767,16.767,10.685,12.685,14.688,17.69,11.351,13.353,15.353,18.356,8.6,13.181
27-Jan-15,8.2,11.767,9.43,10.767,11.929,10.019,11.348,8.425,10.427,13.43,9.677,9.016,11.019,14.022,11.515,15.345,9.011,11.014,13.014,16.016,9.762,11.762,13.764,16.764,10.682,12.682,14.685,17.688,11.348,13.351,15.351,18.353,8.597,13.178
28-Jan-15,8.105,11.764,9.427,10.764,11.926,10.016,11.345,8.422,10.425,13.427,9.674,9.014,11.016,14.019,11.512,15.342,9.008,11.011,13.011,16.014,9.759,11.759,13.762,16.762,10.679,12.679,14.682,17.685,11.345,13.348,15.348,18.351,8.595,13.175
29-Jan-15,8.06,11.762,9.425,10.762,11.923,10.014,11.342,8.419,10.422,13.425,9.671,9.011,11.014,14.016,11.51,15.34,9.005,11.008,13.008,16.011,9.756,11.756,13.759,16.759,10.677,12.677,14.679,17.682,11.342,13.345,15.345,18.348,8.592,13.173
30-Jan-15,8.13,11.759,9.422,10.759,11.921,10.011,11.34,8.416,10.419,13.422,9.668,9.008,11.011,14.014,11.507,15.337,9.003,11.005,13.005,16.008,9.753,11.753,13.756,16.756,10.674,12.674,14.677,17.679,11.34,13.342,15.342,18.345,8.589,13.17
31-Jan-15,8.13,11.756,9.419,10.756,11.918,10.008,11.337,8.414,10.416,13.419,9.666,9.005,11.008,14.011,11.504,15.334,9,11.003,13.003,16.005,9.751,11.751,13.753,16.753,10.671,12.671,14.674,17.677,11.337,13.34,15.34,18.342,8.586,13.167
1-Feb-15,8.13,11.753,9.416,10.753,11.915,10.005,11.334,8.411,10.414,13.416,9.663,9.003,11.005,14.008,11.501,15.332,8.997,11,13,16.003,9.748,11.748,13.751,16.751,10.668,12.668,14.671,17.674,11.334,13.337,15.337,18.34,8.584,13.164
2-Feb-15,8.16,11.751,9.414,10.751,11.912,10.003,11.332,8.408,10.411,13.414,9.66,9,11.003,14.005,11.499,15.329,8.995,10.997,12.997,16,9.745,11.745,13.748,16.748,10.666,12.666,14.668,17.671,11.332,13.334,15.334,18.337,8.581,13.162
3-Feb-15,8.175,11.748,9.411,10.748,11.91,10,11.329,8.405,10.408,13.411,9.658,8.997,11,14.003,11.496,15.326,8.992,10.995,12.995,15.997,9.742,11.742,13.745,16.745,10.663,12.663,14.666,17.668,11.329,13.332,15.332,18.334,8.578,13.159
4-Feb-15,8.335,11.745,9.408,10.745,11.907,9.997,11.326,8.403,10.405,13.408,9.655,8.995,10.997,14,11.493,15.323,8.989,10.992,12.992,15.995,9.74,11.74,13.742,16.742,10.66,12.66,14.663,17.666,11.326,13.329,15.329,18.332,8.575,13.156
5-Feb-15,8.35,11.742,9.405,10.742,11.904,9.995,11.323,8.4,10.403,13.405,9.652,8.992,10.995,13.997,11.49,15.321,8.986,10.989,12.989,15.992,9.737,11.737,13.74,16.74,10.658,12.658,14.66,17.663,11.323,13.326,15.326,18.329,8.573,13.153
6-Feb-15,8.43,11.74,9.403,10.74,11.901,9.992,11.321,8.397,10.4,13.403,9.649,8.989,10.992,13.995,11.488,15.318,8.984,10.986,12.986,15.989,9.734,11.734,13.737,16.737,10.655,12.655,14.658,17.66,11.321,13.323,15.323,18.326,8.57,13.151
7-Feb-15,8.43,11.737,9.4,10.737,11.899,9.989,11.318,8.395,10.397,13.4,9.647,8.986,10.989,13.992,11.485,15.315,8.981,10.984,12.984,15.986,9.732,11.732,13.734,16.734,10.652,12.652,14.655,17.658,11.318,13.321,15.321,18.323,8.567,13.148
8-Feb-15,8.43,11.734,9.397,10.734,11.896,9.986,11.315,8.392,10.395,13.397,9.644,8.984,10.986,13.989,11.482,15.312,8.978,10.981,12.981,15.984,9.729,11.729,13.732,16.732,10.649,12.649,14.652,17.655,11.315,13.318,15.318,18.321,8.564,13.145
9-Feb-15,8.455,11.732,9.395,10.732,11.893,9.984,11.312,8.389,10.392,13.395,9.641,8.981,10.984,13.986,11.479,15.31,8.975,10.978,12.978,15.981,9.726,11.726,13.729,16.729,10.647,12.647,14.649,17.652,11.312,13.315,15.315,18.318,8.562,13.142
10-Feb-15,8.585,11.729,9.392,10.729,11.89,9.981,11.31,8.386,10.389,13.392,9.638,8.978,10.981,13.984,11.477,15.307,8.973,10.975,12.975,15.978,9.723,11.723,13.726,16.726,10.644,12.644,14.647,17.649,11.31,13.312,15.312,18.315,8.559,13.14
11-Feb-15,8.62,11.726,9.389,10.726,11.888,9.978,11.307,8.384,10.386,13.389,9.636,8.975,10.978,13.981,11.474,15.304,8.97,10.973,12.973,15.975,9.721,11.721,13.723,16.723,10.641,12.641,14.644,17.647,11.307,13.31,15.31,18.312,8.556,13.137
12-Feb-15,8.585,11.723,9.386,10.723,11.885,9.975,11.304,8.381,10.384,13.386,9.633,8.973,10.975,13.978,11.471,15.301,8.967,10.97,12.97,15.973,9.718,11.718,13.721,16.721,10.638,12.638,14.641,17.644,11.304,13.307,15.307,18.31,8.553,13.134
13-Feb-15,8.54,11.721,9.384,10.721,11.882,9.973,11.301,8.378,10.381,13.384,9.63,8.97,10.973,13.975,11.468,15.299,8.964,10.967,12.967,15.97,9.715,11.715,13.718,16.718,10.636,12.636,14.638,17.641,11.301,13.304,15.304,18.307,8.551,13.132
14-Feb-15,8.54,11.718,9.381,10.718,11.879,9.97,11.299,8.375,10.378,13.381,9.627,8.967,10.97,13.973,11.466,15.296,8.962,10.964,12.964,15.967,9.712,11.712,13.715,16.715,10.633,12.633,14.636,17.638,11.299,13.301,15.301,18.304,8.548,13.129
15-Feb-15,8.54,11.715,9.378,10.715,11.877,9.967,11.296,8.373,10.375,13.378,9.625,8.964,10.967,13.97,11.463,15.293,8.959,10.962,12.962,15.964,9.71,11.71,13.712,16.712,10.63,12.63,14.633,17.636,11.296,13.299,15.299,18.301,8.545,13.126
16-Feb-15,8.57,11.712,9.375,10.712,11.874,9.964,11.293,8.37,10.373,13.375,9.622,8.962,10.964,13.967,11.46,15.29,8.956,10.959,12.959,15.962,9.707,11.707,13.71,16.71,10.627,12.627,14.63,17.633,11.293,13.296,15.296,18.299,8.542,13.123
17-Feb-15,8.615,11.71,9.373,10.71,11.871,9.962,11.29,8.367,10.37,13.373,9.619,8.959,10.962,13.964,11.458,15.288,8.953,10.956,12.956,15.959,9.704,11.704,13.707,16.707,10.625,12.625,14.627,17.63,11.29,13.293,15.293,18.296,8.54,13.121
18-Feb-15,8.695,11.707,9.37,10.707,11.868,9.959,11.288,8.364,10.367,13.37,9.616,8.956,10.959,13.962,11.455,15.285,8.951,10.953,12.953,15.956,9.701,11.701,13.704,16.704,10.622,12.622,14.625,17.627,11.288,13.29,15.29,18.293,8.537,13.118
19-Feb-15,8.61,11.704,9.367,10.704,11.866,9.956,11.285,8.362,10.364,13.367,9.614,8.953,10.956,13.959,11.452,15.282,8.948,10.951,12.951,15.953,9.699,11.699,13.701,16.701,10.619,12.619,14.622,17.625,11.285,13.288,15.288,18.29,8.534,13.115
20-Feb-15,8.655,11.701,9.364,10.701,11.863,9.953,11.282,8.359,10.362,13.364,9.611,8.951,10.953,13.956,11.449,15.279,8.945,10.948,12.948,15.951,9.696,11.696,13.699,16.699,10.616,12.616,14.619,17.622,11.282,13.285,15.285,18.288,8.532,13.112
21-Feb-15,8.655,11.699,9.362,10.699,11.86,9.951,11.279,8.356,10.359,13.362,9.608,8.948,10.951,13.953,11.447,15.277,8.942,10.945,12.945,15.948,9.693,11.693,13.696,16.696,10.614,12.614,14.616,17.619,11.279,13.282,15.282,18.285,8.529,13.11
22-Feb-15,8.655,11.696,9.359,10.696,11.858,9.948,11.277,8.353,10.356,13.359,9.605,8.945,10.948,13.951,11.444,15.274,8.94,10.942,12.942,15.945,9.69,11.69,13.693,16.693,10.611,12.611,14.614,17.616,11.277,13.279,15.279,18.282,8.526,13.107
23-Feb-15,8.68,11.693,9.356,10.693,11.855,9.945,11.274,8.351,10.353,13.356,9.603,8.942,10.945,13.948,11.441,15.271,8.937,10.94,12.94,15.942,9.688,11.688,13.69,16.69,10.608,12.608,14.611,17.614,11.274,13.277,15.277,18.279,8.523,13.104
24-Feb-15,8.655,11.69,9.353,10.69,11.852,9.942,11.271,8.348,10.351,13.353,9.6,8.94,10.942,13.945,11.438,15.268,8.934,10.937,12.937,15.94,9.685,11.685,13.688,16.688,10.605,12.605,14.608,17.611,11.271,13.274,15.274,18.277,8.521,13.101
25-Feb-15,8.605,11.688,9.351,10.688,11.849,9.94,11.268,8.345,10.348,13.351,9.597,8.937,10.94,13.942,11.436,15.266,8.932,10.934,12.934,15.937,9.682,11.682,13.685,16.685,10.603,12.603,14.605,17.608,11.268,13.271,15.271,18.274,8.518,13.099
26-Feb-15,8.555,11.685,9.348,10.685,11.847,9.937,11.266,8.342,10.345,13.348,9.595,8.934,10.937,13.94,11.433,15.263,8.929,10.932,12.932,15.934,9.679,11.679,13.682,16.682,10.6,12.6,14.603,17.605,11.266,13.268,15.268,18.271,8.515,13.096
27-Feb-15,8.64,11.682,9.345,10.682,11.844,9.934,11.263,8.34,10.342,13.345,9.592,8.932,10.934,13.937,11.43,15.26,8.926,10.929,12.929,15.932,9.677,11.677,13.679,16.679,10.597,12.597,14.6,17.603,11.263,13.266,15.266,18.268,8.512,13.093
28-Feb-15,8.64,11.679,9.342,10.679,11.841,9.932,11.26,8.337,10.34,13.342,9.589,8.929,10.932,13.934,11.427,15.258,8.923,10.926,12.926,15.929,9.674,11.674,13.677,16.677,10.595,12.595,14.597,17.6,11.26,13.263,15.263,18.266,8.51,13.09
1-Mar-15,8.64,11.677,9.34,10.677,11.838,9.929,11.258,8.334,10.337,13.34,9.586,8.926,10.929,13.932,11.425,15.255,8.921,10.923,12.923,15.926,9.671,11.671,13.674,16.674,10.592,12.592,14.595,17.597,11.258,13.26,15.26,18.263,8.507,13.088
2-Mar-15,8.625,11.674,9.337,10.674,11.836,9.926,11.255,8.332,10.334,13.337,9.584,8.923,10.926,13.929,11.422,15.252,8.918,10.921,12.921,15.923,9.668,11.668,13.671,16.671,10.589,12.589,14.592,17.595,11.255,13.258,15.258,18.26,8.504,13.085
3-Mar-15,8.71,11.671,9.334,10.671,11.833,9.923,11.252,8.329,10.332,13.334,9.581,8.921,10.923,13.926,11.419,15.249,8.915,10.918,12.918,15.921,9.666,11.666,13.668,16.668,10.586,12.586,14.589,17.592,11.252,13.255,15.255,18.258,8.501,13.082
4-Mar-15,8.76,11.668,9.332,10.668,11.83,9.921,11.249,8.326,10.329,13.332,9.578,8.918,10.921,13.923,11.416,15.247,8.912,10.915,12.915,15.918,9.663,11.663,13.666,16.666,10.584,12.584,14.586,17.589,11.249,13.252,15.252,18.255,8.499,13.079
5-Mar-15,8.745,11.666,9.329,10.666,11.827,9.918,11.247,8.323,10.326,13.329,9.575,8.915,10.918,13.921,11.414,15.244,8.91,10.912,12.912,15.915,9.66,11.66,13.663,16.663,10.581,12.581,14.584,17.586,11.247,13.249,15.249,18.252,8.496,13.077
6-Mar-15,8.95,11.663,9.326,10.663,11.825,9.915,11.244,8.321,10.323,13.326,9.573,8.912,10.915,13.918,11.411,15.241,8.907,10.91,12.91,15.912,9.658,11.658,13.66,16.66,10.578,12.578,14.581,17.584,11.244,13.247,15.247,18.249,8.493,13.074
7-Mar-15,8.95,11.66,9.323,10.66,11.822,9.912,11.241,8.318,10.321,13.323,9.57,8.91,10.912,13.915,11.408,15.238,8.904,10.907,12.907,15.91,9.655,11.655,13.658,16.658,10.575,12.575,14.578,17.581,11.241,13.244,15.244,18.247,8.49,13.071
8-Mar-15,8.95,11.658,9.321,10.658,11.819,9.91,11.238,8.315,10.318,13.321,9.567,8.907,10.91,13.912,11.405,15.236,8.901,10.904,12.904,15.907,9.652,11.652,13.655,16.655,10.573,12.573,14.575,17.578,11.238,13.241,15.241,18.244,8.488,13.068
9-Mar-15,8.945,11.655,9.318,10.655,11.816,9.907,11.236,8.312,10.315,13.318,9.564,8.904,10.907,13.91,11.403,15.233,8.899,10.901,12.901,15.904,9.649,11.649,13.652,16.652,10.57,12.57,14.573,17.575,11.236,13.238,15.238,18.241,8.485,13.066
10-Mar-15,8.975,11.652,9.315,10.652,11.814,9.904,11.233,8.31,10.312,13.315,9.562,8.901,10.904,13.907,11.4,15.23,8.896,10.899,12.899,15.901,9.647,11.647,13.649,16.649,10.567,12.567,14.57,17.573,11.233,13.236,15.236,18.238,8.482,13.063
11-Mar-15,8.9,11.649,9.312,10.649,11.811,9.901,11.23,8.307,10.31,13.312,9.559,8.899,10.901,13.904,11.397,15.227,8.893,10.896,12.896,15.899,9.644,11.644,13.647,16.647,10.564,12.564,14.567,17.57,11.23,13.233,15.233,18.236,8.479,13.06
12-Mar-15,8.875,11.647,9.31,10.647,11.808,9.899,11.227,8.304,10.307,13.31,9.556,8.896,10.899,13.901,11.395,15.225,8.89,10.893,12.893,15.896,9.641,11.641,13.644,16.644,10.562,12.562,14.564,17.567,11.227,13.23,15.23,18.233,8.477,13.058
13-Mar-15,8.99,11.644,9.307,10.644,11.805,9.896,11.225,8.301,10.304,13.307,9.553,8.893,10.896,13.899,11.392,15.222,8.888,10.89,12.89,15.893,9.638,11.638,13.641,16.641,10.559,12.559,14.562,17.564,11.225,13.227,15.227,18.23,8.474,13.055
14-Mar-15,8.99,11.641,9.304,10.641,11.803,9.893,11.222,8.299,10.301,13.304,9.551,8.89,10.893,13.896,11.389,15.219,8.885,10.888,12.888,15.89,9.636,11.636,13.638,16.638,10.556,12.556,14.559,17.562,11.222,13.225,15.225,18.227,8.471,13.052
15-Mar-15,8.99,11.638,9.301,10.638,11.8,9.89,11.219,8.296,10.299,13.301,9.548,8.888,10.89,13.893,11.386,15.216,8.882,10.885,12.885,15.888,9.633,11.633,13.636,16.636,10.553,12.553,14.556,17.559,11.219,13.222,15.222,18.225,8.468,13.049
16-Mar-15,8.94,11.636,9.299,10.636,11.797,9.888,11.216,8.293,10.296,13.299,9.545,8.885,10.888,13.89,11.384,15.214,8.879,10.882,12.882,15.885,9.63,11.63,13.633,16.633,10.551,12.551,14.553,17.556,11.216,13.219,15.219,18.222,8.466,13.047
17-Mar-15,8.92,11.633,9.296,10.633,11.795,9.885,11.214,8.29,10.293,13.296,9.542,8.882,10.885,13.888,11.381,15.211,8.877,10.879,12.879,15.882,9.627,11.627,13.63,16.63,10.548,12.548,14.551,17.553,11.214,13.216,15.216,18.219,8.463,13.044
18-Mar-15,8.895,11.63,9.293,10.63,11.792,9.882,11.211,8.288,10.29,13.293,9.54,8.879,10.882,13.885,11.378,15.208,8.874,10.877,12.877,15.879,9.625,11.625,13.627,16.627,10.545,12.545,14.548,17.551,11.211,13.214,15.214,18.216,8.46,13.041
19-Mar-15,8.78,11.627,9.29,10.627,11.789,9.879,11.208,8.285,10.288,13.29,9.537,8.877,10.879,13.882,11.375,15.205,8.871,10.874,12.874,15.877,9.622,11.622,13.625,16.625,10.542,12.542,14.545,17.548,11.208,13.211,15.211,18.214,8.458,13.038
20-Mar-15,8.785,11.625,9.288,10.625,11.786,9.877,11.205,8.282,10.285,13.288,9.534,8.874,10.877,13.879,11.373,15.203,8.868,10.871,12.871,15.874,9.619,11.619,13.622,16.622,10.54,12.54,14.542,17.545,11.205,13.208,15.208,18.211,8.455,13.036
21-Mar-15,8.785,11.622,9.285,10.622,11.784,9.874,11.203,8.279,10.282,13.285,9.532,8.871,10.874,13.877,11.37,15.2,8.866,10.868,12.868,15.871,9.616,11.616,13.619,16.619,10.537,12.537,14.54,17.542,11.203,13.205,15.205,18.208,8.452,13.033
22-Mar-15,8.785,11.619,9.282,10.619,11.781,9.871,11.2,8.277,10.279,13.282,9.529,8.868,10.871,13.874,11.367,15.197,8.863,10.866,12.866,15.868,9.614,11.614,13.616,16.616,10.534,12.534,14.537,17.54,11.2,13.203,15.203,18.205,8.449,13.03
23-Mar-15,8.69,11.616,9.279,10.616,11.778,9.868,11.197,8.274,10.277,13.279,9.526,8.866,10.868,13.871,11.364,15.195,8.86,10.863,12.863,15.866,9.611,11.611,13.614,16.614,10.532,12.532,14.534,17.537,11.197,13.2,15.2,18.203,8.447,13.027
24-Mar-15,8.65,11.614,9.277,10.614,11.775,9.866,11.195,8.271,10.274,13.277,9.523,8.863,10.866,13.868,11.362,15.192,8.858,10.86,12.86,15.863,9.608,11.608,13.611,16.611,10.529,12.529,14.532,17.534,11.195,13.197,15.197,18.2,8.444,13.025
25-Mar-15,8.615,11.611,9.274,10.611,11.773,9.863,11.192,8.268,10.271,13.274,9.521,8.86,10.863,13.866,11.359,15.189,8.855,10.858,12.858,15.86,9.605,11.605,13.608,16.608,10.526,12.526,14.529,17.532,11.192,13.195,15.195,18.197,8.441,13.022
26-Mar-15,8.77,11.608,9.271,10.608,11.77,9.86,11.189,8.266,10.268,13.271,9.518,8.858,10.86,13.863,11.356,15.186,8.852,10.855,12.855,15.858,9.603,11.603,13.605,16.605,10.523,12.523,14.526,17.529,11.189,13.192,15.192,18.195,8.438,13.019
27-Mar-15,8.83,11.605,9.268,10.605,11.767,9.858,11.186,8.263,10.266,13.268,9.515,8.855,10.858,13.86,11.353,15.184,8.849,10.852,12.852,15.855,9.6,11.6,13.603,16.603,10.521,12.521,14.523,17.526,11.186,13.189,15.189,18.192,8.436,13.016
28-Mar-15,8.83,11.603,9.266,10.603,11.764,9.855,11.184,8.26,10.263,13.266,9.512,8.852,10.855,13.858,11.351,15.181,8.847,10.849,12.849,15.852,9.597,11.597,13.6,16.6,10.518,12.518,14.521,17.523,11.184,13.186,15.186,18.189,8.433,13.014
29-Mar-15,8.83,11.6,9.263,10.6,11.762,9.852,11.181,8.258,10.26,13.263,9.51,8.849,10.852,13.855,11.348,15.178,8.844,10.847,12.847,15.849,9.595,11.595,13.597,16.597,10.515,12.515,14.518,17.521,11.181,13.184,15.184,18.186,8.43,13.011
30-Mar-15,8.9,11.597,9.26,10.597,11.759,9.849,11.178,8.255,10.258,13.26,9.507,8.847,10.849,13.852,11.345,15.175,8.841,10.844,12.844,15.847,9.592,11.592,13.595,16.595,10.512,12.512,14.515,17.518,11.178,13.181,15.181,18.184,8.427,13.008
31-Mar-15,8.815,11.595,9.258,10.595,11.756,9.847,11.175,8.252,10.255,13.258,9.504,8.844,10.847,13.849,11.342,15.173,8.838,10.841,12.841,15.844,9.589,11.589,13.592,16.592,10.51,12.51,14.512,17.515,11.175,13.178,15.178,18.181,8.425,13.005
1-Apr-15,8.725,11.592,9.255,10.592,11.753,9.844,11.173,8.249,10.252,13.255,9.501,8.841,10.844,13.847,11.34,15.17,8.836,10.838,12.838,15.841,9.586,11.586,13.589,16.589,10.507,12.507,14.51,17.512,11.173,13.175,15.175,18.178,8.422,13.003
2-Apr-15,8.715,11.589,9.252,10.589,11.751,9.841,11.17,8.247,10.249,13.252,9.499,8.838,10.841,13.844,11.337,15.167,8.833,10.836,12.836,15.838,9.584,11.584,13.586,16.586,10.504,12.504,14.507,17.51,11.17,13.173,15.173,18.175,8.419,13
3-Apr-15,8.715,11.586,9.249,10.586,11.748,9.838,11.167,8.244,10.247,13.249,9.496,8.836,10.838,13.841,11.334,15.164,8.83,10.833,12.833,15.836,9.581,11.581,13.584,16.584,10.501,12.501,14.504,17.507,11.167,13.17,15.17,18.173,8.416,12.997
4-Apr-15,8.715,11.584,9.247,10.584,11.745,9.836,11.164,8.241,10.244,13.247,9.493,8.833,10.836,13.838,11.332,15.162,8.827,10.83,12.83,15.833,9.578,11.578,13.581,16.581,10.499,12.499,14.501,17.504,11.164,13.167,15.167,18.17,8.414,12.995
5-Apr-15,8.715,11.581,9.244,10.581,11.742,9.833,11.162,8.238,10.241,13.244,9.49,8.83,10.833,13.836,11.329,15.159,8.825,10.827,12.827,15.83,9.575,11.575,13.578,16.578,10.496,12.496,14.499,17.501,11.162,13.164,15.164,18.167,8.411,12.992
6-Apr-15,8.715,11.578,9.241,10.578,11.74,9.83,11.159,8.236,10.238,13.241,9.488,8.827,10.83,13.833,11.326,15.156,8.822,10.825,12.825,15.827,9.573,11.573,13.575,16.575,10.493,12.493,14.496,17.499,11.159,13.162,15.162,18.164,8.408,12.989
7-Apr-15,8.69,11.575,9.238,10.575,11.737,9.827,11.156,8.233,10.236,13.238,9.485,8.825,10.827,13.83,11.323,15.153,8.819,10.822,12.822,15.825,9.57,11.57,13.573,16.573,10.49,12.49,14.493,17.496,11.156,13.159,15.159,18.162,8.405,12.986
8-Apr-15,8.63,11.573,9.236,10.573,11.734,9.825,11.153,8.23,10.233,13.236,9.482,8.822,10.825,13.827,11.321,15.151,8.816,10.819,12.819,15.822,9.567,11.567,13.57,16.57,10.488,12.488,14.49,17.493,11.153,13.156,15.156,18.159,8.403,12.984
9-Apr-15,8.635,11.57,9.233,10.57,11.732,9.822,11.151,8.227,10.23,13.233,9.479,8.819,10.822,13.825,11.318,15.148,8.814,10.816,12.816,15.819,9.564,11.564,13.567,16.567,10.485,12.485,14.488,17.49,11.151,13.153,15.153,18.156,8.4,12.981
10-Apr-15,8.71,11.567,9.23,10.567,11.729,9.819,11.148,8.225,10.227,13.23,9.477,8.816,10.819,13.822,11.315,15.145,8.811,10.814,12.814,15.816,9.562,11.562,13.564,16.564,10.482,12.482,14.485,17.488,11.148,13.151,15.151,18.153,8.397,12.978
11-Apr-15,8.71,11.564,9.227,10.564,11.726,9.816,11.145,8.222,10.225,13.227,9.474,8.814,10.816,13.819,11.312,15.142,8.808,10.811,12.811,15.814,9.559,11.559,13.562,16.562,10.479,12.479,14.482,17.485,11.145,13.148,15.148,18.151,8.395,12.975
12-Apr-15,8.71,11.562,9.225,10.562,11.723,9.814,11.142,8.219,10.222,13.225,9.471,8.811,10.814,13.816,11.31,15.14,8.805,10.808,12.808,15.811,9.556,11.556,13.559,16.559,10.477,12.477,14.479,17.482,11.142,13.145,15.145,18.148,8.392,12.973
13-Apr-15,8.8,11.559,9.222,10.559,11.721,9.811,11.14,8.216,10.219,13.222,9.468,8.808,10.811,13.814,11.307,15.137,8.803,10.805,12.805,15.808,9.553,11.553,13.556,16.556,10.474,12.474,14.477,17.479,11.14,13.142,15.142,18.145,8.389,12.97
14-Apr-15,8.725,11.556,9.219,10.556,11.718,9.808,11.137,8.214,10.216,13.219,9.466,8.805,10.808,13.811,11.304,15.134,8.8,10.803,12.803,15.805,9.551,11.551,13.553,16.553,10.471,12.471,14.474,17.477,11.137,13.14,15.14,18.142,8.386,12.967
15-Apr-15,8.795,11.553,9.216,10.553,11.715,9.805,11.134,8.211,10.214,13.216,9.463,8.803,10.805,13.808,11.301,15.132,8.797,10.8,12.8,15.803,9.548,11.548,13.551,16.551,10.468,12.468,14.471,17.474,11.134,13.137,15.137,18.14,8.384,12.964
16-Apr-15,8.775,11.551,9.214,10.551,11.712,9.803,11.132,8.208,10.211,13.214,9.46,8.8,10.803,13.805,11.299,15.129,8.795,10.797,12.797,15.8,9.545,11.545,13.548,16.548,10.466,12.466,14.468,17.471,11.132,13.134,15.134,18.137,8.381,12.962
17-Apr-15,8.86,11.548,9.211,10.548,11.71,9.8,11.129,8.205,10.208,13.211,9.458,8.797,10.8,13.803,11.296,15.126,8.792,10.795,12.795,15.797,9.542,11.542,13.545,16.545,10.463,12.463,14.466,17.468,11.129,13.132,15.132,18.134,8.378,12.959
18-Apr-15,8.86,11.545,9.208,10.545,11.707,9.797,11.126,8.203,10.205,13.208,9.455,8.795,10.797,13.8,11.293,15.123,8.789,10.792,12.792,15.795,9.54,11.54,13.542,16.542,10.46,12.46,14.463,17.466,11.126,13.129,15.129,18.132,8.375,12.956
19-Apr-15,8.86,11.542,9.205,10.542,11.704,9.795,11.123,8.2,10.203,13.205,9.452,8.792,10.795,13.797,11.29,15.121,8.786,10.789,12.789,15.792,9.537,11.537,13.54,16.54,10.458,12.458,14.46,17.463,11.123,13.126,15.126,18.129,8.373,12.953
20-Apr-15,8.965,11.54,9.203,10.54,11.701,9.792,11.121,8.197,10.2,13.203,9.449,8.789,10.792,13.795,11.288,15.118,8.784,10.786,12.786,15.789,9.534,11.534,13.537,16.537,10.455,12.455,14.458,17.46,11.121,13.123,15.123,18.126,8.37,12.951
21-Apr-15,8.965,11.537,9.2,10.537,11.699,9.789,11.118,8.195,10.197,13.2,9.447,8.786,10.789,13.792,11.285,15.115,8.781,10.784,12.784,15.786,9.532,11.532,13.534,16.534,10.452,12.452,14.455,17.458,11.118,13.121,15.121,18.123,8.367,12.948
22-Apr-15,9.035,11.534,9.197,10.534,11.696,9.786,11.115,8.192,10.195,13.197,9.444,8.784,10.786,13.789,11.282,15.112,8.778,10.781,12.781,15.784,9.529,11.529,13.532,16.532,10.449,12.449,14.452,17.455,11.115,13.118,15.118,18.121,8.364,12.945
23-Apr-15,9.085,11.532,9.195,10.532,11.693,9.784,11.112,8.189,10.192,13.195,9.441,8.781,10.784,13.786,11.279,15.11,8.775,10.778,12.778,15.781,9.526,11.526,13.529,16.529,10.447,12.447,14.449,17.452,11.112,13.115,15.115,18.118,8.362,12.942
24-Apr-15,9.04,11.529,9.192,10.529,11.69,9.781,11.11,8.186,10.189,13.192,9.438,8.778,10.781,13.784,11.277,15.107,8.773,10.775,12.775,15.778,9.523,11.523,13.526,16.526,10.444,12.444,14.447,17.449,11.11,13.112,15.112,18.115,8.359,12.94
25-Apr-15,9.04,11.526,9.189,10.526,11.688,9.778,11.107,8.184,10.186,13.189,9.436,8.775,10.778,13.781,11.274,15.104,8.77,10.773,12.773,15.775,9.521,11.521,13.523,16.523,10.441,12.441,14.444,17.447,11.107,13.11,15.11,18.112,8.356,12.937
26-Apr-15,9.04,11.523,9.186,10.523,11.685,9.775,11.104,8.181,10.184,13.186,9.433,8.773,10.775,13.778,11.271,15.101,8.767,10.77,12.77,15.773,9.518,11.518,13.521,16.521,10.438,12.438,14.441,17.444,11.104,13.107,15.107,18.11,8.353,12.934
27-Apr-15,9.04,11.521,9.184,10.521,11.682,9.773,11.101,8.178,10.181,13.184,9.43,8.77,10.773,13.775,11.268,15.099,8.764,10.767,12.767,15.77,9.515,11.515,13.518,16.518,10.436,12.436,14.438,17.441,11.101,13.104,15.104,18.107,8.351,12.932
28-Apr-15,8.935,11.518,9.181,10.518,11.679,9.77,11.099,8.175,10.178,13.181,9.427,8.767,10.77,13.773,11.266,15.096,8.762,10.764,12.764,15.767,9.512,11.512,13.515,16.515,10.433,12.433,14.436,17.438,11.099,13.101,15.101,18.104,8.348,12.929
29-Apr-15,8.93,11.515,9.178,10.515,11.677,9.767,11.096,8.173,10.175,13.178,9.425,8.764,10.767,13.77,11.263,15.093,8.759,10.762,12.762,15.764,9.51,11.51,13.512,16.512,10.43,12.43,14.433,17.436,11.096,13.099,15.099,18.101,8.345,12.926
30-Apr-15,8.955,11.512,9.175,10.512,11.674,9.764,11.093,8.17,10.173,13.175,9.422,8.762,10.764,13.767,11.26,15.09,8.756,10.759,12.759,15.762,9.507,11.507,13.51,16.51,10.427,12.427,14.43,17.433,11.093,13.096,15.096,18.099,8.342,12.923
1-May-15,8.955,11.51,9.173,10.51,11.671,9.762,11.09,8.167,10.17,13.173,9.419,8.759,10.762,13.764,11.258,15.088,8.753,10.756,12.756,15.759,9.504,11.504,13.507,16.507,10.425,12.425,14.427,17.43,11.09,13.093,15.093,18.096,8.34,12.921
2-May-15,8.955,11.507,9.17,10.507,11.668,9.759,11.088,8.164,10.167,13.17,9.416,8.756,10.759,13.762,11.255,15.085,8.751,10.753,12.753,15.756,9.501,11.501,13.504,16.504,10.422,12.422,14.425,17.427,11.088,13.09,15.09,18.093,8.337,12.918
3-May-15,8.955,11.504,9.167,10.504,11.666,9.756,11.085,8.162,10.164,13.167,9.414,8.753,10.756,13.759,11.252,15.082,8.748,10.751,12.751,15.753,9.499,11.499,13.501,16.501,10.419,12.419,14.422,17.425,11.085,13.088,15.088,18.09,8.334,12.915
4-May-15,9.05,11.501,9.164,10.501,11.663,9.753,11.082,8.159,10.162,13.164,9.411,8.751,10.753,13.756,11.249,15.079,8.745,10.748,12.748,15.751,9.496,11.496,13.499,16.499,10.416,12.416,14.419,17.422,11.082,13.085,15.085,18.088,8.332,12.912
5-May-15,9.09,11.499,9.162,10.499,11.66,9.751,11.079,8.156,10.159,13.162,9.408,8.748,10.751,13.753,11.247,15.077,8.742,10.745,12.745,15.748,9.493,11.493,13.496,16.496,10.414,12.414,14.416,17.419,11.079,13.082,15.082,18.085,8.329,12.91
6-May-15,9.14,11.496,9.159,10.496,11.658,9.748,11.077,8.153,10.156,13.159,9.405,8.745,10.748,13.751,11.244,15.074,8.74,10.742,12.742,15.745,9.49,11.49,13.493,16.493,10.411,12.411,14.414,17.416,11.077,13.079,15.079,18.082,8.326,12.907
7-May-15,9.13,11.493,9.156,10.493,11.655,9.745,11.074,8.151,10.153,13.156,9.403,8.742,10.745,13.748,11.241,15.071,8.737,10.74,12.74,15.742,9.488,11.488,13.49,16.49,10.408,12.408,14.411,17.414,11.074,13.077,15.077,18.079,8.323,12.904
8-May-15,9.09,11.49,9.153,10.49,11.652,9.742,11.071,8.148,10.151,13.153,9.4,8.74,10.742,13.745,11.238,15.068,8.734,10.737,12.737,15.74,9.485,11.485,13.488,16.488,10.405,12.405,14.408,17.411,11.071,13.074,15.074,18.077,8.321,12.901
9-May-15,9.09,11.488,9.151,10.488,11.649,9.74,11.068,8.145,10.148,13.151,9.397,8.737,10.74,13.742,11.236,15.066,8.732,10.734,12.734,15.737,9.482,11.482,13.485,16.485,10.403,12.403,14.405,17.408,11.068,13.071,15.071,18.074,8.318,12.899
10-May-15,9.09,11.485,9.148,10.485,11.647,9.737,11.066,8.142,10.145,13.148,9.395,8.734,10.737,13.74,11.233,15.063,8.729,10.732,12.732,15.734,9.479,11.479,13.482,16.482,10.4,12.4,14.403,17.405,11.066,13.068,15.068,18.071,8.315,12.896
11-May-15,9.09,11.482,9.145,10.482,11.644,9.734,11.063,8.14,10.142,13.145,9.392,8.732,10.734,13.737,11.23,15.06,8.726,10.729,12.729,15.732,9.477,11.477,13.479,16.479,10.397,12.397,14.4,17.403,11.063,13.066,15.066,18.068,8.312,12.893
12-May-15,9.16,11.479,9.142,10.479,11.641,9.732,11.06,8.137,10.14,13.142,9.389,8.729,10.732,13.734,11.227,15.058,8.723,10.726,12.726,15.729,9.474,11.474,13.477,16.477,10.395,12.395,14.397,17.4,11.06,13.063,15.063,18.066,8.31,12.89
13-May-15,9.125,11.477,9.14,10.477,11.638,9.729,11.058,8.134,10.137,13.14,9.386,8.726,10.729,13.732,11.225,15.055,8.721,10.723,12.723,15.726,9.471,11.471,13.474,16.474,10.392,12.392,14.395,17.397,11.058,13.06,15.06,18.063,8.307,12.888
14-May-15,9.035,11.474,9.137,10.474,11.636,9.726,11.055,8.132,10.134,13.137,9.384,8.723,10.726,13.729,11.222,15.052,8.718,10.721,12.721,15.723,9.468,11.468,13.471,16.471,10.389,12.389,14.392,17.395,11.055,13.058,15.058,18.06,8.304,12.885
15-May-15,8.975,11.471,9.134,10.471,11.633,9.723,11.052,8.129,10.132,13.134,9.381,8.721,10.723,13.726,11.219,15.049,8.715,10.718,12.718,15.721,9.466,11.466,13.468,16.468,10.386,12.386,14.389,17.392,11.052,13.055,15.055,18.058,8.301,12.882
16-May-15,8.975,11.468,9.132,10.468,11.63,9.721,11.049,8.126,10.129,13.132,9.378,8.718,10.721,13.723,11.216,15.047,8.712,10.715,12.715,15.718,9.463,11.463,13.466,16.466,10.384,12.384,14.386,17.389,11.049,13.052,15.052,18.055,8.299,12.879
17-May-15,8.975,11.466,9.129,10.466,11.627,9.718,11.047,8.123,10.126,13.129,9.375,8.715,10.718,13.721,11.214,15.044,8.71,10.712,12.712,15.715,9.46,11.46,13.463,16.463,10.381,12.381,14.384,17.386,11.047,13.049,15.049,18.052,8.296,12.877
18-May-15,9.05,11.463,9.126,10.463,11.625,9.715,11.044,8.121,10.123,13.126,9.373,8.712,10.715,13.718,11.211,15.041,8.707,10.71,12.71,15.712,9.458,11.458,13.46,16.46,10.378,12.378,14.381,17.384,11.044,13.047,15.047,18.049,8.293,12.874
19-May-15,9.045,11.46,9.123,10.46,11.622,9.712,11.041,8.118,10.121,13.123,9.37,8.71,10.712,13.715,11.208,15.038,8.704,10.707,12.707,15.71,9.455,11.455,13.458,16.458,10.375,12.375,14.378,17.381,11.041,13.044,15.044,18.047,8.29,12.871
20-May-15,8.975,11.458,9.121,10.458,11.619,9.71,11.038,8.115,10.118,13.121,9.367,8.707,10.71,13.712,11.205,15.036,8.701,10.704,12.704,15.707,9.452,11.452,13.455,16.455,10.373,12.373,14.375,17.378,11.038,13.041,15.041,18.044,8.288,12.868
21-May-15,8.96,11.455,9.118,10.455,11.616,9.707,11.036,8.112,10.115,13.118,9.364,8.704,10.707,13.71,11.203,15.033,8.699,10.701,12.701,15.704,9.449,11.449,13.452,16.452,10.37,12.37,14.373,17.375,11.036,13.038,15.038,18.041,8.285,12.866
22-May-15,9.05,11.452,9.115,10.452,11.614,9.704,11.033,8.11,10.112,13.115,9.362,8.701,10.704,13.707,11.2,15.03,8.696,10.699,12.699,15.701,9.447,11.447,13.449,16.449,10.367,12.367,14.37,17.373,11.033,13.036,15.036,18.038,8.282,12.863
23-May-15,9.05,11.449,9.112,10.449,11.611,9.701,11.03,8.107,10.11,13.112,9.359,8.699,10.701,13.704,11.197,15.027,8.693,10.696,12.696,15.699,9.444,11.444,13.447,16.447,10.364,12.364,14.367,17.37,11.03,13.033,15.033,18.036,8.279,12.86
24-May-15,9.05,11.447,9.11,10.447,11.608,9.699,11.027,8.104,10.107,13.11,9.356,8.696,10.699,13.701,11.195,15.025,8.69,10.693,12.693,15.696,9.441,11.441,13.444,16.444,10.362,12.362,14.364,17.367,11.027,13.03,15.03,18.033,8.277,12.858
25-May-15,9.11,11.444,9.107,10.444,11.605,9.696,11.025,8.101,10.104,13.107,9.353,8.693,10.696,13.699,11.192,15.022,8.688,10.69,12.69,15.693,9.438,11.438,13.441,16.441,10.359,12.359,14.362,17.364,11.025,13.027,15.027,18.03,8.274,12.855
26-May-15,9.175,11.441,9.104,10.441,11.603,9.693,11.022,8.099,10.101,13.104,9.351,8.69,10.693,13.696,11.189,15.019,8.685,10.688,12.688,15.69,9.436,11.436,13.438,16.438,10.356,12.356,14.359,17.362,11.022,13.025,15.025,18.027,8.271,12.852
27-May-15,9.14,11.438,9.101,10.438,11.6,9.69,11.019,8.096,10.099,13.101,9.348,8.688,10.69,13.693,11.186,15.016,8.682,10.685,12.685,15.688,9.433,11.433,13.436,16.436,10.353,12.353,14.356,17.359,11.019,13.022,15.022,18.025,8.268,12.849
28-May-15,9.18,11.436,9.099,10.436,11.597,9.688,11.016,8.093,10.096,13.099,9.345,8.685,10.688,13.69,11.184,15.014,8.679,10.682,12.682,15.685,9.43,11.43,13.433,16.433,10.351,12.351,14.353,17.356,11.016,13.019,15.019,18.022,8.266,12.847
29-May-15,9.165,11.433,9.096,10.433,11.595,9.685,11.014,8.09,10.093,13.096,9.342,8.682,10.685,13.688,11.181,15.011,8.677,10.679,12.679,15.682,9.427,11.427,13.43,16.43,10.348,12.348,14.351,17.353,11.014,13.016,15.016,18.019,8.263,12.844
30-May-15,9.165,11.43,9.093,10.43,11.592,9.682,11.011,8.088,10.09,13.093,9.34,8.679,10.682,13.685,11.178,15.008,8.674,10.677,12.677,15.679,9.425,11.425,13.427,16.427,10.345,12.345,14.348,17.351,11.011,13.014,15.014,18.016,8.26,12.841
31-May-15,9.165,11.427,9.09,10.427,11.589,9.679,11.008,8.085,10.088,13.09,9.337,8.677,10.679,13.682,11.175,15.005,8.671,10.674,12.674,15.677,9.422,11.422,13.425,16.425,10.342,12.342,14.345,17.348,11.008,13.011,15.011,18.014,8.258,12.838
1-Jun-15,9.26,11.425,9.088,10.425,11.586,9.677,11.005,8.082,10.085,13.088,9.334,8.674,10.677,13.679,11.173,15.003,8.668,10.671,12.671,15.674,9.419,11.419,13.422,16.422,10.34,12.34,14.342,17.345,11.005,13.008,15.008,18.011,8.255,12.836
2-Jun-15,9.315,11.422,9.085,10.422,11.584,9.674,11.003,8.079,10.082,13.085,9.332,8.671,10.674,13.677,11.17,15,8.666,10.668,12.668,15.671,9.416,11.416,13.419,16.419,10.337,12.337,14.34,17.342,11.003,13.005,15.005,18.008,8.252,12.833
3-Jun-15,9.41,11.419,9.082,10.419,11.581,9.671,11,8.077,10.079,13.082,9.329,8.668,10.671,13.674,11.167,14.997,8.663,10.666,12.666,15.668,9.414,11.414,13.416,16.416,10.334,12.334,14.337,17.34,11,13.003,15.003,18.005,8.249,12.83
4-Jun-15,9.325,11.416,9.079,10.416,11.578,9.668,10.997,8.074,10.077,13.079,9.326,8.666,10.668,13.671,11.164,14.995,8.66,10.663,12.663,15.666,9.411,11.411,13.414,16.414,10.332,12.332,14.334,17.337,10.997,13,15,18.003,8.247,12.827
5-Jun-15,9.42,11.414,9.077,10.414,11.575,9.666,10.995,8.071,10.074,13.077,9.323,8.663,10.666,13.668,11.162,14.992,8.658,10.66,12.66,15.663,9.408,11.408,13.411,16.411,10.329,12.329,14.332,17.334,10.995,12.997,14.997,18,8.244,12.825
6-Jun-15,9.42,11.411,9.074,10.411,11.573,9.663,10.992,8.068,10.071,13.074,9.321,8.66,10.663,13.666,11.159,14.989,8.655,10.658,12.658,15.66,9.405,11.405,13.408,16.408,10.326,12.326,14.329,17.332,10.992,12.995,14.995,17.997,8.241,12.822
7-Jun-15,9.42,11.408,9.071,10.408,11.57,9.66,10.989,8.066,10.068,13.071,9.318,8.658,10.66,13.663,11.156,14.986,8.652,10.655,12.655,15.658,9.403,11.403,13.405,16.405,10.323,12.323,14.326,17.329,10.989,12.992,14.992,17.995,8.238,12.819
8-Jun-15,9.4,11.405,9.068,10.405,11.567,9.658,10.986,8.063,10.066,13.068,9.315,8.655,10.658,13.66,11.153,14.984,8.649,10.652,12.652,15.655,9.4,11.4,13.403,16.403,10.321,12.321,14.323,17.326,10.986,12.989,14.989,17.992,8.236,12.816
9-Jun-15,9.34,11.403,9.066,10.403,11.564,9.655,10.984,8.06,10.063,13.066,9.312,8.652,10.655,13.658,11.151,14.981,8.647,10.649,12.649,15.652,9.397,11.397,13.4,16.4,10.318,12.318,14.321,17.323,10.984,12.986,14.986,17.989,8.233,12.814
10-Jun-15,9.375,11.4,9.063,10.4,11.562,9.652,10.981,8.058,10.06,13.063,9.31,8.649,10.652,13.655,11.148,14.978,8.644,10.647,12.647,15.649,9.395,11.395,13.397,16.397,10.315,12.315,14.318,17.321,10.981,12.984,14.984,17.986,8.23,12.811
11-Jun-15,9.345,11.397,9.06,10.397,11.559,9.649,10.978,8.055,10.058,13.06,9.307,8.647,10.649,13.652,11.145,14.975,8.641,10.644,12.644,15.647,9.392,11.392,13.395,16.395,10.312,12.312,14.315,17.318,10.978,12.981,14.981,17.984,8.227,12.808
12-Jun-15,9.36,11.395,9.058,10.395,11.556,9.647,10.975,8.052,10.055,13.058,9.304,8.644,10.647,13.649,11.142,14.973,8.638,10.641,12.641,15.644,9.389,11.389,13.392,16.392,10.31,12.31,14.312,17.315,10.975,12.978,14.978,17.981,8.225,12.805
13-Jun-15,9.36,11.392,9.055,10.392,11.553,9.644,10.973,8.049,10.052,13.055,9.301,8.641,10.644,13.647,11.14,14.97,8.636,10.638,12.638,15.641,9.386,11.386,13.389,16.389,10.307,12.307,14.31,17.312,10.973,12.975,14.975,17.978,8.222,12.803
14-Jun-15,9.36,11.389,9.052,10.389,11.551,9.641,10.97,8.047,10.049,13.052,9.299,8.638,10.641,13.644,11.137,14.967,8.633,10.636,12.636,15.638,9.384,11.384,13.386,16.386,10.304,12.304,14.307,17.31,10.97,12.973,14.973,17.975,8.219,12.8
15-Jun-15,9.41,11.386,9.049,10.386,11.548,9.638,10.967,8.044,10.047,13.049,9.296,8.636,10.638,13.641,11.134,14.964,8.63,10.633,12.633,15.636,9.381,11.381,13.384,16.384,10.301,12.301,14.304,17.307,10.967,12.97,14.97,17.973,8.216,12.797
16-Jun-15,9.41,11.384,9.047,10.384,11.545,9.636,10.964,8.041,10.044,13.047,9.293,8.633,10.636,13.638,11.132,14.962,8.627,10.63,12.63,15.633,9.378,11.378,13.381,16.381,10.299,12.299,14.301,17.304,10.964,12.967,14.967,17.97,8.214,12.795
17-Jun-15,9.48,11.381,9.044,10.381,11.542,9.633,10.962,8.038,10.041,13.044,9.29,8.63,10.633,13.636,11.129,14.959,8.625,10.627,12.627,15.63,9.375,11.375,13.378,16.378,10.296,12.296,14.299,17.301,10.962,12.964,14.964,17.967,8.211,12.792
18-Jun-15,9.375,11.378,9.041,10.378,11.54,9.63,10.959,8.036,10.038,13.041,9.288,8.627,10.63,13.633,11.126,14.956,8.622,10.625,12.625,15.627,9.373,11.373,13.375,16.375,10.293,12.293,14.296,17.299,10.959,12.962,14.962,17.964,8.208,12.789
19-Jun-15,9.38,11.375,9.038,10.375,11.537,9.627,10.956,8.033,10.036,13.038,9.285,8.625,10.627,13.63,11.123,14.953,8.619,10.622,12.622,15.625,9.37,11.37,13.373,16.373,10.29,12.29,14.293,17.296,10.956,12.959,14.959,17.962,8.205,12.786
20-Jun-15,9.38,11.373,9.036,10.373,11.534,9.625,10.953,8.03,10.033,13.036,9.282,8.622,10.625,13.627,11.121,14.951,8.616,10.619,12.619,15.622,9.367,11.367,13.37,16.37,10.288,12.288,14.29,17.293,10.953,12.956,14.956,17.959,8.203,12.784
21-Jun-15,9.38,11.37,9.033,10.37,11.532,9.622,10.951,8.027,10.03,13.033,9.279,8.619,10.622,13.625,11.118,14.948,8.614,10.616,12.616,15.619,9.364,11.364,13.367,16.367,10.285,12.285,14.288,17.29,10.951,12.953,14.953,17.956,8.2,12.781
22-Jun-15,9.3,11.367,9.03,10.367,11.529,9.619,10.948,8.025,10.027,13.03,9.277,8.616,10.619,13.622,11.115,14.945,8.611,10.614,12.614,15.616,9.362,11.362,13.364,16.364,10.282,12.282,14.285,17.288,10.948,12.951,14.951,17.953,8.197,12.778
23-Jun-15,9.285,11.364,9.027,10.364,11.526,9.616,10.945,8.022,10.025,13.027,9.274,8.614,10.616,13.619,11.112,14.942,8.608,10.611,12.611,15.614,9.359,11.359,13.362,16.362,10.279,12.279,14.282,17.285,10.945,12.948,14.948,17.951,8.195,12.775
24-Jun-15,9.23,11.362,9.025,10.362,11.523,9.614,10.942,8.019,10.022,13.025,9.271,8.611,10.614,13.616,11.11,14.94,8.605,10.608,12.608,15.611,9.356,11.356,13.359,16.359,10.277,12.277,14.279,17.282,10.942,12.945,14.945,17.948,8.192,12.773
25-Jun-15,9.225,11.359,9.022,10.359,11.521,9.611,10.94,8.016,10.019,13.022,9.268,8.608,10.611,13.614,11.107,14.937,8.603,10.605,12.605,15.608,9.353,11.353,13.356,16.356,10.274,12.274,14.277,17.279,10.94,12.942,14.942,17.945,8.189,12.77
26-Jun-15,9.305,11.356,9.019,10.356,11.518,9.608,10.937,8.014,10.016,13.019,9.266,8.605,10.608,13.611,11.104,14.934,8.6,10.603,12.603,15.605,9.351,11.351,13.353,16.353,10.271,12.271,14.274,17.277,10.937,12.94,14.94,17.942,8.186,12.767
27-Jun-15,9.305,11.353,9.016,10.353,11.515,9.605,10.934,8.011,10.014,13.016,9.263,8.603,10.605,13.608,11.101,14.932,8.597,10.6,12.6,15.603,9.348,11.348,13.351,16.351,10.268,12.268,14.271,17.274,10.934,12.937,14.937,17.94,8.184,12.764
28-Jun-15,9.305,11.351,9.014,10.351,11.512,9.603,10.932,8.008,10.011,13.014,9.26,8.6,10.603,13.605,11.099,14.929,8.595,10.597,12.597,15.6,9.345,11.345,13.348,16.348,10.266,12.266,14.268,17.271,10.932,12.934,14.934,17.937,8.181,12.762
29-Jun-15,9.35,11.348,9.011,10.348,11.51,9.6,10.929,8.005,10.008,13.011,9.258,8.597,10.6,13.603,11.096,14.926,8.592,10.595,12.595,15.597,9.342,11.342,13.345,16.345,10.263,12.263,14.266,17.268,10.929,12.932,14.932,17.934,8.178,12.759
30-Jun-15,9.295,11.345,9.008,10.345,11.507,9.597,10.926,8.003,10.005,13.008,9.255,8.595,10.597,13.6,11.093,14.923,8.589,10.592,12.592,15.595,9.34,11.34,13.342,16.342,10.26,12.26,14.263,17.266,10.926,12.929,14.929,17.932,8.175,12.756
1-Jul-15,9.27,11.342,9.005,10.342,11.504,9.595,10.923,8,10.003,13.005,9.252,8.592,10.595,13.597,11.09,14.921,8.586,10.589,12.589,15.592,9.337,11.337,13.34,16.34,10.258,12.258,14.26,17.263,10.923,12.926,14.926,17.929,8.173,12.753
2-Jul-15,9.265,11.34,9.003,10.34,11.501,9.592,10.921,7.997,10,13.003,9.249,8.589,10.592,13.595,11.088,14.918,8.584,10.586,12.586,15.589,9.334,11.334,13.337,16.337,10.255,12.255,14.258,17.26,10.921,12.923,14.923,17.926,8.17,12.751
3-Jul-15,9.25,11.337,9,10.337,11.499,9.589,10.918,7.995,9.997,13,9.247,8.586,10.589,13.592,11.085,14.915,8.581,10.584,12.584,15.586,9.332,11.332,13.334,16.334,10.252,12.252,14.255,17.258,10.918,12.921,14.921,17.923,8.167,12.748
4-Jul-15,9.25,11.334,8.997,10.334,11.496,9.586,10.915,7.992,9.995,12.997,9.244,8.584,10.586,13.589,11.082,14.912,8.578,10.581,12.581,15.584,9.329,11.329,13.332,16.332,10.249,12.249,14.252,17.255,10.915,12.918,14.918,17.921,8.164,12.745
5-Jul-15,9.25,11.332,8.995,10.332,11.493,9.584,10.912,7.989,9.992,12.995,9.241,8.581,10.584,13.586,11.079,14.91,8.575,10.578,12.578,15.581,9.326,11.326,13.329,16.329,10.247,12.247,14.249,17.252,10.912,12.915,14.915,17.918,8.162,12.742
6-Jul-15,9.28,11.329,8.992,10.329,11.49,9.581,10.91,7.986,9.989,12.992,9.238,8.578,10.581,13.584,11.077,14.907,8.573,10.575,12.575,15.578,9.323,11.323,13.326,16.326,10.244,12.244,14.247,17.249,10.91,12.912,14.912,17.915,8.159,12.74
7-Jul-15,9.285,11.326,8.989,10.326,11.488,9.578,10.907,7.984,9.986,12.989,9.236,8.575,10.578,13.581,11.074,14.904,8.57,10.573,12.573,15.575,9.321,11.321,13.323,16.323,10.241,12.241,14.244,17.247,10.907,12.91,14.91,17.912,8.156,12.737
8-Jul-15,9.26,11.323,8.986,10.323,11.485,9.575,10.904,7.981,9.984,12.986,9.233,8.573,10.575,13.578,11.071,14.901,8.567,10.57,12.57,15.573,9.318,11.318,13.321,16.321,10.238,12.238,14.241,17.244,10.904,12.907,14.907,17.91,8.153,12.734
9-Jul-15,9.18,11.321,8.984,10.321,11.482,9.573,10.901,7.978,9.981,12.984,9.23,8.57,10.573,13.575,11.068,14.899,8.564,10.567,12.567,15.57,9.315,11.315,13.318,16.318,10.236,12.236,14.238,17.241,10.901,12.904,14.904,17.907,8.151,12.732
10-Jul-15,9.23,11.318,8.981,10.318,11.479,9.57,10.899,7.975,9.978,12.981,9.227,8.567,10.57,13.573,11.066,14.896,8.562,10.564,12.564,15.567,9.312,11.312,13.315,16.315,10.233,12.233,14.236,17.238,10.899,12.901,14.901,17.904,8.148,12.729
11-Jul-15,9.23,11.315,8.978,10.315,11.477,9.567,10.896,7.973,9.975,12.978,9.225,8.564,10.567,13.57,11.063,14.893,8.559,10.562,12.562,15.564,9.31,11.31,13.312,16.312,10.23,12.23,14.233,17.236,10.896,12.899,14.899,17.901,8.145,12.726
12-Jul-15,9.23,11.312,8.975,10.312,11.474,9.564,10.893,7.97,9.973,12.975,9.222,8.562,10.564,13.567,11.06,14.89,8.556,10.559,12.559,15.562,9.307,11.307,13.31,16.31,10.227,12.227,14.23,17.233,10.893,12.896,14.896,17.899,8.142,12.723
13-Jul-15,9.21,11.31,8.973,10.31,11.471,9.562,10.89,7.967,9.97,12.973,9.219,8.559,10.562,13.564,11.058,14.888,8.553,10.556,12.556,15.559,9.304,11.304,13.307,16.307,10.225,12.225,14.227,17.23,10.89,12.893,14.893,17.896,8.14,12.721
14-Jul-15,9.165,11.307,8.97,10.307,11.468,9.559,10.888,7.964,9.967,12.97,9.216,8.556,10.559,13.562,11.055,14.885,8.551,10.553,12.553,15.556,9.301,11.301,13.304,16.304,10.222,12.222,14.225,17.227,10.888,12.89,14.89,17.893,8.137,12.718
15-Jul-15,9.165,11.304,8.967,10.304,11.466,9.556,10.885,7.962,9.964,12.967,9.214,8.553,10.556,13.559,11.052,14.882,8.548,10.551,12.551,15.553,9.299,11.299,13.301,16.301,10.219,12.219,14.222,17.225,10.885,12.888,14.888,17.89,8.134,12.715
16-Jul-15,9.07,11.301,8.964,10.301,11.463,9.553,10.882,7.959,9.962,12.964,9.211,8.551,10.553,13.556,11.049,14.879,8.545,10.548,12.548,15.551,9.296,11.296,13.299,16.299,10.216,12.216,14.219,17.222,10.882,12.885,14.885,17.888,8.132,12.712
17-Jul-15,9.055,11.299,8.962,10.299,11.46,9.551,10.879,7.956,9.959,12.962,9.208,8.548,10.551,13.553,11.047,14.877,8.542,10.545,12.545,15.548,9.293,11.293,13.296,16.296,10.214,12.214,14.216,17.219,10.879,12.882,14.882,17.885,8.129,12.71
18-Jul-15,9.055,11.296,8.959,10.296,11.458,9.548,10.877,7.953,9.956,12.959,9.205,8.545,10.548,13.551,11.044,14.874,8.54,10.542,12.542,15.545,9.29,11.29,13.293,16.293,10.211,12.211,14.214,17.216,10.877,12.879,14.879,17.882,8.126,12.707
19-Jul-15,9.055,11.293,8.956,10.293,11.455,9.545,10.874,7.951,9.953,12.956,9.203,8.542,10.545,13.548,11.041,14.871,8.537,10.54,12.54,15.542,9.288,11.288,13.29,16.29,10.208,12.208,14.211,17.214,10.874,12.877,14.877,17.879,8.123,12.704
20-Jul-15,9.15,11.29,8.953,10.29,11.452,9.542,10.871,7.948,9.951,12.953,9.2,8.54,10.542,13.545,11.038,14.868,8.534,10.537,12.537,15.54,9.285,11.285,13.288,16.288,10.205,12.205,14.208,17.211,10.871,12.874,14.874,17.877,8.121,12.701
21-Jul-15,9.155,11.288,8.951,10.288,11.449,9.54,10.868,7.945,9.948,12.951,9.197,8.537,10.54,13.542,11.036,14.866,8.532,10.534,12.534,15.537,9.282,11.282,13.285,16.285,10.203,12.203,14.205,17.208,10.868,12.871,14.871,17.874,8.118,12.699
22-Jul-15,9.12,11.285,8.948,10.285,11.447,9.537,10.866,7.942,9.945,12.948,9.195,8.534,10.537,13.54,11.033,14.863,8.529,10.532,12.532,15.534,9.279,11.279,13.282,16.282,10.2,12.2,14.203,17.205,10.866,12.868,14.868,17.871,8.115,12.696
23-Jul-15,9.115,11.282,8.945,10.282,11.444,9.534,10.863,7.94,9.942,12.945,9.192,8.532,10.534,13.537,11.03,14.86,8.526,10.529,12.529,15.532,9.277,11.277,13.279,16.279,10.197,12.197,14.2,17.203,10.863,12.866,14.866,17.868,8.112,12.693
24-Jul-15,9.15,11.279,8.942,10.279,11.441,9.532,10.86,7.937,9.94,12.942,9.189,8.529,10.532,13.534,11.027,14.858,8.523,10.526,12.526,15.529,9.274,11.274,13.277,16.277,10.195,12.195,14.197,17.2,10.86,12.863,14.863,17.866,8.11,12.69
25-Jul-15,9.15,11.277,8.94,10.277,11.438,9.529,10.858,7.934,9.937,12.94,9.186,8.526,10.529,13.532,11.025,14.855,8.521,10.523,12.523,15.526,9.271,11.271,13.274,16.274,10.192,12.192,14.195,17.197,10.858,12.86,14.86,17.863,8.107,12.688
26-Jul-15,9.15,11.274,8.937,10.274,11.436,9.526,10.855,7.932,9.934,12.937,9.184,8.523,10.526,13.529,11.022,14.852,8.518,10.521,12.521,15.523,9.268,11.268,13.271,16.271,10.189,12.189,14.192,17.195,10.855,12.858,14.858,17.86,8.104,12.685
27-Jul-15,9.2,11.271,8.934,10.271,11.433,9.523,10.852,7.929,9.932,12.934,9.181,8.521,10.523,13.526,11.019,14.849,8.515,10.518,12.518,15.521,9.266,11.266,13.268,16.268,10.186,12.186,14.189,17.192,10.852,12.855,14.855,17.858,8.101,12.682
28-Jul-15,9.2,11.268,8.932,10.268,11.43,9.521,10.849,7.926,9.929,12.932,9.178,8.518,10.521,13.523,11.016,14.847,8.512,10.515,12.515,15.518,9.263,11.263,13.266,16.266,10.184,12.184,14.186,17.189,10.849,12.852,14.852,17.855,8.099,12.679
29-Jul-15,9.19,11.266,8.929,10.266,11.427,9.518,10.847,7.923,9.926,12.929,9.175,8.515,10.518,13.521,11.014,14.844,8.51,10.512,12.512,15.515,9.26,11.26,13.263,16.263,10.181,12.181,14.184,17.186,10.847,12.849,14.849,17.852,8.096,12.677
30-Jul-15,9.245,11.263,8.926,10.263,11.425,9.515,10.844,7.921,9.923,12.926,9.173,8.512,10.515,13.518,11.011,14.841,8.507,10.51,12.51,15.512,9.258,11.258,13.26,16.26,10.178,12.178,14.181,17.184,10.844,12.847,14.847,17.849,8.093,12.674
31-Jul-15,9.25,11.26,8.923,10.26,11.422,9.512,10.841,7.918,9.921,12.923,9.17,8.51,10.512,13.515,11.008,14.838,8.504,10.507,12.507,15.51,9.255,11.255,13.258,16.258,10.175,12.175,14.178,17.181,10.841,12.844,14.844,17.847,8.09,12.671
1-Aug-15,9.25,11.258,8.921,10.258,11.419,9.51,10.838,7.915,9.918,12.921,9.167,8.507,10.51,13.512,11.005,14.836,8.501,10.504,12.504,15.507,9.252,11.252,13.255,16.255,10.173,12.173,14.175,17.178,10.838,12.841,14.841,17.844,8.088,12.668
2-Aug-15,9.25,11.255,8.918,10.255,11.416,9.507,10.836,7.912,9.915,12.918,9.164,8.504,10.507,13.51,11.003,14.833,8.499,10.501,12.501,15.504,9.249,11.249,13.252,16.252,10.17,12.17,14.173,17.175,10.836,12.838,14.838,17.841,8.085,12.666
3-Aug-15,9.245,11.252,8.915,10.252,11.414,9.504,10.833,7.91,9.912,12.915,9.162,8.501,10.504,13.507,11,14.83,8.496,10.499,12.499,15.501,9.247,11.247,13.249,16.249,10.167,12.167,14.17,17.173,10.833,12.836,14.836,17.838,8.082,12.663
4-Aug-15,9.22,11.249,8.912,10.249,11.411,9.501,10.83,7.907,9.91,12.912,9.159,8.499,10.501,13.504,10.997,14.827,8.493,10.496,12.496,15.499,9.244,11.244,13.247,16.247,10.164,12.164,14.167,17.17,10.83,12.833,14.833,17.836,8.079,12.66
5-Aug-15,9.27,11.247,8.91,10.247,11.408,9.499,10.827,7.904,9.907,12.91,9.156,8.496,10.499,13.501,10.995,14.825,8.49,10.493,12.493,15.496,9.241,11.241,13.244,16.244,10.162,12.162,14.164,17.167,10.827,12.83,14.83,17.833,8.077,12.658
6-Aug-15,9.22,11.244,8.907,10.244,11.405,9.496,10.825,7.901,9.904,12.907,9.153,8.493,10.496,13.499,10.992,14.822,8.488,10.49,12.49,15.493,9.238,11.238,13.241,16.241,10.159,12.159,14.162,17.164,10.825,12.827,14.827,17.83,8.074,12.655
7-Aug-15,9.175,11.241,8.904,10.241,11.403,9.493,10.822,7.899,9.901,12.904,9.151,8.49,10.493,13.496,10.989,14.819,8.485,10.488,12.488,15.49,9.236,11.236,13.238,16.238,10.156,12.156,14.159,17.162,10.822,12.825,14.825,17.827,8.071,12.652
8-Aug-15,9.175,11.238,8.901,10.238,11.4,9.49,10.819,7.896,9.899,12.901,9.148,8.488,10.49,13.493,10.986,14.816,8.482,10.485,12.485,15.488,9.233,11.233,13.236,16.236,10.153,12.153,14.156,17.159,10.819,12.822,14.822,17.825,8.068,12.649
9-Aug-15,9.175,11.236,8.899,10.236,11.397,9.488,10.816,7.893,9.896,12.899,9.145,8.485,10.488,13.49,10.984,14.814,8.479,10.482,12.482,15.485,9.23,11.23,13.233,16.233,10.151,12.151,14.153,17.156,10.816,12.819,14.819,17.822,8.066,12.647
10-Aug-15,9.175,11.233,8.896,10.233,11.395,9.485,10.814,7.89,9.893,12.896,9.142,8.482,10.485,13.488,10.981,14.811,8.477,10.479,12.479,15.482,9.227,11.227,13.23,16.23,10.148,12.148,14.151,17.153,10.814,12.816,14.816,17.819,8.063,12.644
11-Aug-15,9.17,11.23,8.893,10.23,11.392,9.482,10.811,7.888,9.89,12.893,9.14,8.479,10.482,13.485,10.978,14.808,8.474,10.477,12.477,15.479,9.225,11.225,13.227,16.227,10.145,12.145,14.148,17.151,10.811,12.814,14.814,17.816,8.06,12.641
12-Aug-15,9.105,11.227,8.89,10.227,11.389,9.479,10.808,7.885,9.888,12.89,9.137,8.477,10.479,13.482,10.975,14.805,8.471,10.474,12.474,15.477,9.222,11.222,13.225,16.225,10.142,12.142,14.145,17.148,10.808,12.811,14.811,17.814,8.058,12.638
13-Aug-15,9.155,11.225,8.888,10.225,11.386,9.477,10.805,7.882,9.885,12.888,9.134,8.474,10.477,13.479,10.973,14.803,8.468,10.471,12.471,15.474,9.219,11.219,13.222,16.222,10.14,12.14,14.142,17.145,10.805,12.808,14.808,17.811,8.055,12.636
14-Aug-15,9.165,11.222,8.885,10.222,11.384,9.474,10.803,7.879,9.882,12.885,9.132,8.471,10.474,13.477,10.97,14.8,8.466,10.468,12.468,15.471,9.216,11.216,13.219,16.219,10.137,12.137,14.14,17.142,10.803,12.805,14.805,17.808,8.052,12.633
15-Aug-15,9.165,11.219,8.882,10.219,11.381,9.471,10.8,7.877,9.879,12.882,9.129,8.468,10.471,13.474,10.967,14.797,8.463,10.466,12.466,15.468,9.214,11.214,13.216,16.216,10.134,12.134,14.137,17.14,10.8,12.803,14.803,17.805,8.049,12.63
16-Aug-15,9.165,11.216,8.879,10.216,11.378,9.468,10.797,7.874,9.877,12.879,9.126,8.466,10.468,13.471,10.964,14.795,8.46,10.463,12.463,15.466,9.211,11.211,13.214,16.214,10.132,12.132,14.134,17.137,10.797,12.8,14.8,17.803,8.047,12.627
17-Aug-15,9.215,11.214,8.877,10.214,11.375,9.466,10.795,7.871,9.874,12.877,9.123,8.463,10.466,13.468,10.962,14.792,8.458,10.46,12.46,15.463,9.208,11.208,13.211,16.211,10.129,12.129,14.132,17.134,10.795,12.797,14.797,17.8,8.044,12.625
18-Aug-15,9.28,11.211,8.874,10.211,11.373,9.463,10.792,7.868,9.871,12.874,9.121,8.46,10.463,13.466,10.959,14.789,8.455,10.458,12.458,15.46,9.205,11.205,13.208,16.208,10.126,12.126,14.129,17.132,10.792,12.795,14.795,17.797,8.041,12.622
19-Aug-15,9.315,11.208,8.871,10.208,11.37,9.46,10.789,7.866,9.868,12.871,9.118,8.458,10.46,13.463,10.956,14.786,8.452,10.455,12.455,15.458,9.203,11.203,13.205,16.205,10.123,12.123,14.126,17.129,10.789,12.792,14.792,17.795,8.038,12.619
20-Aug-15,9.275,11.205,8.868,10.205,11.367,9.458,10.786,7.863,9.866,12.868,9.115,8.455,10.458,13.46,10.953,14.784,8.449,10.452,12.452,15.455,9.2,11.2,13.203,16.203,10.121,12.121,14.123,17.126,10.786,12.789,14.789,17.792,8.036,12.616
21-Aug-15,9.325,11.203,8.866,10.203,11.364,9.455,10.784,7.86,9.863,12.866,9.112,8.452,10.455,13.458,10.951,14.781,8.447,10.449,12.449,15.452,9.197,11.197,13.2,16.2,10.118,12.118,14.121,17.123,10.784,12.786,14.786,17.789,8.033,12.614
22-Aug-15,9.325,11.2,8.863,10.2,11.362,9.452,10.781,7.858,9.86,12.863,9.11,8.449,10.452,13.455,10.948,14.778,8.444,10.447,12.447,15.449,9.195,11.195,13.197,16.197,10.115,12.115,14.118,17.121,10.781,12.784,14.784,17.786,8.03,12.611
23-Aug-15,9.325,11.197,8.86,10.197,11.359,9.449,10.778,7.855,9.858,12.86,9.107,8.447,10.449,13.452,10.945,14.775,8.441,10.444,12.444,15.447,9.192,11.192,13.195,16.195,10.112,12.112,14.115,17.118,10.778,12.781,14.781,17.784,8.027,12.608
24-Aug-15,9.515,11.195,8.858,10.195,11.356,9.447,10.775,7.852,9.855,12.858,9.104,8.444,10.447,13.449,10.942,14.773,8.438,10.441,12.441,15.444,9.189,11.189,13.192,16.192,10.11,12.11,14.112,17.115,10.775,12.778,14.778,17.781,8.025,12.605
25-Aug-15,9.455,11.192,8.855,10.192,11.353,9.444,10.773,7.849,9.852,12.855,9.101,8.441,10.444,13.447,10.94,14.77,8.436,10.438,12.438,15.441,9.186,11.186,13.189,16.189,10.107,12.107,14.11,17.112,10.773,12.775,14.775,17.778,8.022,12.603
26-Aug-15,9.425,11.189,8.852,10.189,11.351,9.441,10.77,7.847,9.849,12.852,9.099,8.438,10.441,13.444,10.937,14.767,8.433,10.436,12.436,15.438,9.184,11.184,13.186,16.186,10.104,12.104,14.107,17.11,10.77,12.773,14.773,17.775,8.019,12.6
27-Aug-15,9.335,11.186,8.849,10.186,11.348,9.438,10.767,7.844,9.847,12.849,9.096,8.436,10.438,13.441,10.934,14.764,8.43,10.433,12.433,15.436,9.181,11.181,13.184,16.184,10.101,12.101,14.104,17.107,10.767,12.77,14.77,17.773,8.016,12.597
28-Aug-15,9.345,11.184,8.847,10.184,11.345,9.436,10.764,7.841,9.844,12.847,9.093,8.433,10.436,13.438,10.932,14.762,8.427,10.43,12.43,15.433,9.178,11.178,13.181,16.181,10.099,12.099,14.101,17.104,10.764,12.767,14.767,17.77,8.014,12.595
29-Aug-15,9.345,11.181,8.844,10.181,11.342,9.433,10.762,7.838,9.841,12.844,9.09,8.43,10.433,13.436,10.929,14.759,8.425,10.427,12.427,15.43,9.175,11.175,13.178,16.178,10.096,12.096,14.099,17.101,10.762,12.764,14.764,17.767,8.011,12.592
30-Aug-15,9.345,11.178,8.841,10.178,11.34,9.43,10.759,7.836,9.838,12.841,9.088,8.427,10.43,13.433,10.926,14.756,8.422,10.425,12.425,15.427,9.173,11.173,13.175,16.175,10.093,12.093,14.096,17.099,10.759,12.762,14.762,17.764,8.008,12.589
31-Aug-15,9.36,11.175,8.838,10.175,11.337,9.427,10.756,7.833,9.836,12.838,9.085,8.425,10.427,13.43,10.923,14.753,8.419,10.422,12.422,15.425,9.17,11.17,13.173,16.173,10.09,12.09,14.093,17.096,10.756,12.759,14.759,17.762,8.005,12.586
1-Sep-15,9.44,11.173,8.836,10.173,11.334,9.425,10.753,7.83,9.833,12.836,9.082,8.422,10.425,13.427,10.921,14.751,8.416,10.419,12.419,15.422,9.167,11.167,13.17,16.17,10.088,12.088,14.09,17.093,10.753,12.756,14.756,17.759,8.003,12.584
2-Sep-15,9.465,11.17,8.833,10.17,11.332,9.422,10.751,7.827,9.83,12.833,9.079,8.419,10.422,13.425,10.918,14.748,8.414,10.416,12.416,15.419,9.164,11.164,13.167,16.167,10.085,12.085,14.088,17.09,10.751,12.753,14.753,17.756,8,12.581
3-Sep-15,9.475,11.167,8.83,10.167,11.329,9.419,10.748,7.825,9.827,12.83,9.077,8.416,10.419,13.422,10.915,14.745,8.411,10.414,12.414,15.416,9.162,11.162,13.164,16.164,10.082,12.082,14.085,17.088,10.748,12.751,14.751,17.753,7.997,12.578
4-Sep-15,9.565,11.164,8.827,10.164,11.326,9.416,10.745,7.822,9.825,12.827,9.074,8.414,10.416,13.419,10.912,14.742,8.408,10.411,12.411,15.414,9.159,11.159,13.162,16.162,10.079,12.079,14.082,17.085,10.745,12.748,14.748,17.751,7.995,12.575
5-Sep-15,9.565,11.162,8.825,10.162,11.323,9.414,10.742,7.819,9.822,12.825,9.071,8.411,10.414,13.416,10.91,14.74,8.405,10.408,12.408,15.411,9.156,11.156,13.159,16.159,10.077,12.077,14.079,17.082,10.742,12.745,14.745,17.748,7.992,12.573
6-Sep-15,9.565,11.159,8.822,10.159,11.321,9.411,10.74,7.816,9.819,12.822,9.068,8.408,10.411,13.414,10.907,14.737,8.403,10.405,12.405,15.408,9.153,11.153,13.156,16.156,10.074,12.074,14.077,17.079,10.74,12.742,14.742,17.745,7.989,12.57
7-Sep-15,9.615,11.156,8.819,10.156,11.318,9.408,10.737,7.814,9.816,12.819,9.066,8.405,10.408,13.411,10.904,14.734,8.4,10.403,12.403,15.405,9.151,11.151,13.153,16.153,10.071,12.071,14.074,17.077,10.737,12.74,14.74,17.742,7.986,12.567
8-Sep-15,9.49,11.153,8.816,10.153,11.315,9.405,10.734,7.811,9.814,12.816,9.063,8.403,10.405,13.408,10.901,14.732,8.397,10.4,12.4,15.403,9.148,11.148,13.151,16.151,10.068,12.068,14.071,17.074,10.734,12.737,14.737,17.74,7.984,12.564
9-Sep-15,9.475,11.151,8.814,10.151,11.312,9.403,10.732,7.808,9.811,12.814,9.06,8.4,10.403,13.405,10.899,14.729,8.395,10.397,12.397,15.4,9.145,11.145,13.148,16.148,10.066,12.066,14.068,17.071,10.732,12.734,14.734,17.737,7.981,12.562
10-Sep-15,9.485,11.148,8.811,10.148,11.31,9.4,10.729,7.805,9.808,12.811,9.058,8.397,10.4,13.403,10.896,14.726,8.392,10.395,12.395,15.397,9.142,11.142,13.145,16.145,10.063,12.063,14.066,17.068,10.729,12.732,14.732,17.734,7.978,12.559
11-Sep-15,9.475,11.145,8.808,10.145,11.307,9.397,10.726,7.803,9.805,12.808,9.055,8.395,10.397,13.4,10.893,14.723,8.389,10.392,12.392,15.395,9.14,11.14,13.142,16.142,10.06,12.06,14.063,17.066,10.726,12.729,14.729,17.732,7.975,12.556
12-Sep-15,9.475,11.142,8.805,10.142,11.304,9.395,10.723,7.8,9.803,12.805,9.052,8.392,10.395,13.397,10.89,14.721,8.386,10.389,12.389,15.392,9.137,11.137,13.14,16.14,10.058,12.058,14.06,17.063,10.723,12.726,14.726,17.729,7.973,12.553
13-Sep-15,9.475,11.14,8.803,10.14,11.301,9.392,10.721,7.797,9.8,12.803,9.049,8.389,10.392,13.395,10.888,14.718,8.384,10.386,12.386,15.389,9.134,11.134,13.137,16.137,10.055,12.055,14.058,17.06,10.721,12.723,14.723,17.726,7.97,12.551
14-Sep-15,9.51,11.137,8.8,10.137,11.299,9.389,10.718,7.795,9.797,12.8,9.047,8.386,10.389,13.392,10.885,14.715,8.381,10.384,12.384,15.386,9.132,11.132,13.134,16.134,10.052,12.052,14.055,17.058,10.718,12.721,14.721,17.723,7.967,12.548
15-Sep-15,9.485,11.134,8.797,10.134,11.296,9.386,10.715,7.792,9.795,12.797,9.044,8.384,10.386,13.389,10.882,14.712,8.378,10.381,12.381,15.384,9.129,11.129,13.132,16.132,10.049,12.049,14.052,17.055,10.715,12.718,14.718,17.721,7.964,12.545
16-Sep-15,9.46,11.132,8.795,10.132,11.293,9.384,10.712,7.789,9.792,12.795,9.041,8.381,10.384,13.386,10.879,14.71,8.375,10.378,12.378,15.381,9.126,11.126,13.129,16.129,10.047,12.047,14.049,17.052,10.712,12.715,14.715,17.718,7.962,12.542
17-Sep-15,9.5,11.129,8.792,10.129,11.29,9.381,10.71,7.786,9.789,12.792,9.038,8.378,10.381,13.384,10.877,14.707,8.373,10.375,12.375,15.378,9.123,11.123,13.126,16.126,10.044,12.044,14.047,17.049,10.71,12.712,14.712,17.715,7.959,12.54
18-Sep-15,9.335,11.126,8.789,10.126,11.288,9.378,10.707,7.784,9.786,12.789,9.036,8.375,10.378,13.381,10.874,14.704,8.37,10.373,12.373,15.375,9.121,11.121,13.123,16.123,10.041,12.041,14.044,17.047,10.707,12.71,14.71,17.712,7.956,12.537
19-Sep-15,9.335,11.123,8.786,10.123,11.285,9.375,10.704,7.781,9.784,12.786,9.033,8.373,10.375,13.378,10.871,14.701,8.367,10.37,12.37,15.373,9.118,11.118,13.121,16.121,10.038,12.038,14.041,17.044,10.704,12.707,14.707,17.71,7.953,12.534
20-Sep-15,9.335,11.121,8.784,10.121,11.282,9.373,10.701,7.778,9.781,12.784,9.03,8.37,10.373,13.375,10.868,14.699,8.364,10.367,12.367,15.37,9.115,11.115,13.118,16.118,10.036,12.036,14.038,17.041,10.701,12.704,14.704,17.707,7.951,12.532
21-Sep-15,9.36,11.118,8.781,10.118,11.279,9.37,10.699,7.775,9.778,12.781,9.027,8.367,10.37,13.373,10.866,14.696,8.362,10.364,12.364,15.367,9.112,11.112,13.115,16.115,10.033,12.033,14.036,17.038,10.699,12.701,14.701,17.704,7.948,12.529
22-Sep-15,9.41,11.115,8.778,10.115,11.277,9.367,10.696,7.773,9.775,12.778,9.025,8.364,10.367,13.37,10.863,14.693,8.359,10.362,12.362,15.364,9.11,11.11,13.112,16.112,10.03,12.03,14.033,17.036,10.696,12.699,14.699,17.701,7.945,12.526
23-Sep-15,9.43,11.112,8.775,10.112,11.274,9.364,10.693,7.77,9.773,12.775,9.022,8.362,10.364,13.367,10.86,14.69,8.356,10.359,12.359,15.362,9.107,11.107,13.11,16.11,10.027,12.027,14.03,17.033,10.693,12.696,14.696,17.699,7.942,12.523
24-Sep-15,9.43,11.11,8.773,10.11,11.271,9.362,10.69,7.767,9.77,12.773,9.019,8.359,10.362,13.364,10.858,14.688,8.353,10.356,12.356,15.359,9.104,11.104,13.107,16.107,10.025,12.025,14.027,17.03,10.69,12.693,14.693,17.696,7.94,12.521
25-Sep-15,9.495,11.107,8.77,10.107,11.268,9.359,10.688,7.764,9.767,12.77,9.016,8.356,10.359,13.362,10.855,14.685,8.351,10.353,12.353,15.356,9.101,11.101,13.104,16.104,10.022,12.022,14.025,17.027,10.688,12.69,14.69,17.693,7.937,12.518
26-Sep-15,9.495,11.104,8.767,10.104,11.266,9.356,10.685,7.762,9.764,12.767,9.014,8.353,10.356,13.359,10.852,14.682,8.348,10.351,12.351,15.353,9.099,11.099,13.101,16.101,10.019,12.019,14.022,17.025,10.685,12.688,14.688,17.69,7.934,12.515
27-Sep-15,9.495,11.101,8.764,10.101,11.263,9.353,10.682,7.759,9.762,12.764,9.011,8.351,10.353,13.356,10.849,14.679,8.345,10.348,12.348,15.351,9.096,11.096,13.099,16.099,10.016,12.016,14.019,17.022,10.682,12.685,14.685,17.688,7.932,12.512
28-Sep-15,9.555,11.099,8.762,10.099,11.26,9.351,10.679,7.756,9.759,12.762,9.008,8.348,10.351,13.353,10.847,14.677,8.342,10.345,12.345,15.348,9.093,11.093,13.096,16.096,10.014,12.014,14.016,17.019,10.679,12.682,14.682,17.685,7.929,12.51
29-Sep-15,9.595,11.096,8.759,10.096,11.258,9.348,10.677,7.753,9.756,12.759,9.005,8.345,10.348,13.351,10.844,14.674,8.34,10.342,12.342,15.345,9.09,11.09,13.093,16.093,10.011,12.011,14.014,17.016,10.677,12.679,14.679,17.682,7.926,12.507
30-Sep-15,9.46,11.093,8.756,10.093,11.255,9.345,10.674,7.751,9.753,12.756,9.003,8.342,10.345,13.348,10.841,14.671,8.337,10.34,12.34,15.342,9.088,11.088,13.09,16.09,10.008,12.008,14.011,17.014,10.674,12.677,14.677,17.679,7.923,12.504
1-Oct-15,9.42,11.09,8.753,10.09,11.252,9.342,10.671,7.748,9.751,12.753,9,8.34,10.342,13.345,10.838,14.668,8.334,10.337,12.337,15.34,9.085,11.085,13.088,16.088,10.005,12.005,14.008,17.011,10.671,12.674,14.674,17.677,7.921,12.501
2-Oct-15,9.335,11.088,8.751,10.088,11.249,9.34,10.668,7.745,9.748,12.751,8.997,8.337,10.34,13.342,10.836,14.666,8.332,10.334,12.334,15.337,9.082,11.082,13.085,16.085,10.003,12.003,14.005,17.008,10.668,12.671,14.671,17.674,7.918,12.499
3-Oct-15,9.335,11.085,8.748,10.085,11.247,9.337,10.666,7.742,9.745,12.748,8.995,8.334,10.337,13.34,10.833,14.663,8.329,10.332,12.332,15.334,9.079,11.079,13.082,16.082,10,12,14.003,17.005,10.666,12.668,14.668,17.671,7.915,12.496
4-Oct-15,9.335,11.082,8.745,10.082,11.244,9.334,10.663,7.74,9.742,12.745,8.992,8.332,10.334,13.337,10.83,14.66,8.326,10.329,12.329,15.332,9.077,11.077,13.079,16.079,9.997,11.997,14,17.003,10.663,12.666,14.666,17.668,7.912,12.493
5-Oct-15,9.25,11.079,8.742,10.079,11.241,9.332,10.66,7.737,9.74,12.742,8.989,8.329,10.332,13.334,10.827,14.658,8.323,10.326,12.326,15.329,9.074,11.074,13.077,16.077,9.995,11.995,13.997,17,10.66,12.663,14.663,17.666,7.91,12.49
6-Oct-15,9.235,11.077,8.74,10.077,11.238,9.329,10.658,7.734,9.737,12.74,8.986,8.326,10.329,13.332,10.825,14.655,8.321,10.323,12.323,15.326,9.071,11.071,13.074,16.074,9.992,11.992,13.995,16.997,10.658,12.66,14.66,17.663,7.907,12.488
7-Oct-15,9.175,11.074,8.737,10.074,11.236,9.326,10.655,7.732,9.734,12.737,8.984,8.323,10.326,13.329,10.822,14.652,8.318,10.321,12.321,15.323,9.068,11.068,13.071,16.071,9.989,11.989,13.992,16.995,10.655,12.658,14.658,17.66,7.904,12.485
8-Oct-15,9.22,11.071,8.734,10.071,11.233,9.323,10.652,7.729,9.732,12.734,8.981,8.321,10.323,13.326,10.819,14.649,8.315,10.318,12.318,15.321,9.066,11.066,13.068,16.068,9.986,11.986,13.989,16.992,10.652,12.655,14.655,17.658,7.901,12.482
9-Oct-15,9.18,11.068,8.732,10.068,11.23,9.321,10.649,7.726,9.729,12.732,8.978,8.318,10.321,13.323,10.816,14.647,8.312,10.315,12.315,15.318,9.063,11.063,13.066,16.066,9.984,11.984,13.986,16.989,10.649,12.652,14.652,17.655,7.899,12.479
10-Oct-15,9.18,11.066,8.729,10.066,11.227,9.318,10.647,7.723,9.726,12.729,8.975,8.315,10.318,13.321,10.814,14.644,8.31,10.312,12.312,15.315,9.06,11.06,13.063,16.063,9.981,11.981,13.984,16.986,10.647,12.649,14.649,17.652,7.896,12.477
11-Oct-15,9.18,11.063,8.726,10.063,11.225,9.315,10.644,7.721,9.723,12.726,8.973,8.312,10.315,13.318,10.811,14.641,8.307,10.31,12.31,15.312,9.058,11.058,13.06,16.06,9.978,11.978,13.981,16.984,10.644,12.647,14.647,17.649,7.893,12.474
12-Oct-15,9.21,11.06,8.723,10.06,11.222,9.312,10.641,7.718,9.721,12.723,8.97,8.31,10.312,13.315,10.808,14.638,8.304,10.307,12.307,15.31,9.055,11.055,13.058,16.058,9.975,11.975,13.978,16.981,10.641,12.644,14.644,17.647,7.89,12.471
13-Oct-15,9.285,11.058,8.721,10.058,11.219,9.31,10.638,7.715,9.718,12.721,8.967,8.307,10.31,13.312,10.805,14.636,8.301,10.304,12.304,15.307,9.052,11.052,13.055,16.055,9.973,11.973,13.975,16.978,10.638,12.641,14.641,17.644,7.888,12.468
14-Oct-15,9.23,11.055,8.718,10.055,11.216,9.307,10.636,7.712,9.715,12.718,8.964,8.304,10.307,13.31,10.803,14.633,8.299,10.301,12.301,15.304,9.049,11.049,13.052,16.052,9.97,11.97,13.973,16.975,10.636,12.638,14.638,17.641,7.885,12.466
15-Oct-15,9.14,11.052,8.715,10.052,11.214,9.304,10.633,7.71,9.712,12.715,8.962,8.301,10.304,13.307,10.8,14.63,8.296,10.299,12.299,15.301,9.047,11.047,13.049,16.049,9.967,11.967,13.97,16.973,10.633,12.636,14.636,17.638,7.882,12.463
16-Oct-15,9.145,11.049,8.712,10.049,11.211,9.301,10.63,7.707,9.71,12.712,8.959,8.299,10.301,13.304,10.797,14.627,8.293,10.296,12.296,15.299,9.044,11.044,13.047,16.047,9.964,11.964,13.967,16.97,10.63,12.633,14.633,17.636,7.879,12.46
17-Oct-15,9.145,11.047,8.71,10.047,11.208,9.299,10.627,7.704,9.707,12.71,8.956,8.296,10.299,13.301,10.795,14.625,8.29,10.293,12.293,15.296,9.041,11.041,13.044,16.044,9.962,11.962,13.964,16.967,10.627,12.63,14.63,17.633,7.877,12.458
18-Oct-15,9.145,11.044,8.707,10.044,11.205,9.296,10.625,7.701,9.704,12.707,8.953,8.293,10.296,13.299,10.792,14.622,8.288,10.29,12.29,15.293,9.038,11.038,13.041,16.041,9.959,11.959,13.962,16.964,10.625,12.627,14.627,17.63,7.874,12.455
19-Oct-15,9.195,11.041,8.704,10.041,11.203,9.293,10.622,7.699,9.701,12.704,8.951,8.29,10.293,13.296,10.789,14.619,8.285,10.288,12.288,15.29,9.036,11.036,13.038,16.038,9.956,11.956,13.959,16.962,10.622,12.625,14.625,17.627,7.871,12.452
20-Oct-15,9.27,11.038,8.701,10.038,11.2,9.29,10.619,7.696,9.699,12.701,8.948,8.288,10.29,13.293,10.786,14.616,8.282,10.285,12.285,15.288,9.033,11.033,13.036,16.036,9.953,11.953,13.956,16.959,10.619,12.622,14.622,17.625,7.868,12.449
21-Oct-15,9.41,11.036,8.699,10.036,11.197,9.288,10.616,7.693,9.696,12.699,8.945,8.285,10.288,13.29,10.784,14.614,8.279,10.282,12.282,15.285,9.03,11.03,13.033,16.033,9.951,11.951,13.953,16.956,10.616,12.619,14.619,17.622,7.866,12.447
22-Oct-15,9.385,11.033,8.696,10.033,11.195,9.285,10.614,7.69,9.693,12.696,8.942,8.282,10.285,13.288,10.781,14.611,8.277,10.279,12.279,15.282,9.027,11.027,13.03,16.03,9.948,11.948,13.951,16.953,10.614,12.616,14.616,17.619,7.863,12.444
23-Oct-15,9.39,11.03,8.693,10.03,11.192,9.282,10.611,7.688,9.69,12.693,8.94,8.279,10.282,13.285,10.778,14.608,8.274,10.277,12.277,15.279,9.025,11.025,13.027,16.027,9.945,11.945,13.948,16.951,10.611,12.614,14.614,17.616,7.86,12.441
24-Oct-15,9.39,11.027,8.69,10.027,11.189,9.279,10.608,7.685,9.688,12.69,8.937,8.277,10.279,13.282,10.775,14.605,8.271,10.274,12.274,15.277,9.022,11.022,13.025,16.025,9.942,11.942,13.945,16.948,10.608,12.611,14.611,17.614,7.858,12.438
25-Oct-15,9.39,11.025,8.688,10.025,11.186,9.277,10.605,7.682,9.685,12.688,8.934,8.274,10.277,13.279,10.773,14.603,8.268,10.271,12.271,15.274,9.019,11.019,13.022,16.022,9.94,11.94,13.942,16.945,10.605,12.608,14.608,17.611,7.855,12.436
26-Oct-15,9.35,11.022,8.685,10.022,11.184,9.274,10.603,7.679,9.682,12.685,8.932,8.271,10.274,13.277,10.77,14.6,8.266,10.268,12.268,15.271,9.016,11.016,13.019,16.019,9.937,11.937,13.94,16.942,10.603,12.605,14.605,17.608,7.852,12.433
27-Oct-15,9.38,11.019,8.682,10.019,11.181,9.271,10.6,7.677,9.679,12.682,8.929,8.268,10.271,13.274,10.767,14.597,8.263,10.266,12.266,15.268,9.014,11.014,13.016,16.016,9.934,11.934,13.937,16.94,10.6,12.603,14.603,17.605,7.849,12.43
28-Oct-15,9.31,11.016,8.679,10.016,11.178,9.268,10.597,7.674,9.677,12.679,8.926,8.266,10.268,13.271,10.764,14.595,8.26,10.263,12.263,15.266,9.011,11.011,13.014,16.014,9.932,11.932,13.934,16.937,10.597,12.6,14.6,17.603,7.847,12.427
29-Oct-15,9.4,11.014,8.677,10.014,11.175,9.266,10.595,7.671,9.674,12.677,8.923,8.263,10.266,13.268,10.762,14.592,8.258,10.26,12.26,15.263,9.008,11.008,13.011,16.011,9.929,11.929,13.932,16.934,10.595,12.597,14.597,17.6,7.844,12.425
30-Oct-15,9.34,11.011,8.674,10.011,11.173,9.263,10.592,7.668,9.671,12.674,8.921,8.26,10.263,13.266,10.759,14.589,8.255,10.258,12.258,15.26,9.005,11.005,13.008,16.008,9.926,11.926,13.929,16.932,10.592,12.595,14.595,17.597,7.841,12.422
31-Oct-15,9.34,11.008,8.671,10.008,11.17,9.26,10.589,7.666,9.668,12.671,8.918,8.258,10.26,13.263,10.756,14.586,8.252,10.255,12.255,15.258,9.003,11.003,13.005,16.005,9.923,11.923,13.926,16.929,10.589,12.592,14.592,17.595,7.838,12.419
1-Nov-15,9.34,11.005,8.668,10.005,11.167,9.258,10.586,7.663,9.666,12.668,8.915,8.255,10.258,13.26,10.753,14.584,8.249,10.252,12.252,15.255,9,11,13.003,16.003,9.921,11.921,13.923,16.926,10.586,12.589,14.589,17.592,7.836,12.416
2-Nov-15,9.35,11.003,8.666,10.003,11.164,9.255,10.584,7.66,9.663,12.666,8.912,8.252,10.255,13.258,10.751,14.581,8.247,10.249,12.249,15.252,8.997,10.997,13,16,9.918,11.918,13.921,16.923,10.584,12.586,14.586,17.589,7.833,12.414
3-Nov-15,9.41,11,8.663,10,11.162,9.252,10.581,7.658,9.66,12.663,8.91,8.249,10.252,13.255,10.748,14.578,8.244,10.247,12.247,15.249,8.995,10.995,12.997,15.997,9.915,11.915,13.918,16.921,10.581,12.584,14.584,17.586,7.83,12.411
4-Nov-15,9.43,10.997,8.66,9.997,11.159,9.249,10.578,7.655,9.658,12.66,8.907,8.247,10.249,13.252,10.745,14.575,8.241,10.244,12.244,15.247,8.992,10.992,12.995,15.995,9.912,11.912,13.915,16.918,10.578,12.581,14.581,17.584,7.827,12.408
5-Nov-15,9.445,10.995,8.658,9.995,11.156,9.247,10.575,7.652,9.655,12.658,8.904,8.244,10.247,13.249,10.742,14.573,8.238,10.241,12.241,15.244,8.989,10.989,12.992,15.992,9.91,11.91,13.912,16.915,10.575,12.578,14.578,17.581,7.825,12.405
6-Nov-15,9.51,10.992,8.655,9.992,11.153,9.244,10.573,7.649,9.652,12.655,8.901,8.241,10.244,13.247,10.74,14.57,8.236,10.238,12.238,15.241,8.986,10.986,12.989,15.989,9.907,11.907,13.91,16.912,10.573,12.575,14.575,17.578,7.822,12.403
7-Nov-15,9.51,10.989,8.652,9.989,11.151,9.241,10.57,7.647,9.649,12.652,8.899,8.238,10.241,13.244,10.737,14.567,8.233,10.236,12.236,15.238,8.984,10.984,12.986,15.986,9.904,11.904,13.907,16.91,10.57,12.573,14.573,17.575,7.819,12.4
8-Nov-15,9.51,10.986,8.649,9.986,11.148,9.238,10.567,7.644,9.647,12.649,8.896,8.236,10.238,13.241,10.734,14.564,8.23,10.233,12.233,15.236,8.981,10.981,12.984,15.984,9.901,11.901,13.904,16.907,10.567,12.57,14.57,17.573,7.816,12.397
9-Nov-15,9.595,10.984,8.647,9.984,11.145,9.236,10.564,7.641,9.644,12.647,8.893,8.233,10.236,13.238,10.732,14.562,8.227,10.23,12.23,15.233,8.978,10.978,12.981,15.981,9.899,11.899,13.901,16.904,10.564,12.567,14.567,17.57,7.814,12.395
10-Nov-15,9.59,10.981,8.644,9.981,11.142,9.233,10.562,7.638,9.641,12.644,8.89,8.23,10.233,13.236,10.729,14.559,8.225,10.227,12.227,15.23,8.975,10.975,12.978,15.978,9.896,11.896,13.899,16.901,10.562,12.564,14.564,17.567,7.811,12.392
11-Nov-15,9.55,10.978,8.641,9.978,11.14,9.23,10.559,7.636,9.638,12.641,8.888,8.227,10.23,13.233,10.726,14.556,8.222,10.225,12.225,15.227,8.973,10.973,12.975,15.975,9.893,11.893,13.896,16.899,10.559,12.562,14.562,17.564,7.808,12.389
12-Nov-15,9.595,10.975,8.638,9.975,11.137,9.227,10.556,7.633,9.636,12.638,8.885,8.225,10.227,13.23,10.723,14.553,8.219,10.222,12.222,15.225,8.97,10.97,12.973,15.973,9.89,11.89,13.893,16.896,10.556,12.559,14.559,17.562,7.805,12.386
13-Nov-15,9.635,10.973,8.636,9.973,11.134,9.225,10.553,7.63,9.633,12.636,8.882,8.222,10.225,13.227,10.721,14.551,8.216,10.219,12.219,15.222,8.967,10.967,12.97,15.97,9.888,11.888,13.89,16.893,10.553,12.556,14.556,17.559,7.803,12.384
14-Nov-15,9.635,10.97,8.633,9.97,11.132,9.222,10.551,7.627,9.63,12.633,8.879,8.219,10.222,13.225,10.718,14.548,8.214,10.216,12.216,15.219,8.964,10.964,12.967,15.967,9.885,11.885,13.888,16.89,10.551,12.553,14.553,17.556,7.8,12.381
15-Nov-15,9.635,10.967,8.63,9.967,11.129,9.219,10.548,7.625,9.627,12.63,8.877,8.216,10.219,13.222,10.715,14.545,8.211,10.214,12.214,15.216,8.962,10.962,12.964,15.964,9.882,11.882,13.885,16.888,10.548,12.551,14.551,17.553,7.797,12.378
16-Nov-15,9.605,10.964,8.627,9.964,11.126,9.216,10.545,7.622,9.625,12.627,8.874,8.214,10.216,13.219,10.712,14.542,8.208,10.211,12.211,15.214,8.959,10.959,12.962,15.962,9.879,11.879,13.882,16.885,10.545,12.548,14.548,17.551,7.795,12.375
17-Nov-15,9.545,10.962,8.625,9.962,11.123,9.214,10.542,7.619,9.622,12.625,8.871,8.211,10.214,13.216,10.71,14.54,8.205,10.208,12.208,15.211,8.956,10.956,12.959,15.959,9.877,11.877,13.879,16.882,10.542,12.545,14.545,17.548,7.792,12.373
18-Nov-15,9.52,10.959,8.622,9.959,11.121,9.211,10.54,7.616,9.619,12.622,8.868,8.208,10.211,13.214,10.707,14.537,8.203,10.205,12.205,15.208,8.953,10.953,12.956,15.956,9.874,11.874,13.877,16.879,10.54,12.542,14.542,17.545,7.789,12.37
19-Nov-15,9.455,10.956,8.619,9.956,11.118,9.208,10.537,7.614,9.616,12.619,8.866,8.205,10.208,13.211,10.704,14.534,8.2,10.203,12.203,15.205,8.951,10.951,12.953,15.953,9.871,11.871,13.874,16.877,10.537,12.54,14.54,17.542,7.786,12.367
20-Nov-15,9.415,10.953,8.616,9.953,11.115,9.205,10.534,7.611,9.614,12.616,8.863,8.203,10.205,13.208,10.701,14.532,8.197,10.2,12.2,15.203,8.948,10.948,12.951,15.951,9.868,11.868,13.871,16.874,10.534,12.537,14.537,17.54,7.784,12.364
21-Nov-15,9.415,10.951,8.614,9.951,11.112,9.203,10.532,7.608,9.611,12.614,8.86,8.2,10.203,13.205,10.699,14.529,8.195,10.197,12.197,15.2,8.945,10.945,12.948,15.948,9.866,11.866,13.868,16.871,10.532,12.534,14.534,17.537,7.781,12.362
22-Nov-15,9.415,10.948,8.611,9.948,11.11,9.2,10.529,7.605,9.608,12.611,8.858,8.197,10.2,13.203,10.696,14.526,8.192,10.195,12.195,15.197,8.942,10.942,12.945,15.945,9.863,11.863,13.866,16.868,10.529,12.532,14.532,17.534,7.778,12.359
23-Nov-15,9.45,10.945,8.608,9.945,11.107,9.197,10.526,7.603,9.605,12.608,8.855,8.195,10.197,13.2,10.693,14.523,8.189,10.192,12.192,15.195,8.94,10.94,12.942,15.942,9.86,11.86,13.863,16.866,10.526,12.529,14.529,17.532,7.775,12.356
24-Nov-15,9.45,10.942,8.605,9.942,11.104,9.195,10.523,7.6,9.603,12.605,8.852,8.192,10.195,13.197,10.69,14.521,8.186,10.189,12.189,15.192,8.937,10.937,12.94,15.94,9.858,11.858,13.86,16.863,10.523,12.526,14.526,17.529,7.773,12.353
25-Nov-15,9.46,10.94,8.603,9.94,11.101,9.192,10.521,7.597,9.6,12.603,8.849,8.189,10.192,13.195,10.688,14.518,8.184,10.186,12.186,15.189,8.934,10.934,12.937,15.937,9.855,11.855,13.858,16.86,10.521,12.523,14.523,17.526,7.77,12.351
26-Nov-15,9.515,10.937,8.6,9.937,11.099,9.189,10.518,7.595,9.597,12.6,8.847,8.186,10.189,13.192,10.685,14.515,8.181,10.184,12.184,15.186,8.932,10.932,12.934,15.934,9.852,11.852,13.855,16.858,10.518,12.521,14.521,17.523,7.767,12.348
27-Nov-15,9.56,10.934,8.597,9.934,11.096,9.186,10.515,7.592,9.595,12.597,8.844,8.184,10.186,13.189,10.682,14.512,8.178,10.181,12.181,15.184,8.929,10.929,12.932,15.932,9.849,11.849,13.852,16.855,10.515,12.518,14.518,17.521,7.764,12.345
28-Nov-15,9.56,10.932,8.595,9.932,11.093,9.184,10.512,7.589,9.592,12.595,8.841,8.181,10.184,13.186,10.679,14.51,8.175,10.178,12.178,15.181,8.926,10.926,12.929,15.929,9.847,11.847,13.849,16.852,10.512,12.515,14.515,17.518,7.762,12.342
29-Nov-15,9.56,10.929,8.592,9.929,11.09,9.181,10.51,7.586,9.589,12.592,8.838,8.178,10.181,13.184,10.677,14.507,8.173,10.175,12.175,15.178,8.923,10.923,12.926,15.926,9.844,11.844,13.847,16.849,10.51,12.512,14.512,17.515,7.759,12.34
30-Nov-15,9.575,10.926,8.589,9.926,11.088,9.178,10.507,7.584,9.586,12.589,8.836,8.175,10.178,13.181,10.674,14.504,8.17,10.173,12.173,15.175,8.921,10.921,12.923,15.923,9.841,11.841,13.844,16.847,10.507,12.51,14.51,17.512,7.756,12.337
1-Dec-15,9.625,10.923,8.586,9.923,11.085,9.175,10.504,7.581,9.584,12.586,8.833,8.173,10.175,13.178,10.671,14.501,8.167,10.17,12.17,15.173,8.918,10.918,12.921,15.921,9.838,11.838,13.841,16.844,10.504,12.507,14.507,17.51,7.753,12.334
2-Dec-15,9.615,10.921,8.584,9.921,11.082,9.173,10.501,7.578,9.581,12.584,8.83,8.17,10.173,13.175,10.668,14.499,8.164,10.167,12.167,15.17,8.915,10.915,12.918,15.918,9.836,11.836,13.838,16.841,10.501,12.504,14.504,17.507,7.751,12.332
3-Dec-15,9.635,10.918,8.581,9.918,11.079,9.17,10.499,7.575,9.578,12.581,8.827,8.167,10.17,13.173,10.666,14.496,8.162,10.164,12.164,15.167,8.912,10.912,12.915,15.915,9.833,11.833,13.836,16.838,10.499,12.501,14.501,17.504,7.748,12.329
4-Dec-15,9.65,10.915,8.578,9.915,11.077,9.167,10.496,7.573,9.575,12.578,8.825,8.164,10.167,13.17,10.663,14.493,8.159,10.162,12.162,15.164,8.91,10.91,12.912,15.912,9.83,11.83,13.833,16.836,10.496,12.499,14.499,17.501,7.745,12.326
5-Dec-15,9.65,10.912,8.575,9.912,11.074,9.164,10.493,7.57,9.573,12.575,8.822,8.162,10.164,13.167,10.66,14.49,8.156,10.159,12.159,15.162,8.907,10.907,12.91,15.91,9.827,11.827,13.83,16.833,10.493,12.496,14.496,17.499,7.742,12.323
6-Dec-15,9.65,10.91,8.573,9.91,11.071,9.162,10.49,7.567,9.57,12.573,8.819,8.159,10.162,13.164,10.658,14.488,8.153,10.156,12.156,15.159,8.904,10.904,12.907,15.907,9.825,11.825,13.827,16.83,10.49,12.493,14.493,17.496,7.74,12.321
7-Dec-15,9.755,10.907,8.57,9.907,11.068,9.159,10.488,7.564,9.567,12.57,8.816,8.156,10.159,13.162,10.655,14.485,8.151,10.153,12.153,15.156,8.901,10.901,12.904,15.904,9.822,11.822,13.825,16.827,10.488,12.49,14.49,17.493,7.737,12.318
8-Dec-15,9.825,10.904,8.567,9.904,11.066,9.156,10.485,7.562,9.564,12.567,8.814,8.153,10.156,13.159,10.652,14.482,8.148,10.151,12.151,15.153,8.899,10.899,12.901,15.901,9.819,11.819,13.822,16.825,10.485,12.488,14.488,17.49,7.734,12.315
9-Dec-15,9.835,10.901,8.564,9.901,11.063,9.153,10.482,7.559,9.562,12.564,8.811,8.151,10.153,13.156,10.649,14.479,8.145,10.148,12.148,15.151,8.896,10.896,12.899,15.899,9.816,11.816,13.819,16.822,10.482,12.485,14.485,17.488,7.732,12.312
10-Dec-15,10.645,10.899,8.562,9.899,11.06,9.151,10.479,7.556,9.559,12.562,8.808,8.148,10.151,13.153,10.647,14.477,8.142,10.145,12.145,15.148,8.893,10.893,12.896,15.896,9.814,11.814,13.816,16.819,10.479,12.482,14.482,17.485,7.729,12.31
11-Dec-15,11.38,10.896,8.559,9.896,11.058,9.148,10.477,7.553,9.556,12.559,8.805,8.145,10.148,13.151,10.644,14.474,8.14,10.142,12.142,15.145,8.89,10.89,12.893,15.893,9.811,11.811,13.814,16.816,10.477,12.479,14.479,17.482,7.726,12.307
12-Dec-15,11.38,10.893,8.556,9.893,11.055,9.145,10.474,7.551,9.553,12.556,8.803,8.142,10.145,13.148,10.641,14.471,8.137,10.14,12.14,15.142,8.888,10.888,12.89,15.89,9.808,11.808,13.811,16.814,10.474,12.477,14.477,17.479,7.723,12.304
13-Dec-15,11.38,10.89,8.553,9.89,11.052,9.142,10.471,7.548,9.551,12.553,8.8,8.14,10.142,13.145,10.638,14.468,8.134,10.137,12.137,15.14,8.885,10.885,12.888,15.888,9.805,11.805,13.808,16.811,10.471,12.474,14.474,17.477,7.721,12.301
14-Dec-15,11,10.888,8.551,9.888,11.049,9.14,10.468,7.545,9.548,12.551,8.797,8.137,10.14,13.142,10.636,14.466,8.132,10.134,12.134,15.137,8.882,10.882,12.885,15.885,9.803,11.803,13.805,16.808,10.468,12.471,14.471,17.474,7.718,12.299
15-Dec-15,10.52,10.885,8.548,9.885,11.047,9.137,10.466,7.542,9.545,12.548,8.795,8.134,10.137,13.14,10.633,14.463,8.129,10.132,12.132,15.134,8.879,10.879,12.882,15.882,9.8,11.8,13.803,16.805,10.466,12.468,14.468,17.471,7.715,12.296
16-Dec-15,10.52,10.882,8.545,9.882,11.044,9.134,10.463,7.54,9.542,12.545,8.792,8.132,10.134,13.137,10.63,14.46,8.126,10.129,12.129,15.132,8.877,10.877,12.879,15.879,9.797,11.797,13.8,16.803,10.463,12.466,14.466,17.468,7.712,12.293
17-Dec-15,10.25,10.879,8.542,9.879,11.041,9.132,10.46,7.537,9.54,12.542,8.789,8.129,10.132,13.134,10.627,14.458,8.123,10.126,12.126,15.129,8.874,10.874,12.877,15.877,9.795,11.795,13.797,16.8,10.46,12.463,14.463,17.466,7.71,12.29
18-Dec-15,10.355,10.877,8.54,9.877,11.038,9.129,10.458,7.534,9.537,12.54,8.786,8.126,10.129,13.132,10.625,14.455,8.121,10.123,12.123,15.126,8.871,10.871,12.874,15.874,9.792,11.792,13.795,16.797,10.458,12.46,14.46,17.463,7.707,12.288
19-Dec-15,10.355,10.874,8.537,9.874,11.036,9.126,10.455,7.532,9.534,12.537,8.784,8.123,10.126,13.129,10.622,14.452,8.118,10.121,12.121,15.123,8.868,10.868,12.871,15.871,9.789,11.789,13.792,16.795,10.455,12.458,14.458,17.46,7.704,12.285
20-Dec-15,10.355,10.871,8.534,9.871,11.033,9.123,10.452,7.529,9.532,12.534,8.781,8.121,10.123,13.126,10.619,14.449,8.115,10.118,12.118,15.121,8.866,10.866,12.868,15.868,9.786,11.786,13.789,16.792,10.452,12.455,14.455,17.458,7.701,12.282
21-Dec-15,10.355,10.868,8.532,9.868,11.03,9.121,10.449,7.526,9.529,12.532,8.778,8.118,10.121,13.123,10.616,14.447,8.112,10.115,12.115,15.118,8.863,10.863,12.866,15.866,9.784,11.784,13.786,16.789,10.449,12.452,14.452,17.455,7.699,12.279
22-Dec-15,10.445,10.866,8.529,9.866,11.027,9.118,10.447,7.523,9.526,12.529,8.775,8.115,10.118,13.121,10.614,14.444,8.11,10.112,12.112,15.115,8.86,10.86,12.863,15.863,9.781,11.781,13.784,16.786,10.447,12.449,14.449,17.452,7.696,12.277
23-Dec-15,10.465,10.863,8.526,9.863,11.025,9.115,10.444,7.521,9.523,12.526,8.773,8.112,10.115,13.118,10.611,14.441,8.107,10.11,12.11,15.112,8.858,10.858,12.86,15.86,9.778,11.778,13.781,16.784,10.444,12.447,14.447,17.449,7.693,12.274
24-Dec-15,10.49,10.86,8.523,9.86,11.022,9.112,10.441,7.518,9.521,12.523,8.77,8.11,10.112,13.115,10.608,14.438,8.104,10.107,12.107,15.11,8.855,10.855,12.858,15.858,9.775,11.775,13.778,16.781,10.441,12.444,14.444,17.447,7.69,12.271
25-Dec-15,10.49,10.858,8.521,9.858,11.019,9.11,10.438,7.515,9.518,12.521,8.767,8.107,10.11,13.112,10.605,14.436,8.101,10.104,12.104,15.107,8.852,10.852,12.855,15.855,9.773,11.773,13.775,16.778,10.438,12.441,14.441,17.444,7.688,12.268
26-Dec-15,10.49,10.855,8.518,9.855,11.016,9.107,10.436,7.512,9.515,12.518,8.764,8.104,10.107,13.11,10.603,14.433,8.099,10.101,12.101,15.104,8.849,10.849,12.852,15.852,9.77,11.77,13.773,16.775,10.436,12.438,14.438,17.441,7.685,12.266
27-Dec-15,10.49,10.852,8.515,9.852,11.014,9.104,10.433,7.51,9.512,12.515,8.762,8.101,10.104,13.107,10.6,14.43,8.096,10.099,12.099,15.101,8.847,10.847,12.849,15.849,9.767,11.767,13.77,16.773,10.433,12.436,14.436,17.438,7.682,12.263
28-Dec-15,10.595,10.849,8.512,9.849,11.011,9.101,10.43,7.507,9.51,12.512,8.759,8.099,10.101,13.104,10.597,14.427,8.093,10.096,12.096,15.099,8.844,10.844,12.847,15.847,9.764,11.764,13.767,16.77,10.43,12.433,14.433,17.436,7.679,12.26
29-Dec-15,10.56,10.847,8.51,9.847,11.008,9.099,10.427,7.504,9.507,12.51,8.756,8.096,10.099,13.101,10.595,14.425,8.09,10.093,12.093,15.096,8.841,10.841,12.844,15.844,9.762,11.762,13.764,16.767,10.427,12.43,14.43,17.433,7.677,12.258
30-Dec-15,10.645,10.844,8.507,9.844,11.005,9.096,10.425,7.501,9.504,12.507,8.753,8.093,10.096,13.099,10.592,14.422,8.088,10.09,12.09,15.093,8.838,10.838,12.841,15.841,9.759,11.759,13.762,16.764,10.425,12.427,14.427,17.43,7.674,12.255
31-Dec-15,10.77,10.841,8.504,9.841,11.003,9.093,10.422,7.499,9.501,12.504,8.751,8.09,10.093,13.096,10.589,14.419,8.085,10.088,12.088,15.09,8.836,10.836,12.838,15.838,9.756,11.756,13.759,16.762,10.422,12.425,14.425,17.427,7.671,12.252
1-Jan-16,10.77,10.838,8.501,9.838,11,9.09,10.419,7.496,9.499,12.501,8.748,8.088,10.09,13.093,10.586,14.416,8.082,10.085,12.085,15.088,8.833,10.833,12.836,15.836,9.753,11.753,13.756,16.759,10.419,12.422,14.422,17.425,7.668,12.249
2-Jan-16,10.77,10.836,8.499,9.836,10.997,9.088,10.416,7.493,9.496,12.499,8.745,8.085,10.088,13.09,10.584,14.414,8.079,10.082,12.082,15.085,8.83,10.83,12.833,15.833,9.751,11.751,13.753,16.756,10.416,12.419,14.419,17.422,7.666,12.247
3-Jan-16,10.77,10.833,8.496,9.833,10.995,9.085,10.414,7.49,9.493,12.496,8.742,8.082,10.085,13.088,10.581,14.411,8.077,10.079,12.079,15.082,8.827,10.827,12.83,15.83,9.748,11.748,13.751,16.753,10.414,12.416,14.416,17.419,7.663,12.244
4-Jan-16,10.725,10.83,8.493,9.83,10.992,9.082,10.411,7.488,9.49,12.493,8.74,8.079,10.082,13.085,10.578,14.408,8.074,10.077,12.077,15.079,8.825,10.825,12.827,15.827,9.745,11.745,13.748,16.751,10.411,12.414,14.414,17.416,7.66,12.241
5-Jan-16,10.645,10.827,8.49,9.827,10.989,9.079,10.408,7.485,9.488,12.49,8.737,8.077,10.079,13.082,10.575,14.405,8.071,10.074,12.074,15.077,8.822,10.822,12.825,15.825,9.742,11.742,13.745,16.748,10.408,12.411,14.411,17.414,7.658,12.238
6-Jan-16,10.555,10.825,8.488,9.825,10.986,9.077,10.405,7.482,9.485,12.488,8.734,8.074,10.077,13.079,10.573,14.403,8.068,10.071,12.071,15.074,8.819,10.819,12.822,15.822,9.74,11.74,13.742,16.745,10.405,12.408,14.408,17.411,7.655,12.236
7-Jan-16,10.615,10.822,8.485,9.822,10.984,9.074,10.403,7.479,9.482,12.485,8.732,8.071,10.074,13.077,10.57,14.4,8.066,10.068,12.068,15.071,8.816,10.816,12.819,15.819,9.737,11.737,13.74,16.742,10.403,12.405,14.405,17.408,7.652,12.233
8-Jan-16,10.525,10.819,8.482,9.819,10.981,9.071,10.4,7.477,9.479,12.482,8.729,8.068,10.071,13.074,10.567,14.397,8.063,10.066,12.066,15.068,8.814,10.814,12.816,15.816,9.734,11.734,13.737,16.74,10.4,12.403,14.403,17.405,7.649,12.23
9-Jan-16,10.525,10.816,8.479,9.816,10.978,9.068,10.397,7.474,9.477,12.479,8.726,8.066,10.068,13.071,10.564,14.395,8.06,10.063,12.063,15.066,8.811,10.811,12.814,15.814,9.732,11.732,13.734,16.737,10.397,12.4,14.4,17.403,7.647,12.227
10-Jan-16,10.525,10.814,8.477,9.814,10.975,9.066,10.395,7.471,9.474,12.477,8.723,8.063,10.066,13.068,10.562,14.392,8.058,10.06,12.06,15.063,8.808,10.808,12.811,15.811,9.729,11.729,13.732,16.734,10.395,12.397,14.397,17.4,7.644,12.225
11-Jan-16,10.685,10.811,8.474,9.811,10.973,9.063,10.392,7.468,9.471,12.474,8.721,8.06,10.063,13.066,10.559,14.389,8.055,10.058,12.058,15.06,8.805,10.805,12.808,15.808,9.726,11.726,13.729,16.732,10.392,12.395,14.395,17.397,7.641,12.222
12-Jan-16,10.665,10.808,8.471,9.808,10.97,9.06,10.389,7.466,9.468,12.471,8.718,8.058,10.06,13.063,10.556,14.386,8.052,10.055,12.055,15.058,8.803,10.803,12.805,15.805,9.723,11.723,13.726,16.729,10.389,12.392,14.392,17.395,7.638,12.219
13-Jan-16,10.555,10.805,8.468,9.805,10.967,9.058,10.386,7.463,9.466,12.468,8.715,8.055,10.058,13.06,10.553,14.384,8.049,10.052,12.052,15.055,8.8,10.8,12.803,15.803,9.721,11.721,13.723,16.726,10.386,12.389,14.389,17.392,7.636,12.216
14-Jan-16,10.66,10.803,8.466,9.803,10.964,9.055,10.384,7.46,9.463,12.466,8.712,8.052,10.055,13.058,10.551,14.381,8.047,10.049,12.049,15.052,8.797,10.797,12.8,15.8,9.718,11.718,13.721,16.723,10.384,12.386,14.386,17.389,7.633,12.214
15-Jan-16,10.715,10.8,8.463,9.8,10.962,9.052,10.381,7.458,9.46,12.463,8.71,8.049,10.052,13.055,10.548,14.378,8.044,10.047,12.047,15.049,8.795,10.795,12.797,15.797,9.715,11.715,13.718,16.721,10.381,12.384,14.384,17.386,7.63,12.211
16-Jan-16,10.715,10.797,8.46,9.797,10.959,9.049,10.378,7.455,9.458,12.46,8.707,8.047,10.049,13.052,10.545,14.375,8.041,10.044,12.044,15.047,8.792,10.792,12.795,15.795,9.712,11.712,13.715,16.718,10.378,12.381,14.381,17.384,7.627,12.208
17-Jan-16,10.715,10.795,8.458,9.795,10.956,9.047,10.375,7.452,9.455,12.458,8.704,8.044,10.047,13.049,10.542,14.373,8.038,10.041,12.041,15.044,8.789,10.789,12.792,15.792,9.71,11.71,13.712,16.715,10.375,12.378,14.378,17.381,7.625,12.205
18-Jan-16,10.83,10.792,8.455,9.792,10.953,9.044,10.373,7.449,9.452,12.455,8.701,8.041,10.044,13.047,10.54,14.37,8.036,10.038,12.038,15.041,8.786,10.786,12.789,15.789,9.707,11.707,13.71,16.712,10.373,12.375,14.375,17.378,7.622,12.203
19-Jan-16,10.745,10.789,8.452,9.789,10.951,9.041,10.37,7.447,9.449,12.452,8.699,8.038,10.041,13.044,10.537,14.367,8.033,10.036,12.036,15.038,8.784,10.784,12.786,15.786,9.704,11.704,13.707,16.71,10.37,12.373,14.373,17.375,7.619,12.2
20-Jan-16,10.705,10.786,8.449,9.786,10.948,9.038,10.367,7.444,9.447,12.449,8.696,8.036,10.038,13.041,10.534,14.364,8.03,10.033,12.033,15.036,8.781,10.781,12.784,15.784,9.701,11.701,13.704,16.707,10.367,12.37,14.37,17.373,7.616,12.197
21-Jan-16,10.635,10.784,8.447,9.784,10.945,9.036,10.364,7.441,9.444,12.447,8.693,8.033,10.036,13.038,10.532,14.362,8.027,10.03,12.03,15.033,8.778,10.778,12.781,15.781,9.699,11.699,13.701,16.704,10.364,12.367,14.367,17.37,7.614,12.195
22-Jan-16,10.58,10.781,8.444,9.781,10.942,9.033,10.362,7.438,9.441,12.444,8.69,8.03,10.033,13.036,10.529,14.359,8.025,10.027,12.027,15.03,8.775,10.775,12.778,15.778,9.696,11.696,13.699,16.701,10.362,12.364,14.364,17.367,7.611,12.192
23-Jan-16,10.58,10.778,8.441,9.778,10.94,9.03,10.359,7.436,9.438,12.441,8.688,8.027,10.03,13.033,10.526,14.356,8.022,10.025,12.025,15.027,8.773,10.773,12.775,15.775,9.693,11.693,13.696,16.699,10.359,12.362,14.362,17.364,7.608,12.189
24-Jan-16,10.58,10.775,8.438,9.775,10.937,9.027,10.356,7.433,9.436,12.438,8.685,8.025,10.027,13.03,10.523,14.353,8.019,10.022,12.022,15.025,8.77,10.77,12.773,15.773,9.69,11.69,13.693,16.696,10.356,12.359,14.359,17.362,7.605,12.186
25-Jan-16,10.635,10.773,8.436,9.773,10.934,9.025,10.353,7.43,9.433,12.436,8.682,8.022,10.025,13.027,10.521,14.351,8.016,10.019,12.019,15.022,8.767,10.767,12.77,15.77,9.688,11.688,13.69,16.693,10.353,12.356,14.356,17.359,7.603,12.184
26-Jan-16,10.655,10.77,8.433,9.77,10.932,9.022,10.351,7.427,9.43,12.433,8.679,8.019,10.022,13.025,10.518,14.348,8.014,10.016,12.016,15.019,8.764,10.764,12.767,15.767,9.685,11.685,13.688,16.69,10.351,12.353,14.353,17.356,7.6,12.181
27-Jan-16,10.605,10.767,8.43,9.767,10.929,9.019,10.348,7.425,9.427,12.43,8.677,8.016,10.019,13.022,10.515,14.345,8.011,10.014,12.014,15.016,8.762,10.762,12.764,15.764,9.682,11.682,13.685,16.688,10.348,12.351,14.351,17.353,7.597,12.178
28-Jan-16,10.47,10.764,8.427,9.764,10.926,9.016,10.345,7.422,9.425,12.427,8.674,8.014,10.016,13.019,10.512,14.342,8.008,10.011,12.011,15.014,8.759,10.759,12.762,15.762,9.679,11.679,13.682,16.685,10.345,12.348,14.348,17.351,7.595,12.175
29-Jan-16,10.21,10.762,8.425,9.762,10.923,9.014,10.342,7.419,9.422,12.425,8.671,8.011,10.014,13.016,10.51,14.34,8.005,10.008,12.008,15.011,8.756,10.756,12.759,15.759,9.677,11.677,13.679,16.682,10.342,12.345,14.345,17.348,7.592,12.173
30-Jan-16,10.21,10.759,8.422,9.759,10.921,9.011,10.34,7.416,9.419,12.422,8.668,8.008,10.011,13.014,10.507,14.337,8.003,10.005,12.005,15.008,8.753,10.753,12.756,15.756,9.674,11.674,13.677,16.679,10.34,12.342,14.342,17.345,7.589,12.17
31-Jan-16,10.21,10.756,8.419,9.756,10.918,9.008,10.337,7.414,9.416,12.419,8.666,8.005,10.008,13.011,10.504,14.334,8,10.003,12.003,15.005,8.751,10.751,12.753,15.753,9.671,11.671,13.674,16.677,10.337,12.34,14.34,17.342,7.586,12.167
1-Feb-16,10.345,10.753,8.416,9.753,10.915,9.005,10.334,7.411,9.414,12.416,8.663,8.003,10.005,13.008,10.501,14.332,7.997,10,12,15.003,8.748,10.748,12.751,15.751,9.668,11.668,13.671,16.674,10.334,12.337,14.337,17.34,7.584,12.164
2-Feb-16,10.395,10.751,8.414,9.751,10.912,9.003,10.332,7.408,9.411,12.414,8.66,8,10.003,13.005,10.499,14.329,7.995,9.997,11.997,15,8.745,10.745,12.748,15.748,9.666,11.666,13.668,16.671,10.332,12.334,14.334,17.337,7.581,12.162
3-Feb-16,10.28,10.748,8.411,9.748,10.91,9,10.329,7.405,9.408,12.411,8.658,7.997,10,13.003,10.496,14.326,7.992,9.995,11.995,14.997,8.742,10.742,12.745,15.745,9.663,11.663,13.666,16.668,10.329,12.332,14.332,17.334,7.578,12.159
4-Feb-16,10.135,10.745,8.408,9.745,10.907,8.997,10.326,7.403,9.405,12.408,8.655,7.995,9.997,13,10.493,14.323,7.989,9.992,11.992,14.995,8.74,10.74,12.742,15.742,9.66,11.66,13.663,16.666,10.326,12.329,14.329,17.332,7.575,12.156
5-Feb-16,10.17,10.742,8.405,9.742,10.904,8.995,10.323,7.4,9.403,12.405,8.652,7.992,9.995,12.997,10.49,14.321,7.986,9.989,11.989,14.992,8.737,10.737,12.74,15.74,9.658,11.658,13.66,16.663,10.323,12.326,14.326,17.329,7.573,12.153
6-Feb-16,10.17,10.74,8.403,9.74,10.901,8.992,10.321,7.397,9.4,12.403,8.649,7.989,9.992,12.995,10.488,14.318,7.984,9.986,11.986,14.989,8.734,10.734,12.737,15.737,9.655,11.655,13.658,16.66,10.321,12.323,14.323,17.326,7.57,12.151
7-Feb-16,10.17,10.737,8.4,9.737,10.899,8.989,10.318,7.395,9.397,12.4,8.647,7.986,9.989,12.992,10.485,14.315,7.981,9.984,11.984,14.986,8.732,10.732,12.734,15.734,9.652,11.652,13.655,16.658,10.318,12.321,14.321,17.323,7.567,12.148
8-Feb-16,10.34,10.734,8.397,9.734,10.896,8.986,10.315,7.392,9.395,12.397,8.644,7.984,9.986,12.989,10.482,14.312,7.978,9.981,11.981,14.984,8.729,10.729,12.732,15.732,9.649,11.649,13.652,16.655,10.315,12.318,14.318,17.321,7.564,12.145
9-Feb-16,10.335,10.732,8.395,9.732,10.893,8.984,10.312,7.389,9.392,12.395,8.641,7.981,9.984,12.986,10.479,14.31,7.975,9.978,11.978,14.981,8.726,10.726,12.729,15.729,9.647,11.647,13.649,16.652,10.312,12.315,14.315,17.318,7.562,12.142
10-Feb-16,10.215,10.729,8.392,9.729,10.89,8.981,10.31,7.386,9.389,12.392,8.638,7.978,9.981,12.984,10.477,14.307,7.973,9.975,11.975,14.978,8.723,10.723,12.726,15.726,9.644,11.644,13.647,16.649,10.31,12.312,14.312,17.315,7.559,12.14
11-Feb-16,10.175,10.726,8.389,9.726,10.888,8.978,10.307,7.384,9.386,12.389,8.636,7.975,9.978,12.981,10.474,14.304,7.97,9.973,11.973,14.975,8.721,10.721,12.723,15.723,9.641,11.641,13.644,16.647,10.307,12.31,14.31,17.312,7.556,12.137
12-Feb-16,10.225,10.723,8.386,9.723,10.885,8.975,10.304,7.381,9.384,12.386,8.633,7.973,9.975,12.978,10.471,14.301,7.967,9.97,11.97,14.973,8.718,10.718,12.721,15.721,9.638,11.638,13.641,16.644,10.304,12.307,14.307,17.31,7.553,12.134
13-Feb-16,10.225,10.721,8.384,9.721,10.882,8.973,10.301,7.378,9.381,12.384,8.63,7.97,9.973,12.975,10.468,14.299,7.964,9.967,11.967,14.97,8.715,10.715,12.718,15.718,9.636,11.636,13.638,16.641,10.301,12.304,14.304,17.307,7.551,12.132
14-Feb-16,10.225,10.718,8.381,9.718,10.879,8.97,10.299,7.375,9.378,12.381,8.627,7.967,9.97,12.973,10.466,14.296,7.962,9.964,11.964,14.967,8.712,10.712,12.715,15.715,9.633,11.633,13.636,16.638,10.299,12.301,14.301,17.304,7.548,12.129
15-Feb-16,10.155,10.715,8.378,9.715,10.877,8.967,10.296,7.373,9.375,12.378,8.625,7.964,9.967,12.97,10.463,14.293,7.959,9.962,11.962,14.964,8.71,10.71,12.712,15.712,9.63,11.63,13.633,16.636,10.296,12.299,14.299,17.301,7.545,12.126
16-Feb-16,10.165,10.712,8.375,9.712,10.874,8.964,10.293,7.37,9.373,12.375,8.622,7.962,9.964,12.967,10.46,14.29,7.956,9.959,11.959,14.962,8.707,10.707,12.71,15.71,9.627,11.627,13.63,16.633,10.293,12.296,14.296,17.299,7.542,12.123
17-Feb-16,10.145,10.71,8.373,9.71,10.871,8.962,10.29,7.367,9.37,12.373,8.619,7.959,9.962,12.964,10.458,14.288,7.953,9.956,11.956,14.959,8.704,10.704,12.707,15.707,9.625,11.625,13.627,16.63,10.29,12.293,14.293,17.296,7.54,12.121
18-Feb-16,10.085,10.707,8.37,9.707,10.868,8.959,10.288,7.364,9.367,12.37,8.616,7.956,9.959,12.962,10.455,14.285,7.951,9.953,11.953,14.956,8.701,10.701,12.704,15.704,9.622,11.622,13.625,16.627,10.288,12.29,14.29,17.293,7.537,12.118
19-Feb-16,10.175,10.704,8.367,9.704,10.866,8.956,10.285,7.362,9.364,12.367,8.614,7.953,9.956,12.959,10.452,14.282,7.948,9.951,11.951,14.953,8.699,10.699,12.701,15.701,9.619,11.619,13.622,16.625,10.285,12.288,14.288,17.29,7.534,12.115
20-Feb-16,10.175,10.701,8.364,9.701,10.863,8.953,10.282,7.359,9.362,12.364,8.611,7.951,9.953,12.956,10.449,14.279,7.945,9.948,11.948,14.951,8.696,10.696,12.699,15.699,9.616,11.616,13.619,16.622,10.282,12.285,14.285,17.288,7.532,12.112
21-Feb-16,10.175,10.699,8.362,9.699,10.86,8.951,10.279,7.356,9.359,12.362,8.608,7.948,9.951,12.953,10.447,14.277,7.942,9.945,11.945,14.948,8.693,10.693,12.696,15.696,9.614,11.614,13.616,16.619,10.279,12.282,14.282,17.285,7.529,12.11
22-Feb-16,10.195,10.696,8.359,9.696,10.858,8.948,10.277,7.353,9.356,12.359,8.605,7.945,9.948,12.951,10.444,14.274,7.94,9.942,11.942,14.945,8.69,10.69,12.693,15.693,9.611,11.611,13.614,16.616,10.277,12.279,14.279,17.282,7.526,12.107
23-Feb-16,10.16,10.693,8.356,9.693,10.855,8.945,10.274,7.351,9.353,12.356,8.603,7.942,9.945,12.948,10.441,14.271,7.937,9.94,11.94,14.942,8.688,10.688,12.69,15.69,9.608,11.608,13.611,16.614,10.274,12.277,14.277,17.279,7.523,12.104
24-Feb-16,10.375,10.69,8.353,9.69,10.852,8.942,10.271,7.348,9.351,12.353,8.6,7.94,9.942,12.945,10.438,14.268,7.934,9.937,11.937,14.94,8.685,10.685,12.688,15.688,9.605,11.605,13.608,16.611,10.271,12.274,14.274,17.277,7.521,12.101
25-Feb-16,10.27,10.688,8.351,9.688,10.849,8.94,10.268,7.345,9.348,12.351,8.597,7.937,9.94,12.942,10.436,14.266,7.932,9.934,11.934,14.937,8.682,10.682,12.685,15.685,9.603,11.603,13.605,16.608,10.268,12.271,14.271,17.274,7.518,12.099
26-Feb-16,10.365,10.685,8.348,9.685,10.847,8.937,10.266,7.342,9.345,12.348,8.595,7.934,9.937,12.94,10.433,14.263,7.929,9.932,11.932,14.934,8.679,10.679,12.682,15.682,9.6,11.6,13.603,16.605,10.266,12.268,14.268,17.271,7.515,12.096
27-Feb-16,10.365,10.682,8.345,9.682,10.844,8.934,10.263,7.34,9.342,12.345,8.592,7.932,9.934,12.937,10.43,14.26,7.926,9.929,11.929,14.932,8.677,10.677,12.679,15.679,9.597,11.597,13.6,16.603,10.263,12.266,14.266,17.268,7.512,12.093
28-Feb-16,10.365,10.679,8.342,9.679,10.841,8.932,10.26,7.337,9.34,12.342,8.589,7.929,9.932,12.934,10.427,14.258,7.923,9.926,11.926,14.929,8.674,10.674,12.677,15.677,9.595,11.595,13.597,16.6,10.26,12.263,14.263,17.266,7.51,12.09
29-Feb-16,10.42,10.677,8.34,9.677,10.838,8.929,10.258,7.334,9.337,12.34,8.586,7.926,9.929,12.932,10.425,14.255,7.921,9.923,11.923,14.926,8.671,10.671,12.674,15.674,9.592,11.592,13.595,16.597,10.258,12.26,14.26,17.263,7.507,12.088
1-Mar-16,10.35,10.674,8.337,9.674,10.836,8.926,10.255,7.332,9.334,12.337,8.584,7.923,9.926,12.929,10.422,14.252,7.918,9.921,11.921,14.923,8.668,10.668,12.671,15.671,9.589,11.589,13.592,16.595,10.255,12.258,14.258,17.26,7.504,12.085
2-Mar-16,10.355,10.671,8.334,9.671,10.833,8.923,10.252,7.329,9.332,12.334,8.581,7.921,9.923,12.926,10.419,14.249,7.915,9.918,11.918,14.921,8.666,10.666,12.668,15.668,9.586,11.586,13.589,16.592,10.252,12.255,14.255,17.258,7.501,12.082
3-Mar-16,10.375,10.668,8.332,9.668,10.83,8.921,10.249,7.326,9.329,12.332,8.578,7.918,9.921,12.923,10.416,14.247,7.912,9.915,11.915,14.918,8.663,10.663,12.666,15.666,9.584,11.584,13.586,16.589,10.249,12.252,14.252,17.255,7.499,12.079
4-Mar-16,10.305,10.666,8.329,9.666,10.827,8.918,10.247,7.323,9.326,12.329,8.575,7.915,9.918,12.921,10.414,14.244,7.91,9.912,11.912,14.915,8.66,10.66,12.663,15.663,9.581,11.581,13.584,16.586,10.247,12.249,14.249,17.252,7.496,12.077
5-Mar-16,10.305,10.663,8.326,9.663,10.825,8.915,10.244,7.321,9.323,12.326,8.573,7.912,9.915,12.918,10.411,14.241,7.907,9.91,11.91,14.912,8.658,10.658,12.66,15.66,9.578,11.578,13.581,16.584,10.244,12.247,14.247,17.249,7.493,12.074
6-Mar-16,10.305,10.66,8.323,9.66,10.822,8.912,10.241,7.318,9.321,12.323,8.57,7.91,9.912,12.915,10.408,14.238,7.904,9.907,11.907,14.91,8.655,10.655,12.658,15.658,9.575,11.575,13.578,16.581,10.241,12.244,14.244,17.247,7.49,12.071
7-Mar-16,10.3,10.658,8.321,9.658,10.819,8.91,10.238,7.315,9.318,12.321,8.567,7.907,9.91,12.912,10.405,14.236,7.901,9.904,11.904,14.907,8.652,10.652,12.655,15.655,9.573,11.573,13.575,16.578,10.238,12.241,14.241,17.244,7.488,12.068
8-Mar-16,10.315,10.655,8.318,9.655,10.816,8.907,10.236,7.312,9.315,12.318,8.564,7.904,9.907,12.91,10.403,14.233,7.899,9.901,11.901,14.904,8.649,10.649,12.652,15.652,9.57,11.57,13.573,16.575,10.236,12.238,14.238,17.241,7.485,12.066
9-Mar-16,10.26,10.652,8.315,9.652,10.814,8.904,10.233,7.31,9.312,12.315,8.562,7.901,9.904,12.907,10.4,14.23,7.896,9.899,11.899,14.901,8.647,10.647,12.649,15.649,9.567,11.567,13.57,16.573,10.233,12.236,14.236,17.238,7.482,12.063
10-Mar-16,10.18,10.649,8.312,9.649,10.811,8.901,10.23,7.307,9.31,12.312,8.559,7.899,9.901,12.904,10.397,14.227,7.893,9.896,11.896,14.899,8.644,10.644,12.647,15.647,9.564,11.564,13.567,16.57,10.23,12.233,14.233,17.236,7.479,12.06
11-Mar-16,10.115,10.647,8.31,9.647,10.808,8.899,10.227,7.304,9.307,12.31,8.556,7.896,9.899,12.901,10.395,14.225,7.89,9.893,11.893,14.896,8.641,10.641,12.644,15.644,9.562,11.562,13.564,16.567,10.227,12.23,14.23,17.233,7.477,12.058
12-Mar-16,10.115,10.644,8.307,9.644,10.805,8.896,10.225,7.301,9.304,12.307,8.553,7.893,9.896,12.899,10.392,14.222,7.888,9.89,11.89,14.893,8.638,10.638,12.641,15.641,9.559,11.559,13.562,16.564,10.225,12.227,14.227,17.23,7.474,12.055
13-Mar-16,10.115,10.641,8.304,9.641,10.803,8.893,10.222,7.299,9.301,12.304,8.551,7.89,9.893,12.896,10.389,14.219,7.885,9.888,11.888,14.89,8.636,10.636,12.638,15.638,9.556,11.556,13.559,16.562,10.222,12.225,14.225,17.227,7.471,12.052
14-Mar-16,10.14,10.638,8.301,9.638,10.8,8.89,10.219,7.296,9.299,12.301,8.548,7.888,9.89,12.893,10.386,14.216,7.882,9.885,11.885,14.888,8.633,10.633,12.636,15.636,9.553,11.553,13.556,16.559,10.219,12.222,14.222,17.225,7.468,12.049
15-Mar-16,10.45,10.636,8.299,9.636,10.797,8.888,10.216,7.293,9.296,12.299,8.545,7.885,9.888,12.89,10.384,14.214,7.879,9.882,11.882,14.885,8.63,10.63,12.633,15.633,9.551,11.551,13.553,16.556,10.216,12.219,14.219,17.222,7.466,12.047
16-Mar-16,10.475,10.633,8.296,9.633,10.795,8.885,10.214,7.29,9.293,12.296,8.542,7.882,9.885,12.888,10.381,14.211,7.877,9.879,11.879,14.882,8.627,10.627,12.63,15.63,9.548,11.548,13.551,16.553,10.214,12.216,14.216,17.219,7.463,12.044
17-Mar-16,10.175,10.63,8.293,9.63,10.792,8.882,10.211,7.288,9.29,12.293,8.54,7.879,9.882,12.885,10.378,14.208,7.874,9.877,11.877,14.879,8.625,10.625,12.627,15.627,9.545,11.545,13.548,16.551,10.211,12.214,14.214,17.216,7.46,12.041
18-Mar-16,10.285,10.627,8.29,9.627,10.789,8.879,10.208,7.285,9.288,12.29,8.537,7.877,9.879,12.882,10.375,14.205,7.871,9.874,11.874,14.877,8.622,10.622,12.625,15.625,9.542,11.542,13.545,16.548,10.208,12.211,14.211,17.214,7.458,12.038
19-Mar-16,10.285,10.625,8.288,9.625,10.786,8.877,10.205,7.282,9.285,12.288,8.534,7.874,9.877,12.879,10.373,14.203,7.868,9.871,11.871,14.874,8.619,10.619,12.622,15.622,9.54,11.54,13.542,16.545,10.205,12.208,14.208,17.211,7.455,12.036
20-Mar-16,10.285,10.622,8.285,9.622,10.784,8.874,10.203,7.279,9.282,12.285,8.532,7.871,9.874,12.877,10.37,14.2,7.866,9.868,11.868,14.871,8.616,10.616,12.619,15.619,9.537,11.537,13.54,16.542,10.203,12.205,14.205,17.208,7.452,12.033
21-Mar-16,10.285,10.619,8.282,9.619,10.781,8.871,10.2,7.277,9.279,12.282,8.529,7.868,9.871,12.874,10.367,14.197,7.863,9.866,11.866,14.868,8.614,10.614,12.616,15.616,9.534,11.534,13.537,16.54,10.2,12.203,14.203,17.205,7.449,12.03
22-Mar-16,10.305,10.616,8.279,9.616,10.778,8.868,10.197,7.274,9.277,12.279,8.526,7.866,9.868,12.871,10.364,14.195,7.86,9.863,11.863,14.866,8.611,10.611,12.614,15.614,9.532,11.532,13.534,16.537,10.197,12.2,14.2,17.203,7.447,12.027
23-Mar-16,10.325,10.614,8.277,9.614,10.775,8.866,10.195,7.271,9.274,12.277,8.523,7.863,9.866,12.868,10.362,14.192,7.858,9.86,11.86,14.863,8.608,10.608,12.611,15.611,9.529,11.529,13.532,16.534,10.195,12.197,14.197,17.2,7.444,12.025
24-Mar-16,10.37,10.611,8.274,9.611,10.773,8.863,10.192,7.268,9.271,12.274,8.521,7.86,9.863,12.866,10.359,14.189,7.855,9.858,11.858,14.86,8.605,10.605,12.608,15.608,9.526,11.526,13.529,16.532,10.192,12.195,14.195,17.197,7.441,12.022
25-Mar-16,10.37,10.608,8.271,9.608,10.77,8.86,10.189,7.266,9.268,12.271,8.518,7.858,9.86,12.863,10.356,14.186,7.852,9.855,11.855,14.858,8.603,10.603,12.605,15.605,9.523,11.523,13.526,16.529,10.189,12.192,14.192,17.195,7.438,12.019
26-Mar-16,10.37,10.605,8.268,9.605,10.767,8.858,10.186,7.263,9.266,12.268,8.515,7.855,9.858,12.86,10.353,14.184,7.849,9.852,11.852,14.855,8.6,10.6,12.603,15.603,9.521,11.521,13.523,16.526,10.186,12.189,14.189,17.192,7.436,12.016
27-Mar-16,10.37,10.603,8.266,9.603,10.764,8.855,10.184,7.26,9.263,12.266,8.512,7.852,9.855,12.858,10.351,14.181,7.847,9.849,11.849,14.852,8.597,10.597,12.6,15.6,9.518,11.518,13.521,16.523,10.184,12.186,14.186,17.189,7.433,12.014
28-Mar-16,10.37,10.6,8.263,9.6,10.762,8.852,10.181,7.258,9.26,12.263,8.51,7.849,9.852,12.855,10.348,14.178,7.844,9.847,11.847,14.849,8.595,10.595,12.597,15.597,9.515,11.515,13.518,16.521,10.181,12.184,14.184,17.186,7.43,12.011
29-Mar-16,10.345,10.597,8.26,9.597,10.759,8.849,10.178,7.255,9.258,12.26,8.507,7.847,9.849,12.852,10.345,14.175,7.841,9.844,11.844,14.847,8.592,10.592,12.595,15.595,9.512,11.512,13.515,16.518,10.178,12.181,14.181,17.184,7.427,12.008
30-Mar-16,10.175,10.595,8.258,9.595,10.756,8.847,10.175,7.252,9.255,12.258,8.504,7.844,9.847,12.849,10.342,14.173,7.838,9.841,11.841,14.844,8.589,10.589,12.592,15.592,9.51,11.51,13.512,16.515,10.175,12.178,14.178,17.181,7.425,12.005
31-Mar-16,10.115,10.592,8.255,9.592,10.753,8.844,10.173,7.249,9.252,12.255,8.501,7.841,9.844,12.847,10.34,14.17,7.836,9.838,11.838,14.841,8.586,10.586,12.589,15.589,9.507,11.507,13.51,16.512,10.173,12.175,14.175,17.178,7.422,12.003
1-Apr-16,10.13,10.589,8.252,9.589,10.751,8.841,10.17,7.247,9.249,12.252,8.499,7.838,9.841,12.844,10.337,14.167,7.833,9.836,11.836,14.838,8.584,10.584,12.586,15.586,9.504,11.504,13.507,16.51,10.17,12.173,14.173,17.175,7.419,12
2-Apr-16,10.13,10.586,8.249,9.586,10.748,8.838,10.167,7.244,9.247,12.249,8.496,7.836,9.838,12.841,10.334,14.164,7.83,9.833,11.833,14.836,8.581,10.581,12.584,15.584,9.501,11.501,13.504,16.507,10.167,12.17,14.17,17.173,7.416,11.997
3-Apr-16,10.13,10.584,8.247,9.584,10.745,8.836,10.164,7.241,9.244,12.247,8.493,7.833,9.836,12.838,10.332,14.162,7.827,9.83,11.83,14.833,8.578,10.578,12.581,15.581,9.499,11.499,13.501,16.504,10.164,12.167,14.167,17.17,7.414,11.995
4-Apr-16,10.145,10.581,8.244,9.581,10.742,8.833,10.162,7.238,9.241,12.244,8.49,7.83,9.833,12.836,10.329,14.159,7.825,9.827,11.827,14.83,8.575,10.575,12.578,15.578,9.496,11.496,13.499,16.501,10.162,12.164,14.164,17.167,7.411,11.992
5-Apr-16,10.26,10.578,8.241,9.578,10.74,8.83,10.159,7.236,9.238,12.241,8.488,7.827,9.83,12.833,10.326,14.156,7.822,9.825,11.825,14.827,8.573,10.573,12.575,15.575,9.493,11.493,13.496,16.499,10.159,12.162,14.162,17.164,7.408,11.989
6-Apr-16,10.29,10.575,8.238,9.575,10.737,8.827,10.156,7.233,9.236,12.238,8.485,7.825,9.827,12.83,10.323,14.153,7.819,9.822,11.822,14.825,8.57,10.57,12.573,15.573,9.49,11.49,13.493,16.496,10.156,12.159,14.159,17.162,7.405,11.986
7-Apr-16,10.275,10.573,8.236,9.573,10.734,8.825,10.153,7.23,9.233,12.236,8.482,7.822,9.825,12.827,10.321,14.151,7.816,9.819,11.819,14.822,8.567,10.567,12.57,15.57,9.488,11.488,13.49,16.493,10.153,12.156,14.156,17.159,7.403,11.984
8-Apr-16,10.195,10.57,8.233,9.57,10.732,8.822,10.151,7.227,9.23,12.233,8.479,7.819,9.822,12.825,10.318,14.148,7.814,9.816,11.816,14.819,8.564,10.564,12.567,15.567,9.485,11.485,13.488,16.49,10.151,12.153,14.153,17.156,7.4,11.981
9-Apr-16,10.195,10.567,8.23,9.567,10.729,8.819,10.148,7.225,9.227,12.23,8.477,7.816,9.819,12.822,10.315,14.145,7.811,9.814,11.814,14.816,8.562,10.562,12.564,15.564,9.482,11.482,13.485,16.488,10.148,12.151,14.151,17.153,7.397,11.978
10-Apr-16,10.195,10.564,8.227,9.564,10.726,8.816,10.145,7.222,9.225,12.227,8.474,7.814,9.816,12.819,10.312,14.142,7.808,9.811,11.811,14.814,8.559,10.559,12.562,15.562,9.479,11.479,13.482,16.485,10.145,12.148,14.148,17.151,7.395,11.975
11-Apr-16,10.135,10.562,8.225,9.562,10.723,8.814,10.142,7.219,9.222,12.225,8.471,7.811,9.814,12.816,10.31,14.14,7.805,9.808,11.808,14.811,8.556,10.556,12.559,15.559,9.477,11.477,13.479,16.482,10.142,12.145,14.145,17.148,7.392,11.973
12-Apr-16,10.1,10.559,8.222,9.559,10.721,8.811,10.14,7.216,9.219,12.222,8.468,7.808,9.811,12.814,10.307,14.137,7.803,9.805,11.805,14.808,8.553,10.553,12.556,15.556,9.474,11.474,13.477,16.479,10.14,12.142,14.142,17.145,7.389,11.97
13-Apr-16,9.99,10.556,8.219,9.556,10.718,8.808,10.137,7.214,9.216,12.219,8.466,7.805,9.808,12.811,10.304,14.134,7.8,9.803,11.803,14.805,8.551,10.551,12.553,15.553,9.471,11.471,13.474,16.477,10.137,12.14,14.14,17.142,7.386,11.967
14-Apr-16,9.965,10.553,8.216,9.553,10.715,8.805,10.134,7.211,9.214,12.216,8.463,7.803,9.805,12.808,10.301,14.132,7.797,9.8,11.8,14.803,8.548,10.548,12.551,15.551,9.468,11.468,13.471,16.474,10.134,12.137,14.137,17.14,7.384,11.964
15-Apr-16,10.02,10.551,8.214,9.551,10.712,8.803,10.132,7.208,9.211,12.214,8.46,7.8,9.803,12.805,10.299,14.129,7.795,9.797,11.797,14.8,8.545,10.545,12.548,15.548,9.466,11.466,13.468,16.471,10.132,12.134,14.134,17.137,7.381,11.962
16-Apr-16,10.02,10.548,8.211,9.548,10.71,8.8,10.129,7.205,9.208,12.211,8.458,7.797,9.8,12.803,10.296,14.126,7.792,9.795,11.795,14.797,8.542,10.542,12.545,15.545,9.463,11.463,13.466,16.468,10.129,12.132,14.132,17.134,7.378,11.959
17-Apr-16,10.02,10.545,8.208,9.545,10.707,8.797,10.126,7.203,9.205,12.208,8.455,7.795,9.797,12.8,10.293,14.123,7.789,9.792,11.792,14.795,8.54,10.54,12.542,15.542,9.46,11.46,13.463,16.466,10.126,12.129,14.129,17.132,7.375,11.956
18-Apr-16,9.97,10.542,8.205,9.542,10.704,8.795,10.123,7.2,9.203,12.205,8.452,7.792,9.795,12.797,10.29,14.121,7.786,9.789,11.789,14.792,8.537,10.537,12.54,15.54,9.458,11.458,13.46,16.463,10.123,12.126,14.126,17.129,7.373,11.953
19-Apr-16,9.885,10.54,8.203,9.54,10.701,8.792,10.121,7.197,9.2,12.203,8.449,7.789,9.792,12.795,10.288,14.118,7.784,9.786,11.786,14.789,8.534,10.534,12.537,15.537,9.455,11.455,13.458,16.46,10.121,12.123,14.123,17.126,7.37,11.951
20-Apr-16,9.945,10.537,8.2,9.537,10.699,8.789,10.118,7.195,9.197,12.2,8.447,7.786,9.789,12.792,10.285,14.115,7.781,9.784,11.784,14.786,8.532,10.532,12.534,15.534,9.452,11.452,13.455,16.458,10.118,12.121,14.121,17.123,7.367,11.948
21-Apr-16,9.96,10.534,8.197,9.534,10.696,8.786,10.115,7.192,9.195,12.197,8.444,7.784,9.786,12.789,10.282,14.112,7.778,9.781,11.781,14.784,8.529,10.529,12.532,15.532,9.449,11.449,13.452,16.455,10.115,12.118,14.118,17.121,7.364,11.945
22-Apr-16,10.065,10.532,8.195,9.532,10.693,8.784,10.112,7.189,9.192,12.195,8.441,7.781,9.784,12.786,10.279,14.11,7.775,9.778,11.778,14.781,8.526,10.526,12.529,15.529,9.447,11.447,13.449,16.452,10.112,12.115,14.115,17.118,7.362,11.942
25-Apr-16,10.105,10.523,8.186,9.523,10.685,8.775,10.104,7.181,9.184,12.186,8.433,7.773,9.775,12.778,10.271,14.101,7.767,9.77,11.77,14.773,8.518,10.518,12.521,15.521,9.438,11.438,13.441,16.444,10.104,12.107,14.107,17.11,7.353,11.934
26-Apr-16,10.115,10.521,8.184,9.521,10.682,8.773,10.101,7.178,9.181,12.184,8.43,7.77,9.773,12.775,10.268,14.099,7.764,9.767,11.767,14.77,8.515,10.515,12.518,15.518,9.436,11.436,13.438,16.441,10.101,12.104,14.104,17.107,7.351,11.932
27-Apr-16,10.115,10.518,8.181,9.518,10.679,8.77,10.099,7.175,9.178,12.181,8.427,7.767,9.77,12.773,10.266,14.096,7.762,9.764,11.764,14.767,8.512,10.512,12.515,15.515,9.433,11.433,13.436,16.438,10.099,12.101,14.101,17.104,7.348,11.929
28-Apr-16,10.045,10.515,8.178,9.515,10.677,8.767,10.096,7.173,9.175,12.178,8.425,7.764,9.767,12.77,10.263,14.093,7.759,9.762,11.762,14.764,8.51,10.51,12.512,15.512,9.43,11.43,13.433,16.436,10.096,12.099,14.099,17.101,7.345,11.926
29-Apr-16,9.975,10.512,8.175,9.512,10.674,8.764,10.093,7.17,9.173,12.175,8.422,7.762,9.764,12.767,10.26,14.09,7.756,9.759,11.759,14.762,8.507,10.507,12.51,15.51,9.427,11.427,13.43,16.433,10.093,12.096,14.096,17.099,7.342,11.923
30-Apr-16,9.975,10.51,8.173,9.51,10.671,8.762,10.09,7.167,9.17,12.173,8.419,7.759,9.762,12.764,10.258,14.088,7.753,9.756,11.756,14.759,8.504,10.504,12.507,15.507,9.425,11.425,13.427,16.43,10.09,12.093,14.093,17.096,7.34,11.921
1-May-16,9.975,10.507,8.17,9.507,10.668,8.759,10.088,7.164,9.167,12.17,8.416,7.756,9.759,12.762,10.255,14.085,7.751,9.753,11.753,14.756,8.501,10.501,12.504,15.504,9.422,11.422,13.425,16.427,10.088,12.09,14.09,17.093,7.337,11.918
2-May-16,9.975,10.504,8.167,9.504,10.666,8.756,10.085,7.162,9.164,12.167,8.414,7.753,9.756,12.759,10.252,14.082,7.748,9.751,11.751,14.753,8.499,10.499,12.501,15.501,9.419,11.419,13.422,16.425,10.085,12.088,14.088,17.09,7.334,11.915
3-May-16,10.11,10.501,8.164,9.501,10.663,8.753,10.082,7.159,9.162,12.164,8.411,7.751,9.753,12.756,10.249,14.079,7.745,9.748,11.748,14.751,8.496,10.496,12.499,15.499,9.416,11.416,13.419,16.422,10.082,12.085,14.085,17.088,7.332,11.912
4-May-16,10.185,10.499,8.162,9.499,10.66,8.751,10.079,7.156,9.159,12.162,8.408,7.748,9.751,12.753,10.247,14.077,7.742,9.745,11.745,14.748,8.493,10.493,12.496,15.496,9.414,11.414,13.416,16.419,10.079,12.082,14.082,17.085,7.329,11.91
5-May-16,10.185,10.496,8.159,9.496,10.658,8.748,10.077,7.153,9.156,12.159,8.405,7.745,9.748,12.751,10.244,14.074,7.74,9.742,11.742,14.745,8.49,10.49,12.493,15.493,9.411,11.411,13.414,16.416,10.077,12.079,14.079,17.082,7.326,11.907
6-May-16,10.13,10.493,8.156,9.493,10.655,8.745,10.074,7.151,9.153,12.156,8.403,7.742,9.745,12.748,10.241,14.071,7.737,9.74,11.74,14.742,8.488,10.488,12.49,15.49,9.408,11.408,13.411,16.414,10.074,12.077,14.077,17.079,7.323,11.904
7-May-16,10.13,10.49,8.153,9.49,10.652,8.742,10.071,7.148,9.151,12.153,8.4,7.74,9.742,12.745,10.238,14.068,7.734,9.737,11.737,14.74,8.485,10.485,12.488,15.488,9.405,11.405,13.408,16.411,10.071,12.074,14.074,17.077,7.321,11.901
8-May-16,10.13,10.488,8.151,9.488,10.649,8.74,10.068,7.145,9.148,12.151,8.397,7.737,9.74,12.742,10.236,14.066,7.732,9.734,11.734,14.737,8.482,10.482,12.485,15.485,9.403,11.403,13.405,16.408,10.068,12.071,14.071,17.074,7.318,11.899
9-May-16,10.145,10.485,8.148,9.485,10.647,8.737,10.066,7.142,9.145,12.148,8.395,7.734,9.737,12.74,10.233,14.063,7.729,9.732,11.732,14.734,8.479,10.479,12.482,15.482,9.4,11.4,13.403,16.405,10.066,12.068,14.068,17.071,7.315,11.896
10-May-16,10.18,10.482,8.145,9.482,10.644,8.734,10.063,7.14,9.142,12.145,8.392,7.732,9.734,12.737,10.23,14.06,7.726,9.729,11.729,14.732,8.477,10.477,12.479,15.479,9.397,11.397,13.4,16.403,10.063,12.066,14.066,17.068,7.312,11.893
11-May-16,10.185,10.479,8.142,9.479,10.641,8.732,10.06,7.137,9.14,12.142,8.389,7.729,9.732,12.734,10.227,14.058,7.723,9.726,11.726,14.729,8.474,10.474,12.477,15.477,9.395,11.395,13.397,16.4,10.06,12.063,14.063,17.066,7.31,11.89
12-May-16,10.145,10.477,8.14,9.477,10.638,8.729,10.058,7.134,9.137,12.14,8.386,7.726,9.729,12.732,10.225,14.055,7.721,9.723,11.723,14.726,8.471,10.471,12.474,15.474,9.392,11.392,13.395,16.397,10.058,12.06,14.06,17.063,7.307,11.888
13-May-16,10.2,10.474,8.137,9.474,10.636,8.726,10.055,7.132,9.134,12.137,8.384,7.723,9.726,12.729,10.222,14.052,7.718,9.721,11.721,14.723,8.468,10.468,12.471,15.471,9.389,11.389,13.392,16.395,10.055,12.058,14.058,17.06,7.304,11.885
14-May-16,10.2,10.471,8.134,9.471,10.633,8.723,10.052,7.129,9.132,12.134,8.381,7.721,9.723,12.726,10.219,14.049,7.715,9.718,11.718,14.721,8.466,10.466,12.468,15.468,9.386,11.386,13.389,16.392,10.052,12.055,14.055,17.058,7.301,11.882
15-May-16,10.2,10.468,8.132,9.468,10.63,8.721,10.049,7.126,9.129,12.132,8.378,7.718,9.721,12.723,10.216,14.047,7.712,9.715,11.715,14.718,8.463,10.463,12.466,15.466,9.384,11.384,13.386,16.389,10.049,12.052,14.052,17.055,7.299,11.879
16-May-16,10.33,10.466,8.129,9.466,10.627,8.718,10.047,7.123,9.126,12.129,8.375,7.715,9.718,12.721,10.214,14.044,7.71,9.712,11.712,14.715,8.46,10.46,12.463,15.463,9.381,11.381,13.384,16.386,10.047,12.049,14.049,17.052,7.296,11.877
17-May-16,10.385,10.463,8.126,9.463,10.625,8.715,10.044,7.121,9.123,12.126,8.373,7.712,9.715,12.718,10.211,14.041,7.707,9.71,11.71,14.712,8.458,10.458,12.46,15.46,9.378,11.378,13.381,16.384,10.044,12.047,14.047,17.049,7.293,11.874
18-May-16,10.475,10.46,8.123,9.46,10.622,8.712,10.041,7.118,9.121,12.123,8.37,7.71,9.712,12.715,10.208,14.038,7.704,9.707,11.707,14.71,8.455,10.455,12.458,15.458,9.375,11.375,13.378,16.381,10.041,12.044,14.044,17.047,7.29,11.871
19-May-16,10.455,10.458,8.121,9.458,10.619,8.71,10.038,7.115,9.118,12.121,8.367,7.707,9.71,12.712,10.205,14.036,7.701,9.704,11.704,14.707,8.452,10.452,12.455,15.455,9.373,11.373,13.375,16.378,10.038,12.041,14.041,17.044,7.288,11.868
20-May-16,10.39,10.455,8.118,9.455,10.616,8.707,10.036,7.112,9.115,12.118,8.364,7.704,9.707,12.71,10.203,14.033,7.699,9.701,11.701,14.704,8.449,10.449,12.452,15.452,9.37,11.37,13.373,16.375,10.036,12.038,14.038,17.041,7.285,11.866
23-May-16,10.4,10.447,8.11,9.447,10.608,8.699,10.027,7.104,9.107,12.11,8.356,7.696,9.699,12.701,10.195,14.025,7.69,9.693,11.693,14.696,8.441,10.441,12.444,15.444,9.362,11.362,13.364,16.367,10.027,12.03,14.03,17.033,7.277,11.858
24-May-16,10.45,10.444,8.107,9.444,10.605,8.696,10.025,7.101,9.104,12.107,8.353,7.693,9.696,12.699,10.192,14.022,7.688,9.69,11.69,14.693,8.438,10.438,12.441,15.441,9.359,11.359,13.362,16.364,10.025,12.027,14.027,17.03,7.274,11.855
25-May-16,10.43,10.441,8.104,9.441,10.603,8.693,10.022,7.099,9.101,12.104,8.351,7.69,9.693,12.696,10.189,14.019,7.685,9.688,11.688,14.69,8.436,10.436,12.438,15.438,9.356,11.356,13.359,16.362,10.022,12.025,14.025,17.027,7.271,11.852
26-May-16,10.38,10.438,8.101,9.438,10.6,8.69,10.019,7.096,9.099,12.101,8.348,7.688,9.69,12.693,10.186,14.016,7.682,9.685,11.685,14.688,8.433,10.433,12.436,15.436,9.353,11.353,13.356,16.359,10.019,12.022,14.022,17.025,7.268,11.849
27-May-16,10.385,10.436,8.099,9.436,10.597,8.688,10.016,7.093,9.096,12.099,8.345,7.685,9.688,12.69,10.184,14.014,7.679,9.682,11.682,14.685,8.43,10.43,12.433,15.433,9.351,11.351,13.353,16.356,10.016,12.019,14.019,17.022,7.266,11.847
28-May-16,10.385,10.433,8.096,9.433,10.595,8.685,10.014,7.09,9.093,12.096,8.342,7.682,9.685,12.688,10.181,14.011,7.677,9.679,11.679,14.682,8.427,10.427,12.43,15.43,9.348,11.348,13.351,16.353,10.014,12.016,14.016,17.019,7.263,11.844
29-May-16,10.385,10.43,8.093,9.43,10.592,8.682,10.011,7.088,9.09,12.093,8.34,7.679,9.682,12.685,10.178,14.008,7.674,9.677,11.677,14.679,8.425,10.425,12.427,15.427,9.345,11.345,13.348,16.351,10.011,12.014,14.014,17.016,7.26,11.841
30-May-16,10.48,10.427,8.09,9.427,10.589,8.679,10.008,7.085,9.088,12.09,8.337,7.677,9.679,12.682,10.175,14.005,7.671,9.674,11.674,14.677,8.422,10.422,12.425,15.425,9.342,11.342,13.345,16.348,10.008,12.011,14.011,17.014,7.258,11.838
31-May-16,10.39,10.425,8.088,9.425,10.586,8.677,10.005,7.082,9.085,12.088,8.334,7.674,9.677,12.679,10.173,14.003,7.668,9.671,11.671,14.674,8.419,10.419,12.422,15.422,9.34,11.34,13.342,16.345,10.005,12.008,14.008,17.011,7.255,11.836
1-Jun-16,10.34,10.422,8.085,9.422,10.584,8.674,10.003,7.079,9.082,12.085,8.332,7.671,9.674,12.677,10.17,14,7.666,9.668,11.668,14.671,8.416,10.416,12.419,15.419,9.337,11.337,13.34,16.342,10.003,12.005,14.005,17.008,7.252,11.833
2-Jun-16,10.32,10.419,8.082,9.419,10.581,8.671,10,7.077,9.079,12.082,8.329,7.668,9.671,12.674,10.167,13.997,7.663,9.666,11.666,14.668,8.414,10.414,12.416,15.416,9.334,11.334,13.337,16.34,10,12.003,14.003,17.005,7.249,11.83
3-Jun-16,10.2,10.416,8.079,9.416,10.578,8.668,9.997,7.074,9.077,12.079,8.326,7.666,9.668,12.671,10.164,13.995,7.66,9.663,11.663,14.666,8.411,10.411,12.414,15.414,9.332,11.332,13.334,16.337,9.997,12,14,17.003,7.247,11.827
4-Jun-16,10.2,10.414,8.077,9.414,10.575,8.666,9.995,7.071,9.074,12.077,8.323,7.663,9.666,12.668,10.162,13.992,7.658,9.66,11.66,14.663,8.408,10.408,12.411,15.411,9.329,11.329,13.332,16.334,9.995,11.997,13.997,17,7.244,11.825
5-Jun-16,10.2,10.411,8.074,9.411,10.573,8.663,9.992,7.068,9.071,12.074,8.321,7.66,9.663,12.666,10.159,13.989,7.655,9.658,11.658,14.66,8.405,10.405,12.408,15.408,9.326,11.326,13.329,16.332,9.992,11.995,13.995,16.997,7.241,11.822
6-Jun-16,10.055,10.408,8.071,9.408,10.57,8.66,9.989,7.066,9.068,12.071,8.318,7.658,9.66,12.663,10.156,13.986,7.652,9.655,11.655,14.658,8.403,10.403,12.405,15.405,9.323,11.323,13.326,16.329,9.989,11.992,13.992,16.995,7.238,11.819
7-Jun-16,10.1,10.405,8.068,9.405,10.567,8.658,9.986,7.063,9.066,12.068,8.315,7.655,9.658,12.66,10.153,13.984,7.649,9.652,11.652,14.655,8.4,10.4,12.403,15.403,9.321,11.321,13.323,16.326,9.986,11.989,13.989,16.992,7.236,11.816
8-Jun-16,10.05,10.403,8.066,9.403,10.564,8.655,9.984,7.06,9.063,12.066,8.312,7.652,9.655,12.658,10.151,13.981,7.647,9.649,11.649,14.652,8.397,10.397,12.4,15.4,9.318,11.318,13.321,16.323,9.984,11.986,13.986,16.989,7.233,11.814
9-Jun-16,10.045,10.4,8.063,9.4,10.562,8.652,9.981,7.058,9.06,12.063,8.31,7.649,9.652,12.655,10.148,13.978,7.644,9.647,11.647,14.649,8.395,10.395,12.397,15.397,9.315,11.315,13.318,16.321,9.981,11.984,13.984,16.986,7.23,11.811
10-Jun-16,10.07,10.397,8.06,9.397,10.559,8.649,9.978,7.055,9.058,12.06,8.307,7.647,9.649,12.652,10.145,13.975,7.641,9.644,11.644,14.647,8.392,10.392,12.395,15.395,9.312,11.312,13.315,16.318,9.978,11.981,13.981,16.984,7.227,11.808
11-Jun-16,10.07,10.395,8.058,9.395,10.556,8.647,9.975,7.052,9.055,12.058,8.304,7.644,9.647,12.649,10.142,13.973,7.638,9.641,11.641,14.644,8.389,10.389,12.392,15.392,9.31,11.31,13.312,16.315,9.975,11.978,13.978,16.981,7.225,11.805
12-Jun-16,10.07,10.392,8.055,9.392,10.553,8.644,9.973,7.049,9.052,12.055,8.301,7.641,9.644,12.647,10.14,13.97,7.636,9.638,11.638,14.641,8.386,10.386,12.389,15.389,9.307,11.307,13.31,16.312,9.973,11.975,13.975,16.978,7.222,11.803
13-Jun-16,10.115,10.865,8.052,9.389,10.551,8.641,9.97,7.047,9.049,12.052,8.299,7.638,9.641,12.644,10.137,13.967,7.633,9.636,11.636,14.638,8.384,10.384,12.386,15.386,9.304,11.304,13.307,16.31,9.97,11.973,13.973,16.975,7.219,11.8
14-Jun-16,10.2,10.95,8.049,9.386,10.548,8.638,9.967,7.044,9.047,12.049,8.296,7.636,9.638,12.641,10.134,13.964,7.63,9.633,11.633,14.636,8.381,10.381,12.384,15.384,9.301,11.301,13.304,16.307,9.967,11.97,13.97,16.973,7.216,11.797
15-Jun-16,10.125,10.875,8.047,9.384,10.545,8.636,9.964,7.041,9.044,12.047,8.293,7.633,9.636,12.638,10.132,13.962,7.627,9.63,11.63,14.633,8.378,10.378,12.381,15.381,9.299,11.299,13.301,16.304,9.964,11.967,13.967,16.97,7.214,11.795
16-Jun-16,10.125,10.875,8.044,9.381,10.542,8.633,9.962,7.038,9.041,12.044,8.29,7.63,9.633,12.636,10.129,13.959,7.625,9.627,11.627,14.63,8.375,10.375,12.378,15.378,9.296,11.296,13.299,16.301,9.962,11.964,13.964,16.967,7.211,11.792
17-Jun-16,10.315,10.815,8.041,9.378,10.54,8.63,9.959,7.036,9.038,12.041,8.288,7.627,9.63,12.633,10.126,13.956,7.622,9.625,11.625,14.627,8.373,10.373,12.375,15.375,9.293,11.293,13.296,16.299,9.959,11.962,13.962,16.964,7.208,11.789
18-Jun-16,10.315,10.815,8.038,9.375,10.537,8.627,9.956,7.033,9.036,12.038,8.285,7.625,9.627,12.63,10.123,13.953,7.619,9.622,11.622,14.625,8.37,10.37,12.373,15.373,9.29,11.29,13.293,16.296,9.956,11.959,13.959,16.962,7.205,11.786
19-Jun-16,10.315,10.815,8.036,9.373,10.534,8.625,9.953,7.03,9.033,12.036,8.282,7.622,9.625,12.627,10.121,13.951,7.616,9.619,11.619,14.622,8.367,10.367,12.37,15.37,9.288,11.288,13.29,16.293,9.953,11.956,13.956,16.959,7.203,11.784
20-Jun-16,10.25,10.75,8.033,9.37,10.532,8.622,9.951,7.027,9.03,12.033,8.279,7.619,9.622,12.625,10.118,13.948,7.614,9.616,11.616,14.619,8.364,10.364,12.367,15.367,9.285,11.285,13.288,16.29,9.951,11.953,13.953,16.956,7.2,11.781
21-Jun-16,10.24,10.74,8.03,9.367,10.529,8.619,9.948,7.025,9.027,12.03,8.277,7.616,9.619,12.622,10.115,13.945,7.611,9.614,11.614,14.616,8.362,10.362,12.364,15.364,9.282,11.282,13.285,16.288,9.948,11.951,13.951,16.953,7.197,11.778
22-Jun-16,10.12,10.62,8.027,9.364,10.526,8.616,9.945,7.022,9.025,12.027,8.274,7.614,9.616,12.619,10.112,13.942,7.608,9.611,11.611,14.614,8.359,10.359,12.362,15.362,9.279,11.279,13.282,16.285,9.945,11.948,13.948,16.951,7.195,11.775
23-Jun-16,10.13,10.63,8.025,9.362,10.523,8.614,9.942,7.019,9.022,12.025,8.271,7.611,9.614,12.616,10.11,13.94,7.605,9.608,11.608,14.611,8.356,10.356,12.359,15.359,9.277,11.277,13.279,16.282,9.942,11.945,13.945,16.948,7.192,11.773
24-Jun-16,10.36,10.86,8.022,9.359,10.521,8.611,9.94,7.016,9.019,12.022,8.268,7.608,9.611,12.614,10.107,13.937,7.603,9.605,11.605,14.608,8.353,10.353,12.356,15.356,9.274,11.274,13.277,16.279,9.94,11.942,13.942,16.945,7.189,11.77
25-Jun-16,10.36,10.86,8.019,9.356,10.518,8.608,9.937,7.014,9.016,12.019,8.266,7.605,9.608,12.611,10.104,13.934,7.6,9.603,11.603,14.605,8.351,10.351,12.353,15.353,9.271,11.271,13.274,16.277,9.937,11.94,13.94,16.942,7.186,11.767
26-Jun-16,10.36,10.86,8.016,9.353,10.515,8.605,9.934,7.011,9.014,12.016,8.263,7.603,9.605,12.608,10.101,13.932,7.597,9.6,11.6,14.603,8.348,10.348,12.351,15.351,9.268,11.268,13.271,16.274,9.934,11.937,13.937,16.94,7.184,11.764
27-Jun-16,10.38,10.88,8.014,9.351,10.512,8.603,9.932,7.008,9.011,12.014,8.26,7.6,9.603,12.605,10.099,13.929,7.595,9.597,11.597,14.6,8.345,10.345,12.348,15.348,9.266,11.266,13.268,16.271,9.932,11.934,13.934,16.937,7.181,11.762
28-Jun-16,10.16,10.66,8.011,9.348,10.51,8.6,9.929,7.005,9.008,12.011,8.258,7.597,9.6,12.603,10.096,13.926,7.592,9.595,11.595,14.597,8.342,10.342,12.345,15.345,9.263,11.263,13.266,16.268,9.929,11.932,13.932,16.934,7.178,11.759
29-Jun-16,10,10.5,8.008,9.345,10.507,8.597,9.926,7.003,9.005,12.008,8.255,7.595,9.597,12.6,10.093,13.923,7.589,9.592,11.592,14.595,8.34,10.34,12.342,15.342,9.26,11.26,13.263,16.266,9.926,11.929,13.929,16.932,7.175,11.756
30-Jun-16,10.09,10.59,8.005,9.342,10.504,8.595,9.923,7,9.003,12.005,8.252,7.592,9.595,12.597,10.09,13.921,7.586,9.589,11.589,14.592,8.337,10.337,12.34,15.34,9.258,11.258,13.26,16.263,9.923,11.926,13.926,16.929,7.173,11.753
1-Jul-16,9.945,10.445,8.003,9.34,10.501,8.592,9.921,6.997,9,12.003,8.249,7.589,9.592,12.595,10.088,13.918,7.584,9.586,11.586,14.589,8.334,10.334,12.337,15.337,9.255,11.255,13.258,16.26,9.921,11.923,13.923,16.926,7.17,11.751
2-Jul-16,9.945,10.445,8,9.337,10.499,8.589,9.918,6.995,8.997,12,8.247,7.586,9.589,12.592,10.085,13.915,7.581,9.584,11.584,14.586,8.332,10.332,12.334,15.334,9.252,11.252,13.255,16.258,9.918,11.921,13.921,16.923,7.167,11.748
3-Jul-16,9.945,10.445,7.997,9.334,10.496,8.586,9.915,6.992,8.995,11.997,8.244,7.584,9.586,12.589,10.082,13.912,7.578,9.581,11.581,14.584,8.329,10.329,12.332,15.332,9.249,11.249,13.252,16.255,9.915,11.918,13.918,16.921,7.164,11.745
4-Jul-16,9.935,10.435,7.995,9.332,10.493,8.584,9.912,6.989,8.992,11.995,8.241,7.581,9.584,12.586,10.079,13.91,7.575,9.578,11.578,14.581,8.326,10.326,12.329,15.329,9.247,11.247,13.249,16.252,9.912,11.915,13.915,16.918,7.162,11.742
5-Jul-16,10.075,10.575,7.992,9.329,10.49,8.581,9.91,6.986,8.989,11.992,8.238,7.578,9.581,12.584,10.077,13.907,7.573,9.575,11.575,14.578,8.323,10.323,12.326,15.326,9.244,11.244,13.247,16.249,9.91,11.912,13.912,16.915,7.159,11.74
6-Jul-16,10.06,10.56,7.989,9.326,10.488,8.578,9.907,6.984,8.986,11.989,8.236,7.575,9.578,12.581,10.074,13.904,7.57,9.573,11.573,14.575,8.321,10.321,12.323,15.323,9.241,11.241,13.244,16.247,9.907,11.91,13.91,16.912,7.156,11.737
7-Jul-16,10.02,10.52,7.986,9.323,10.485,8.575,9.904,6.981,8.984,11.986,8.233,7.573,9.575,12.578,10.071,13.901,7.567,9.57,11.57,14.573,8.318,10.318,12.321,15.321,9.238,11.238,13.241,16.244,9.904,11.907,13.907,16.91,7.153,11.734
8-Jul-16,9.955,10.455,7.984,9.321,10.482,8.573,9.901,6.978,8.981,11.984,8.23,7.57,9.573,12.575,10.068,13.899,7.564,9.567,11.567,14.57,8.315,10.315,12.318,15.318,9.236,11.236,13.238,16.241,9.901,11.904,13.904,16.907,7.151,11.732
9-Jul-16,9.955,10.455,7.981,9.318,10.479,8.57,9.899,6.975,8.978,11.981,8.227,7.567,9.57,12.573,10.066,13.896,7.562,9.564,11.564,14.567,8.312,10.312,12.315,15.315,9.233,11.233,13.236,16.238,9.899,11.901,13.901,16.904,7.148,11.729
10-Jul-16,9.955,10.455,7.978,9.315,10.477,8.567,9.896,6.973,8.975,11.978,8.225,7.564,9.567,12.57,10.063,13.893,7.559,9.562,11.562,14.564,8.31,10.31,12.312,15.312,9.23,11.23,13.233,16.236,9.896,11.899,13.899,16.901,7.145,11.726
11-Jul-16,9.88,10.38,7.975,9.312,10.474,8.564,9.893,6.97,8.973,11.975,8.222,7.562,9.564,12.567,10.06,13.89,7.556,9.559,11.559,14.562,8.307,10.307,12.31,15.31,9.227,11.227,13.23,16.233,9.893,11.896,13.896,16.899,7.142,11.723
12-Jul-16,9.91,10.41,7.973,9.31,10.471,8.562,9.89,6.967,8.97,11.973,8.219,7.559,9.562,12.564,10.058,13.888,7.553,9.556,11.556,14.559,8.304,10.304,12.307,15.307,9.225,11.225,13.227,16.23,9.89,11.893,13.893,16.896,7.14,11.721
13-Jul-16,9.97,10.47,7.97,9.307,10.468,8.559,9.888,6.964,8.967,11.97,8.216,7.556,9.559,12.562,10.055,13.885,7.551,9.553,11.553,14.556,8.301,10.301,12.304,15.304,9.222,11.222,13.225,16.227,9.888,11.89,13.89,16.893,7.137,11.718
14-Jul-16,9.925,10.425,7.967,9.304,10.466,8.556,9.885,6.962,8.964,11.967,8.214,7.553,9.556,12.559,10.052,13.882,7.548,9.551,11.551,14.553,8.299,10.299,12.301,15.301,9.219,11.219,13.222,16.225,9.885,11.888,13.888,16.89,7.134,11.715
15-Jul-16,9.98,10.48,7.964,9.301,10.463,8.553,9.882,6.959,8.962,11.964,8.211,7.551,9.553,12.556,10.049,13.879,7.545,9.548,11.548,14.551,8.296,10.296,12.299,15.299,9.216,11.216,13.219,16.222,9.882,11.885,13.885,16.888,7.132,11.712
16-Jul-16,9.98,10.48,7.962,9.299,10.46,8.551,9.879,6.956,8.959,11.962,8.208,7.548,9.551,12.553,10.047,13.877,7.542,9.545,11.545,14.548,8.293,10.293,12.296,15.296,9.214,11.214,13.216,16.219,9.879,11.882,13.882,16.885,7.129,11.71
17-Jul-16,9.98,10.48,7.959,9.296,10.458,8.548,9.877,6.953,8.956,11.959,8.205,7.545,9.548,12.551,10.044,13.874,7.54,9.542,11.542,14.545,8.29,10.29,12.293,15.293,9.211,11.211,13.214,16.216,9.877,11.879,13.879,16.882,7.126,11.707
18-Jul-16,10.09,10.59,7.956,9.293,10.455,8.545,9.874,6.951,8.953,11.956,8.203,7.542,9.545,12.548,10.041,13.871,7.537,9.54,11.54,14.542,8.288,10.288,12.29,15.29,9.208,11.208,13.211,16.214,9.874,11.877,13.877,16.879,7.123,11.704
19-Jul-16,10.07,10.57,7.953,9.29,10.452,8.542,9.871,6.948,8.951,11.953,8.2,7.54,9.542,12.545,10.038,13.868,7.534,9.537,11.537,14.54,8.285,10.285,12.288,15.288,9.205,11.205,13.208,16.211,9.871,11.874,13.874,16.877,7.121,11.701
20-Jul-16,10.04,10.54,7.951,9.288,10.449,8.54,9.868,6.945,8.948,11.951,8.197,7.537,9.54,12.542,10.036,13.866,7.532,9.534,11.534,14.537,8.282,10.282,12.285,15.285,9.203,11.203,13.205,16.208,9.868,11.871,13.871,16.874,7.118,11.699
21-Jul-16,10,10.5,7.948,9.285,10.447,8.537,9.866,6.942,8.945,11.948,8.195,7.534,9.537,12.54,10.033,13.863,7.529,9.532,11.532,14.534,8.279,10.279,12.282,15.282,9.2,11.2,13.203,16.205,9.866,11.868,13.868,16.871,7.115,11.696
22-Jul-16,10.06,10.56,7.945,9.282,10.444,8.534,9.863,6.94,8.942,11.945,8.192,7.532,9.534,12.537,10.03,13.86,7.526,9.529,11.529,14.532,8.277,10.277,12.279,15.279,9.197,11.197,13.2,16.203,9.863,11.866,13.866,16.868,7.112,11.693
23-Jul-16,10.06,10.56,7.942,9.279,10.441,8.532,9.86,6.937,8.94,11.942,8.189,7.529,9.532,12.534,10.027,13.858,7.523,9.526,11.526,14.529,8.274,10.274,12.277,15.277,9.195,11.195,13.197,16.2,9.86,11.863,13.863,16.866,7.11,11.69
24-Jul-16,10.06,10.56,7.94,9.277,10.438,8.529,9.858,6.934,8.937,11.94,8.186,7.526,9.529,12.532,10.025,13.855,7.521,9.523,11.523,14.526,8.271,10.271,12.274,15.274,9.192,11.192,13.195,16.197,9.858,11.86,13.86,16.863,7.107,11.688
25-Jul-16,10.04,10.54,7.937,9.274,10.436,8.526,9.855,6.932,8.934,11.937,8.184,7.523,9.526,12.529,10.022,13.852,7.518,9.521,11.521,14.523,8.268,10.268,12.271,15.271,9.189,11.189,13.192,16.195,9.855,11.858,13.858,16.86,7.104,11.685
26-Jul-16,10,10.5,7.934,9.271,10.433,8.523,9.852,6.929,8.932,11.934,8.181,7.521,9.523,12.526,10.019,13.849,7.515,9.518,11.518,14.521,8.266,10.266,12.268,15.268,9.186,11.186,13.189,16.192,9.852,11.855,13.855,16.858,7.101,11.682
27-Jul-16,10,10.5,7.932,9.268,10.43,8.521,9.849,6.926,8.929,11.932,8.178,7.518,9.521,12.523,10.016,13.847,7.512,9.515,11.515,14.518,8.263,10.263,12.266,15.266,9.184,11.184,13.186,16.189,9.849,11.852,13.852,16.855,7.099,11.679
28-Jul-16,9.995,10.495,7.929,9.266,10.427,8.518,9.847,6.923,8.926,11.929,8.175,7.515,9.518,12.521,10.014,13.844,7.51,9.512,11.512,14.515,8.26,10.26,12.263,15.263,9.181,11.181,13.184,16.186,9.847,11.849,13.849,16.852,7.096,11.677
29-Jul-16,9.9,10.4,7.926,9.263,10.425,8.515,9.844,6.921,8.923,11.926,8.173,7.512,9.515,12.518,10.011,13.841,7.507,9.51,11.51,14.512,8.258,10.258,12.26,15.26,9.178,11.178,13.181,16.184,9.844,11.847,13.847,16.849,7.093,11.674
30-Jul-16,9.9,10.4,7.923,9.26,10.422,8.512,9.841,6.918,8.921,11.923,8.17,7.51,9.512,12.515,10.008,13.838,7.504,9.507,11.507,14.51,8.255,10.255,12.258,15.258,9.175,11.175,13.178,16.181,9.841,11.844,13.844,16.847,7.09,11.671
31-Jul-16,9.9,10.4,7.921,9.258,10.419,8.51,9.838,6.915,8.918,11.921,8.167,7.507,9.51,12.512,10.005,13.836,7.501,9.504,11.504,14.507,8.252,10.252,12.255,15.255,9.173,11.173,13.175,16.178,9.838,11.841,13.841,16.844,7.088,11.668
1-Aug-16,9.885,10.385,7.918,9.255,10.416,8.507,9.836,6.912,8.915,11.918,8.164,7.504,9.507,12.51,10.003,13.833,7.499,9.501,11.501,14.504,8.249,10.249,12.252,15.252,9.17,11.17,13.173,16.175,9.836,11.838,13.838,16.841,7.085,11.666
2-Aug-16,9.905,10.405,7.915,9.252,10.414,8.504,9.833,6.91,8.912,11.915,8.162,7.501,9.504,12.507,10,13.83,7.496,9.499,11.499,14.501,8.247,10.247,12.249,15.249,9.167,11.167,13.17,16.173,9.833,11.836,13.836,16.838,7.082,11.663
3-Aug-16,9.905,10.405,7.912,9.249,10.411,8.501,9.83,6.907,8.91,11.912,8.159,7.499,9.501,12.504,9.997,13.827,7.493,9.496,11.496,14.499,8.244,10.244,12.247,15.247,9.164,11.164,13.167,16.17,9.83,11.833,13.833,16.836,7.079,11.66
4-Aug-16,9.81,10.31,7.91,9.247,10.408,8.499,9.827,6.904,8.907,11.91,8.156,7.496,9.499,12.501,9.995,13.825,7.49,9.493,11.493,14.496,8.241,10.241,12.244,15.244,9.162,11.162,13.164,16.167,9.827,11.83,13.83,16.833,7.077,11.658
5-Aug-16,9.84,10.34,7.907,9.244,10.405,8.496,9.825,6.901,8.904,11.907,8.153,7.493,9.496,12.499,9.992,13.822,7.488,9.49,11.49,14.493,8.238,10.238,12.241,15.241,9.159,11.159,13.162,16.164,9.825,11.827,13.827,16.83,7.074,11.655
6-Aug-16,9.84,10.34,7.904,9.241,10.403,8.493,9.822,6.899,8.901,11.904,8.151,7.49,9.493,12.496,9.989,13.819,7.485,9.488,11.488,14.49,8.236,10.236,12.238,15.238,9.156,11.156,13.159,16.162,9.822,11.825,13.825,16.827,7.071,11.652
7-Aug-16,9.84,10.34,7.901,9.238,10.4,8.49,9.819,6.896,8.899,11.901,8.148,7.488,9.49,12.493,9.986,13.816,7.482,9.485,11.485,14.488,8.233,10.233,12.236,15.236,9.153,11.153,13.156,16.159,9.819,11.822,13.822,16.825,7.068,11.649
8-Aug-16,9.795,10.295,,,,,,,,,,,,,,,,,,,,,,,,,,,,,,,9.545,
9-Aug-16,9.795,10.295,,,,,,,,,,,,,,,,,,,,,,,,,,,,,,,9.545,
10-Aug-16,9.705,10.205,,,,,,,,,,,,,,,,,,,,,,,,,,,,,,,9.455,
11-Aug-16,9.69,10.19,,,,,,,,,,,,,,,,,,,,,,,,,,,,,,,9.44,
12-Aug-16,9.68,10.18,,,,,,,,,,,,,,,,,,,,,,,,,,,,,,,9.43,
13-Aug-16,9.68,10.18,,,,,,,,,,,,,,,,,,,,,,,,,,,,,,,9.43,
14-Aug-16,9.68,10.18,,,,,,,,,,,,,,,,,,,,,,,,,,,,,,,9.43,
15-Aug-16,9.68,10.18,,,,,,,,,,,,,,,,,,,,,,,,,,,,,,,9.43,
16-Aug-16,9.685,10.185,,,,,,,,,,,,,,,,,,,,,,,,,,,,,,,9.435,
17-Aug-16,9.7,10.2,,,,,,,,,,,,,,,,,,,,,,,,,,,,,,,9.45,
18-Aug-16,9.655,10.155,,,,,,,,,,,,,,,,,,,,,,,,,,,,,,,9.405,
19-Aug-16,9.725,10.225,,,,,,,,,,,,,,,,,,,,,,,,,,,,,,,9.475,
20-Aug-16,9.725,10.225,,,,,,,,,,,,,,,,,,,,,,,,,,,,,,,9.475,
21-Aug-16,9.725,10.225,,,,,,,,,,,,,,,,,,,,,,,,,,,,,,,9.475,
22-Aug-16,9.77,10.27,,,,,,,,,,,,,,,,,,,,,,,,,,,,,,,9.52,
23-Aug-16,9.726,10.226,,,,,,,,,,,,,,,,,,,,,,,,,,,,,,,9.476,
24-Aug-16,10.28,10.78,,,,,,,,,,,,,,,,,,,,,,,,,,,,,,,10.03,
25-Aug-16,10.31,10.81,,,,,,,,,,,,,,,,,,,,,,,,,,,,,,,10.06,
26-Aug-16,10.215,10.715,,,,,,,,,,,,,,,,,,,,,,,,,,,,,,,9.965,
27-Aug-16,10.215,10.715,,,,,,,,,,,,,,,,,,,,,,,,,,,,,,,9.965,
28-Aug-16,10.215,10.715,,,,,,,,,,,,,,,,,,,,,,,,,,,,,,,9.965,
29-Aug-16,10.26,10.76,,,,,,,,,,,,,,,,,,,,,,,,,,,,,,,10.01,
30-Aug-16,10.23,10.73,,,,,,,,,,,,,,,,,,,,,,,,,,,,,,,9.98,
31-Aug-16,10.295,10.795,,,,,,,,,,,,,,,,,,,,,,,,,,,,,,,10.045,
1-Sep-16,10.255,10.755,,,,,,,,,,,,,,,,,,,,,,,,,,,,,,,10.005,
2-Sep-16,10.19,10.69,,,,,,,,,,,,,,,,,,,,,,,,,,,,,,,9.94,
3-Sep-16,10.19,10.69,,,,,,,,,,,,,,,,,,,,,,,,,,,,,,,9.94,
4-Sep-16,10.19,10.69,,,,,,,,,,,,,,,,,,,,,,,,,,,,,,,9.94,
5-Sep-16,10.1,10.6,,,,,,,,,,,,,,,,,,,,,,,,,,,,,,,9.85,
6-Sep-16,9.975,10.475,,,,,,,,,,,,,,,,,,,,,,,,,,,,,,,9.725,
7-Sep-16,9.87,10.37,,,,,,,,,,,,,,,,,,,,,,,,,,,,,,,9.62,
8-Sep-16,9.845,10.345,,,,,,,,,,,,,,,,,,,,,,,,,,,,,,,9.595,
9-Sep-16,10.005,10.505,,,,,,,,,,,,,,,,,,,,,,,,,,,,,,,9.755,
10-Sep-16,10.005,10.505,,,,,,,,,,,,,,,,,,,,,,,,,,,,,,,9.755,
11-Sep-16,10.005,10.505,,,,,,,,,,,,,,,,,,,,,,,,,,,,,,,9.755,
12-Sep-16,9.975,10.475,,,,,,,,,,,,,,,,,,,,,,,,,,,,,,,9.725,
13-Sep-16,9.975,10.475,,,,,,,,,,,,,,,,,,,,,,,,,,,,,,,9.725,
14-Sep-16,9.915,10.415,,,,,,,,,,,,,,,,,,,,,,,,,,,,,,,9.665,
15-Sep-16,9.945,10.445,,,,,,,,,,,,,,,,,,,,,,,,,,,,,,,9.695,
16-Sep-16,9.965,10.465,,,,,,,,,,,,,,,,,,,,,,,,,,,,,,,9.715,
17-Sep-16,9.965,10.465,,,,,,,,,,,,,,,,,,,,,,,,,,,,,,,9.715,
18-Sep-16,9.965,10.465,,,,,,,,,,,,,,,,,,,,,,,,,,,,,,,9.715,
19-Sep-16,9.875,10.375,,,,,,,,,,,,,,,,,,,,,,,,,,,,,,,9.625,
20-Sep-16,9.845,10.345,,,,,,,,,,,,,,,,,,,,,,,,,,,,,,,9.595,
21-Sep-16,9.86,10.36,,,,,,,,,,,,,,,,,,,,,,,,,,,,,,,9.61,
22-Sep-16,9.785,10.285,,,,,,,,,,,,,,,,,,,,,,,,,,,,,,,9.535,
23-Sep-16,9.815,10.315,,,,,,,,,,,,,,,,,,,,,,,,,,,,,,,9.565,
24-Sep-16,9.815,10.315,,,,,,,,,,,,,,,,,,,,,,,,,,,,,,,9.565,
25-Sep-16,9.815,10.315,,,,,,,,,,,,,,,,,,,,,,,,,,,,,,,9.565,
26-Sep-16,9.875,10.375,,,,,,,,,,,,,,,,,,,,,,,,,,,,,,,9.625,
27-Sep-16,9.865,10.365,,,,,,,,,,,,,,,,,,,,,,,,,,,,,,,9.615,
28-Sep-16,9.89,10.39,,,,,,,,,,,,,,,,,,,,,,,,,,,,,,,9.64,
29-Sep-16,9.92,10.42,,,,,,,,,,,,,,,,,,,,,,,,,,,,,,,9.67,
30-Sep-16,9.93,10.43,,,,,,,,,,,,,,,,,,,,,,,,,,,,,,,9.68,
1-Oct-16,9.93,10.43,,,,,,,,,,,,,,,,,,,,,,,,,,,,,,,9.68,
2-Oct-16,9.93,10.43,,,,,,,,,,,,,,,,,,,,,,,,,,,,,,,9.68,
3-Oct-16,9.835,10.335,,,,,,,,,,,,,,,,,,,,,,,,,,,,,,,9.585,
4-Oct-16,9.81,10.31,,,,,,,,,,,,,,,,,,,,,,,,,,,,,,,9.56,
5-Oct-16,9.9,10.4,,,,,,,,,,,,,,,,,,,,,,,,,,,,,,,9.65,
6-Oct-16,9.965,10.465,,,,,,,,,,,,,,,,,,,,,,,,,,,,,,,9.715,
7-Oct-16,9.945,10.445,,,,,,,,,,,,,,,,,,,,,,,,,,,,,,,9.695,
8-Oct-16,9.945,10.445,,,,,,,,,,,,,,,,,,,,,,,,,,,,,,,9.695,
9-Oct-16,9.945,10.445,,,,,,,,,,,,,,,,,,,,,,,,,,,,,,,9.695,
10-Oct-16,9.945,10.445,,,,,,,,,,,,,,,,,,,,,,,,,,,,,,,9.695,
11-Oct-16,10.18,10.68,,,,,,,,,,,,,,,,,,,,,,,,,,,,,,,9.93,
12-Oct-16,10.18,10.68,,,,,,,,,,,,,,,,,,,,,,,,,,,,,,,9.93,
13-Oct-16,10.155,10.655,,,,,,,,,,,,,,,,,,,,,,,,,,,,,,,9.905,
14-Oct-16,10.095,10.595,,,,,,,,,,,,,,,,,,,,,,,,,,,,,,,9.845,
15-Oct-16,10.095,10.595,,,,,,,,,,,,,,,,,,,,,,,,,,,,,,,9.845,
16-Oct-16,10.095,10.595,,,,,,,,,,,,,,,,,,,,,,,,,,,,,,,9.845,
17-Oct-16,10.11,10.61,,,,,,,,,,,,,,,,,,,,,,,,,,,,,,,9.86,
18-Oct-16,10.065,10.565,,,,,,,,,,,,,,,,,,,,,,,,,,,,,,,9.815,
19-Oct-16,10.03,10.53,,,,,,,,,,,,,,,,,,,,,,,,,,,,,,,9.78,
20-Oct-16,10.04,10.54,,,,,,,,,,,,,,,,,,,,,,,,,,,,,,,9.79,
21-Oct-16,10.08,10.58,,,,,,,,,,,,,,,,,,,,,,,,,,,,,,,9.83,
22-Oct-16,10.08,10.58,,,,,,,,,,,,,,,,,,,,,,,,,,,,,,,9.83,
23-Oct-16,10.08,10.58,,,,,,,,,,,,,,,,,,,,,,,,,,,,,,,9.83,
24-Oct-16,10.05,10.55,,,,,,,,,,,,,,,,,,,,,,,,,,,,,,,9.8,
25-Oct-16,10.04,10.54,,,,,,,,,,,,,,,,,,,,,,,,,,,,,,,9.79,
26-Oct-16,10.13,10.63,,,,,,,,,,,,,,,,,,,,,,,,,,,,,,,9.88,
27-Oct-16,10.175,10.675,,,,,,,,,,,,,,,,,,,,,,,,,,,,,,,9.925,
28-Oct-16,10.125,10.625,,,,,,,,,,,,,,,,,,,,,,,,,,,,,,,9.875,
29-Oct-16,10.125,10.625,,,,,,,,,,,,,,,,,,,,,,,,,,,,,,,9.875,
30-Oct-16,10.125,10.625,,,,,,,,,,,,,,,,,,,,,,,,,,,,,,,9.875,
31-Oct-16,9.97,10.47,,,,,,,,,,,,,,,,,,,,,,,,,,,,,,,9.72,
1-Nov-16,10.01,10.51,,,,,,,,,,,,,,,,,,,,,,,,,,,,,,,9.76,
2-Nov-16,9.9,10.4,,,,,,,,,,,,,,,,,,,,,,,,,,,,,,,9.65,
3-Nov-16,9.895,10.395,,,,,,,,,,,,,,,,,,,,,,,,,,,,,,,9.645,
4-Nov-16,9.95,10.45,,,,,,,,,,,,,,,,,,,,,,,,,,,,,,,9.7,
5-Nov-16,9.95,10.45,,,,,,,,,,,,,,,,,,,,,,,,,,,,,,,9.7,
6-Nov-16,9.95,10.45,,,,,,,,,,,,,,,,,,,,,,,,,,,,,,,9.7,
7-Nov-16,9.935,10.435,,,,,,,,,,,,,,,,,,,,,,,,,,,,,,,9.685,
8-Nov-16,9.91,10.41,,,,,,,,,,,,,,,,,,,,,,,,,,,,,,,9.66,
9-Nov-16,10.08,10.58,,,,,,,,,,,,,,,,,,,,,,,,,,,,,,,9.83,
10-Nov-16,10.27,10.77,,,,,,,,,,,,,,,,,,,,,,,,,,,,,,,10.02,
11-Nov-16,10.425,10.925,,,,,,,,,,,,,,,,,,,,,,,,,,,,,,,10.175,
12-Nov-16,10.425,10.925,,,,,,,,,,,,,,,,,,,,,,,,,,,,,,,10.175,
13-Nov-16,10.425,10.925,,,,,,,,,,,,,,,,,,,,,,,,,,,,,,,10.175,
14-Nov-16,10.465,10.965,,,,,,,,,,,,,,,,,,,,,,,,,,,,,,,10.215,
15-Nov-16,10.315,10.815,,,,,,,,,,,,,,,,,,,,,,,,,,,,,,,10.065,
16-Nov-16,10.275,10.775,,,,,,,,,,,,,,,,,,,,,,,,,,,,,,,10.025,
17-Nov-16,10.255,10.755,,,,,,,,,,,,,,,,,,,,,,,,,,,,,,,10.005,
18-Nov-16,10.225,10.725,,,,,,,,,,,,,,,,,,,,,,,,,,,,,,,9.975,
19-Nov-16,10.225,10.725,,,,,,,,,,,,,,,,,,,,,,,,,,,,,,,9.975,
20-Nov-16,10.225,10.725,,,,,,,,,,,,,,,,,,,,,,,,,,,,,,,9.975,
21-Nov-16,10.225,10.725,,,,,,,,,,,,,,,,,,,,,,,,,,,,,,,9.975,
22-Nov-16,10.215,10.715,,,,,,,,,,,,,,,,,,,,,,,,,,,,,,,9.965,
23-Nov-16,10.24,10.74,,,,,,,,,,,,,,,,,,,,,,,,,,,,,,,9.99,
24-Nov-16,10.285,10.785,,,,,,,,,,,,,,,,,,,,,,,,,,,,,,,10.035,
25-Nov-16,10.355,10.855,,,,,,,,,,,,,,,,,,,,,,,,,,,,,,,10.105,
26-Nov-16,10.355,10.855,,,,,,,,,,,,,,,,,,,,,,,,,,,,,,,10.105,
27-Nov-16,10.355,10.855,,,,,,,,,,,,,,,,,,,,,,,,,,,,,,,10.105,
28-Nov-16,10.145,10.645,,,,,,,,,,,,,,,,,,,,,,,,,,,,,,,9.895,
29-Nov-16,10.24,10.74,,,,,,,,,,,,,,,,,,,,,,,,,,,,,,,9.99,
30-Nov-16,10.28,10.78,,,,,,,,,,,,,,,,,,,,,,,,,,,,,,,10.03,
1-Dec-16,10.35,10.85,,,,,,,,,,,,,,,,,,,,,,,,,,,,,,,10.1,
2-Dec-16,10.3,10.8,,,,,,,,,,,,,,,,,,,,,,,,,,,,,,,10.05,
3-Dec-16,10.3,10.8,,,,,,,,,,,,,,,,,,,,,,,,,,,,,,,10.05,
4-Dec-16,10.3,10.8,,,,,,,,,,,,,,,,,,,,,,,,,,,,,,,10.05,
5-Dec-16,10.22,10.72,,,,,,,,,,,,,,,,,,,,,,,,,,,,,,,9.97,
6-Dec-16,10.195,10.695,,,,,,,,,,,,,,,,,,,,,,,,,,,,,,,9.945,
7-Dec-16,10.085,10.585,,,,,,,,,,,,,,,,,,,,,,,,,,,,,,,9.835,
8-Dec-16,10.145,10.645,,,,,,,,,,,,,,,,,,,,,,,,,,,,,,,9.895,
9-Dec-16,10.14,10.64,,,,,,,,,,,,,,,,,,,,,,,,,,,,,,,9.89,
10-Dec-16,10.14,10.64,,,,,,,,,,,,,,,,,,,,,,,,,,,,,,,9.89,
11-Dec-16,10.14,10.64,,,,,,,,,,,,,,,,,,,,,,,,,,,,,,,9.89,
12-Dec-16,10.16,10.66,,,,,,,,,,,,,,,,,,,,,,,,,,,,,,,9.91,
13-Dec-16,10.15,10.65,,,,,,,,,,,,,,,,,,,,,,,,,,,,,,,9.9,
14-Dec-16,10.18,10.68,,,,,,,,,,,,,,,,,,,,,,,,,,,,,,,9.93,
15-Dec-16,10.275,10.775,,,,,,,,,,,,,,,,,,,,,,,,,,,,,,,10.025,
16-Dec-16,10.275,10.775,,,,,,,,,,,,,,,,,,,,,,,,,,,,,,,10.025,
17-Dec-16,10.275,10.775,,,,,,,,,,,,,,,,,,,,,,,,,,,,,,,10.025,
18-Dec-16,10.275,10.775,,,,,,,,,,,,,,,,,,,,,,,,,,,,,,,10.025,
19-Dec-16,10.245,10.745,,,,,,,,,,,,,,,,,,,,,,,,,,,,,,,9.995,
20-Dec-16,10.245,10.745,,,,,,,,,,,,,,,,,,,,,,,,,,,,,,,9.995,
21-Dec-16,10.235,10.735,,,,,,,,,,,,,,,,,,,,,,,,,,,,,,,9.985,
22-Dec-16,10.215,10.715,,,,,,,,,,,,,,,,,,,,,,,,,,,,,,,9.965,
23-Dec-16,10.23,10.73,,,,,,,,,,,,,,,,,,,,,,,,,,,,,,,9.98,
24-Dec-16,10.23,10.73,,,,,,,,,,,,,,,,,,,,,,,,,,,,,,,9.98,
25-Dec-16,10.23,10.73,,,,,,,,,,,,,,,,,,,,,,,,,,,,,,,9.98,
26-Dec-16,10.23,10.73,,,,,,,,,,,,,,,,,,,,,,,,,,,,,,,9.98,
27-Dec-16,10.23,10.73,,,,,,,,,,,,,,,,,,,,,,,,,,,,,,,9.98,
28-Dec-16,10.22,10.72,,,,,,,,,,,,,,,,,,,,,,,,,,,,,,,9.97,
29-Dec-16,10.175,10.675,,,,,,,,,,,,,,,,,,,,,,,,,,,,,,,9.925,
30-Dec-16,10.175,10.675,,,,,,,,,,,,,,,,,,,,,,,,,,,,,,,9.925,
31-Dec-16,10.175,10.675,,,,,,,,,,,,,,,,,,,,,,,,,,,,,,,9.925,
1-Jan-17,10.175,10.675,,,,,,,,,,,,,,,,,,,,,,,,,,,,,,,9.925,
2-Jan-17,10.175,10.675,,,,,,,,,,,,,,,,,,,,,,,,,,,,,,,9.925,
3-Jan-17,10.22,10.72,,,,,,,,,,,,,,,,,,,,,,,,,,,,,,,9.97,
4-Jan-17,10.175,10.675,,,,,,,,,,,,,,,,,,,,,,,,,,,,,,,9.925,
5-Jan-17,10.11,10.61,,,,,,,,,,,,,,,,,,,,,,,,,,,,,,,9.86,
6-Jan-17,10.05,10.55,,,,,,,,,,,,,,,,,,,,,,,,,,,,,,,9.8,
7-Jan-17,10.05,10.55,,,,,,,,,,,,,,,,,,,,,,,,,,,,,,,9.8,
8-Jan-17,10.05,10.55,,,,,,,,,,,,,,,,,,,,,,,,,,,,,,,9.8,
9-Jan-17,10.04,10.54,,,,,,,,,,,,,,,,,,,,,,,,,,,,,,,9.79,
10-Jan-17,10.045,10.545,,,,,,,,,,,,,,,,,,,,,,,,,,,,,,,9.795,
11-Jan-17,10.05,10.55,,,,,,,,,,,,,,,,,,,,,,,,,,,,,,,9.8,
12-Jan-17,9.965,10.465,,,,,,,,,,,,,,,,,,,,,,,,,,,,,,,9.715,
13-Jan-17,9.92,10.42,,,,,,,,,,,,,,,,,,,,,,,,,,,,,,,9.67,
14-Jan-17,9.92,10.42,,,,,,,,,,,,,,,,,,,,,,,,,,,,,,,9.67,
15-Jan-17,9.92,10.42,,,,,,,,,,,,,,,,,,,,,,,,,,,,,,,9.67,
16-Jan-17,9.925,10.425,,,,,,,,,,,,,,,,,,,,,,,,,,,,,,,9.675,
17-Jan-17,9.9,10.4,,,,,,,,,,,,,,,,,,,,,,,,,,,,,,,9.65,
18-Jan-17,9.9,10.4,,,,,,,,,,,,,,,,,,,,,,,,,,,,,,,9.65,
19-Jan-17,9.975,10.475,,,,,,,,,,,,,,,,,,,,,,,,,,,,,,,9.725,
20-Jan-17,9.97,10.47,,,,,,,,,,,,,,,,,,,,,,,,,,,,,,,9.72,
21-Jan-17,9.97,10.47,,,,,,,,,,,,,,,,,,,,,,,,,,,,,,,9.72,
22-Jan-17,9.97,10.47,,,,,,,,,,,,,,,,,,,,,,,,,,,,,,,9.72,
23-Jan-17,10.02,10.52,,,,,,,,,,,,,,,,,,,,,,,,,,,,,,,9.77,
24-Jan-17,9.94,10.44,,,,,,,,,,,,,,,,,,,,,,,,,,,,,,,9.69,
25-Jan-17,10,10.5,,,,,,,,,,,,,,,,,,,,,,,,,,,,,,,9.75,
26-Jan-17,10.01,10.51,,,,,,,,,,,,,,,,,,,,,,,,,,,,,,,9.76,
27-Jan-17,10.11,10.61,,,,,,,,,,,,,,,,,,,,,,,,,,,,,,,9.86,
28-Jan-17,10.11,10.61,,,,,,,,,,,,,,,,,,,,,,,,,,,,,,,9.86,
29-Jan-17,10.11,10.61,,,,,,,,,,,,,,,,,,,,,,,,,,,,,,,9.86,
30-Jan-17,10.19,10.69,,,,,,,,,,,,,,,,,,,,,,,,,,,,,,,9.94,
31-Jan-17,10.07,10.57,,,,,,,,,,,,,,,,,,,,,,,,,,,,,,,9.82,
1-Feb-17,10.11,10.61,,,,,,,,,,,,,,,,,,,,,,,,,,,,,,,9.86,
2-Feb-17,10.1,10.6,,,,,,,,,,,,,,,,,,,,,,,,,,,,,,,9.85,
3-Feb-17,10.08,10.58,,,,,,,,,,,,,,,,,,,,,,,,,,,,,,,9.83,
4-Feb-17,10.08,10.58,,,,,,,,,,,,,,,,,,,,,,,,,,,,,,,9.83,
5-Feb-17,10.08,10.58,,,,,,,,,,,,,,,,,,,,,,,,,,,,,,,9.83,
6-Feb-17,10.07,10.57,,,,,,,,,,,,,,,,,,,,,,,,,,,,,,,9.82,
7-Feb-17,10.13,10.63,,,,,,,,,,,,,,,,,,,,,,,,,,,,,,,9.88,
8-Feb-17,10.07,10.57,,,,,,,,,,,,,,,,,,,,,,,,,,,,,,,9.82,
9-Feb-17,10.055,10.555,,,,,,,,,,,,,,,,,,,,,,,,,,,,,,,9.805,
10-Feb-17,10.02,10.52,,,,,,,,,,,,,,,,,,,,,,,,,,,,,,,9.77,
11-Feb-17,10.02,10.52,,,,,,,,,,,,,,,,,,,,,,,,,,,,,,,9.77,
12-Feb-17,10.02,10.52,,,,,,,,,,,,,,,,,,,,,,,,,,,,,,,9.77,
13-Feb-17,9.98,10.48,,,,,,,,,,,,,,,,,,,,,,,,,,,,,,,9.73,
14-Feb-17,9.88,10.38,,,,,,,,,,,,,,,,,,,,,,,,,,,,,,,9.63,
15-Feb-17,9.83,10.33,,,,,,,,,,,,,,,,,,,,,,,,,,,,,,,9.58,
16-Feb-17,9.87,10.37,,,,,,,,,,,,,,,,,,,,,,,,,,,,,,,9.62,
17-Feb-17,9.93,10.43,,,,,,,,,,,,,,,,,,,,,,,,,,,,,,,9.68,
18-Feb-17,9.93,10.43,,,,,,,,,,,,,,,,,,,,,,,,,,,,,,,9.68,
19-Feb-17,9.93,10.43,,,,,,,,,,,,,,,,,,,,,,,,,,,,,,,9.68,
20-Feb-17,10.035,10.535,,,,,,,,,,,,,,,,,,,,,,,,,,,,,,,9.785,
21-Feb-17,10.05,10.55,,,,,,,,,,,,,,,,,,,,,,,,,,,,,,,9.8,
22-Feb-17,10.015,10.515,,,,,,,,,,,,,,,,,,,,,,,,,,,,,,,9.765,
23-Feb-17,9.95,10.45,,,,,,,,,,,,,,,,,,,,,,,,,,,,,,,9.7,
24-Feb-17,9.955,10.455,,,,,,,,,,,,,,,,,,,,,,,,,,,,,,,9.705,
25-Feb-17,9.955,10.455,,,,,,,,,,,,,,,,,,,,,,,,,,,,,,,9.705,
26-Feb-17,9.955,10.455,,,,,,,,,,,,,,,,,,,,,,,,,,,,,,,9.705,
27-Feb-17,9.99,10.49,,,,,,,,,,,,,,,,,,,,,,,,,,,,,,,9.74,
28-Feb-17,10.05,10.55,,,,,,,,,,,,,,,,,,,,,,,,,,,,,,,9.8,
1-Mar-17,10.05,10.55,,,,,,,,,,,,,,,,,,,,,,,,,,,,,,,9.8,
2-Mar-17,10.005,10.505,,,,,,,,,,,,,,,,,,,,,,,,,,,,,,,9.755,
3-Mar-17,9.97,10.47,,,,,,,,,,,,,,,,,,,,,,,,,,,,,,,9.72,
4-Mar-17,9.97,10.47,,,,,,,,,,,,,,,,,,,,,,,,,,,,,,,9.72,
5-Mar-17,9.97,10.47,,,,,,,,,,,,,,,,,,,,,,,,,,,,,,,9.72,
6-Mar-17,9.93,10.43,,,,,,,,,,,,,,,,,,,,,,,,,,,,,,,9.68,
7-Mar-17,9.9,10.4,,,,,,,,,,,,,,,,,,,,,,,,,,,,,,,9.65,
8-Mar-17,9.91,10.41,,,,,,,,,,,,,,,,,,,,,,,,,,,,,,,9.66,
9-Mar-17,9.965,10.465,,,,,,,,,,,,,,,,,,,,,,,,,,,,,,,9.715,
10-Mar-17,9.94,10.44,,,,,,,,,,,,,,,,,,,,,,,,,,,,,,,9.69,
11-Mar-17,9.94,10.44,,,,,,,,,,,,,,,,,,,,,,,,,,,,,,,9.69,
12-Mar-17,9.94,10.44,,,,,,,,,,,,,,,,,,,,,,,,,,,,,,,9.69,
13-Mar-17,9.91,10.41,,,,,,,,,,,,,,,,,,,,,,,,,,,,,,,9.66,
14-Mar-17,9.95,10.45,,,,,,,,,,,,,,,,,,,,,,,,,,,,,,,9.7,
15-Mar-17,9.905,10.405,,,,,,,,,,,,,,,,,,,,,,,,,,,,,,,9.655,
16-Mar-17,9.78,10.28,,,,,,,,,,,,,,,,,,,,,,,,,,,,,,,9.53,
17-Mar-17,9.76,10.26,,,,,,,,,,,,,,,,,,,,,,,,,,,,,,,9.51,
18-Mar-17,9.76,10.26,,,,,,,,,,,,,,,,,,,,,,,,,,,,,,,9.51,
19-Mar-17,9.76,10.26,,,,,,,,,,,,,,,,,,,,,,,,,,,,,,,9.51,
20-Mar-17,9.7,10.2,,,,,,,,,,,,,,,,,,,,,,,,,,,,,,,9.45,
21-Mar-17,9.7,10.2,,,,,,,,,,,,,,,,,,,,,,,,,,,,,,,9.45,
22-Mar-17,9.58,10.08,,,,,,,,,,,,,,,,,,,,,,,,,,,,,,,9.33,
23-Mar-17,9.57,10.07,,,,,,,,,,,,,,,,,,,,,,,,,,,,,,,9.32,
24-Mar-17,9.615,10.115,,,,,,,,,,,,,,,,,,,,,,,,,,,,,,,9.365,
25-Mar-17,9.615,10.115,,,,,,,,,,,,,,,,,,,,,,,,,,,,,,,9.365,
26-Mar-17,9.615,10.115,,,,,,,,,,,,,,,,,,,,,,,,,,,,,,,9.365,
27-Mar-17,9.96,10.46,,,,,,,,,,,,,,,,,,,,,,,,,,,,,,,9.71,
28-Mar-17,9.99,10.49,,,,,,,,,,,,,,,,,,,,,,,,,,,,,,,9.74,
29-Mar-17,9.965,10.465,,,,,,,,,,,,,,,,,,,,,,,,,,,,,,,9.715,
30-Mar-17,9.775,10.275,,,,,,,,,,,,,,,,,,,,,,,,,,,,,,,9.525,
31-Mar-17,10.1,10.6,,,,,,,,,,,,,,,,,,,,,,,,,,,,,,,9.85,
1-Apr-17,10.1,10.6,,,,,,,,,,,,,,,,,,,,,,,,,,,,,,,9.85,
2-Apr-17,10.1,10.6,,,,,,,,,,,,,,,,,,,,,,,,,,,,,,,9.85,
3-Apr-17,10.23,10.73,,,,,,,,,,,,,,,,,,,,,,,,,,,,,,,9.98,
4-Apr-17,10.165,10.665,,,,,,,,,,,,,,,,,,,,,,,,,,,,,,,9.915,
5-Apr-17,10.255,10.755,,,,,,,,,,,,,,,,,,,,,,,,,,,,,,,10.005,
6-Apr-17,10.27,10.77,,,,,,,,,,,,,,,,,,,,,,,,,,,,,,,10.02,
7-Apr-17,10.18,10.68,,,,,,,,,,,,,,,,,,,,,,,,,,,,,,,9.93,
8-Apr-17,10.18,10.68,,,,,,,,,,,,,,,,,,,,,,,,,,,,,,,9.93,
9-Apr-17,10.18,10.68,,,,,,,,,,,,,,,,,,,,,,,,,,,,,,,9.93,
10-Apr-17,10.245,10.745,,,,,,,,,,,,,,,,,,,,,,,,,,,,,,,9.995,
11-Apr-17,10.205,10.705,,,,,,,,,,,,,,,,,,,,,,,,,,,,,,,9.955,
12-Apr-17,10.12,10.62,,,,,,,,,,,,,,,,,,,,,,,,,,,,,,,9.87,
13-Apr-17,10.075,10.575,,,,,,,,,,,,,,,,,,,,,,,,,,,,,,,9.825,
14-Apr-17,10.075,10.575,,,,,,,,,,,,,,,,,,,,,,,,,,,,,,,9.825,
15-Apr-17,10.075,10.575,,,,,,,,,,,,,,,,,,,,,,,,,,,,,,,9.825,
16-Apr-17,10.075,10.575,,,,,,,,,,,,,,,,,,,,,,,,,,,,,,,9.825,
17-Apr-17,10.075,10.575,,,,,,,,,,,,,,,,,,,,,,,,,,,,,,,9.825,
18-Apr-17,10.08,10.58,,,,,,,,,,,,,,,,,,,,,,,,,,,,,,,9.83,
19-Apr-17,10.04,10.54,,,,,,,,,,,,,,,,,,,,,,,,,,,,,,,9.79,
20-Apr-17,9.92,10.42,,,,,,,,,,,,,,,,,,,,,,,,,,,,,,,9.67,
21-Apr-17,9.895,10.395,,,,,,,,,,,,,,,,,,,,,,,,,,,,,,,9.645,
22-Apr-17,9.895,10.395,,,,,,,,,,,,,,,,,,,,,,,,,,,,,,,9.645,
23-Apr-17,9.895,10.395,,,,,,,,,,,,,,,,,,,,,,,,,,,,,,,9.645,
24-Apr-17,9.885,10.385,,,,,,,,,,,,,,,,,,,,,,,,,,,,,,,9.635,
25-Apr-17,9.94,10.44,,,,,,,,,,,,,,,,,,,,,,,,,,,,,,,9.69,
26-Apr-17,9.98,10.48,,,,,,,,,,,,,,,,,,,,,,,,,,,,,,,9.73,
27-Apr-17,9.98,10.48,,,,,,,,,,,,,,,,,,,,,,,,,,,,,,,9.73,
28-Apr-17,9.955,10.455,,,,,,,,,,,,,,,,,,,,,,,,,,,,,,,9.705,
29-Apr-17,9.955,10.455,,,,,,,,,,,,,,,,,,,,,,,,,,,,,,,9.705,
30-Apr-17,9.955,10.455,,,,,,,,,,,,,,,,,,,,,,,,,,,,,,,9.705,
1-May-17,9.955,10.455,,,,,,,,,,,,,,,,,,,,,,,,,,,,,,,9.705,
2-May-17,9.92,10.42,,,,,,,,,,,,,,,,,,,,,,,,,,,,,,,9.67,
3-May-17,9.92,10.42,,,,,,,,,,,,,,,,,,,,,,,,,,,,,,,9.67,
4-May-17,9.955,10.455,,,,,,,,,,,,,,,,,,,,,,,,,,,,,,,9.705,
5-May-17,9.985,10.485,,,,,,,,,,,,,,,,,,,,,,,,,,,,,,,9.735,
6-May-17,9.985,10.485,,,,,,,,,,,,,,,,,,,,,,,,,,,,,,,9.735,
7-May-17,9.985,10.485,,,,,,,,,,,,,,,,,,,,,,,,,,,,,,,9.735,
8-May-17,9.975,10.475,,,,,,,,,,,,,,,,,,,,,,,,,,,,,,,9.725,
9-May-17,10.04,10.54,,,,,,,,,,,,,,,,,,,,,,,,,,,,,,,9.79,
10-May-17,9.995,10.495,,,,,,,,,,,,,,,,,,,,,,,,,,,,,,,9.745,
11-May-17,9.995,10.495,,,,,,,,,,,,,,,,,,,,,,,,,,,,,,,9.745,
12-May-17,9.955,10.455,,,,,,,,,,,,,,,,,,,,,,,,,,,,,,,9.705,
13-May-17,9.955,10.455,,,,,,,,,,,,,,,,,,,,,,,,,,,,,,,9.705,
14-May-17,9.955,10.455,,,,,,,,,,,,,,,,,,,,,,,,,,,,,,,9.705,
15-May-17,9.935,10.435,,,,,,,,,,,,,,,,,,,,,,,,,,,,,,,9.685,
16-May-17,9.875,10.375,,,,,,,,,,,,,,,,,,,,,,,,,,,,,,,9.625,
17-May-17,9.935,10.435,,,,,,,,,,,,,,,,,,,,,,,,,,,,,,,9.685,
18-May-17,10.02,10.52,,,,,,,,,,,,,,,,,,,,,,,,,,,,,,,9.77,
19-May-17,9.925,10.425,,,,,,,,,,,,,,,,,,,,,,,,,,,,,,,9.675,
20-May-17,9.925,10.425,,,,,,,,,,,,,,,,,,,,,,,,,,,,,,,9.675,
21-May-17,9.925,10.425,,,,,,,,,,,,,,,,,,,,,,,,,,,,,,,9.675,
22-May-17,9.875,10.375,,,,,,,,,,,,,,,,,,,,,,,,,,,,,,,9.625,
23-May-17,9.81,10.31,,,,,,,,,,,,,,,,,,,,,,,,,,,,,,,9.56,
24-May-17,9.75,10.25,,,,,,,,,,,,,,,,,,,,,,,,,,,,,,,9.5,
25-May-17,9.76,10.26,,,,,,,,,,,,,,,,,,,,,,,,,,,,,,,9.51,
26-May-17,9.755,10.255,,,,,,,,,,,,,,,,,,,,,,,,,,,,,,,9.505,
27-May-17,9.755,10.255,,,,,,,,,,,,,,,,,,,,,,,,,,,,,,,9.505,
28-May-17,9.755,10.255,,,,,,,,,,,,,,,,,,,,,,,,,,,,,,,9.505,
29-May-17,9.845,10.345,,,,,,,,,,,,,,,,,,,,,,,,,,,,,,,9.595,
30-May-17,9.87,10.37,,,,,,,,,,,,,,,,,,,,,,,,,,,,,,,9.62,
31-May-17,9.85,10.35,,,,,,,,,,,,,,,,,,,,,,,,,,,,,,,9.6,
1-Jun-17,9.795,10.295,,,,,,,,,,,,,,,,,,,,,,,,,,,,,,,9.545,
2-Jun-17,9.7,10.2,,,,,,,,,,,,,,,,,,,,,,,,,,,,,,,9.45,
3-Jun-17,9.7,10.2,,,,,,,,,,,,,,,,,,,,,,,,,,,,,,,9.45,
4-Jun-17,9.7,10.2,,,,,,,,,,,,,,,,,,,,,,,,,,,,,,,9.45,
5-Jun-17,9.685,10.185,,,,,,,,,,,,,,,,,,,,,,,,,,,,,,,9.435,
6-Jun-17,9.735,10.235,,,,,,,,,,,,,,,,,,,,,,,,,,,,,,,9.485,
7-Jun-17,9.725,10.225,,,,,,,,,,,,,,,,,,,,,,,,,,,,,,,9.475,
8-Jun-17,9.75,10.25,,,,,,,,,,,,,,,,,,,,,,,,,,,,,,,9.5,
9-Jun-17,9.74,10.24,,,,,,,,,,,,,,,,,,,,,,,,,,,,,,,9.49,
10-Jun-17,9.74,10.24,,,,,,,,,,,,,,,,,,,,,,,,,,,,,,,9.49,
11-Jun-17,9.74,10.24,,,,,,,,,,,,,,,,,,,,,,,,,,,,,,,9.49,
12-Jun-17,9.655,10.155,,,,,,,,,,,,,,,,,,,,,,,,,,,,,,,9.405,
13-Jun-17,9.69,10.19,,,,,,,,,,,,,,,,,,,,,,,,,,,,,,,9.44,
14-Jun-17,9.655,10.155,,,,,,,,,,,,,,,,,,,,,,,,,,,,,,,9.405,
15-Jun-17,9.735,10.235,,,,,,,,,,,,,,,,,,,,,,,,,,,,,,,9.485,
16-Jun-17,9.735,10.235,,,,,,,,,,,,,,,,,,,,,,,,,,,,,,,9.485,
17-Jun-17,9.735,10.235,,,,,,,,,,,,,,,,,,,,,,,,,,,,,,,9.485,
18-Jun-17,9.735,10.235,,,,,,,,,,,,,,,,,,,,,,,,,,,,,,,9.485,
19-Jun-17,9.795,10.295,,,,,,,,,,,,,,,,,,,,,,,,,,,,,,,9.545,
20-Jun-17,9.79,10.29,,,,,,,,,,,,,,,,,,,,,,,,,,,,,,,9.54,
21-Jun-17,9.825,10.325,,,,,,,,,,,,,,,,,,,,,,,,,,,,,,,9.575,
22-Jun-17,9.81,10.31,,,,,,,,,,,,,,,,,,,,,,,,,,,,,,,9.56,
23-Jun-17,9.77,10.27,,,,,,,,,,,,,,,,,,,,,,,,,,,,,,,9.52,
24-Jun-17,9.77,10.27,,,,,,,,,,,,,,,,,,,,,,,,,,,,,,,9.52,
25-Jun-17,9.77,10.27,,,,,,,,,,,,,,,,,,,,,,,,,,,,,,,9.52,
26-Jun-17,9.76,10.26,,,,,,,,,,,,,,,,,,,,,,,,,,,,,,,9.51,
27-Jun-17,9.83,10.33,,,,,,,,,,,,,,,,,,,,,,,,,,,,,,,9.58,
28-Jun-17,9.915,10.415,,,,,,,,,,,,,,,,,,,,,,,,,,,,,,,9.665,
29-Jun-17,9.955,10.455,,,,,,,,,,,,,,,,,,,,,,,,,,,,,,,9.705,
30-Jun-17,10.045,10.545,,,,,,,,,,,,,,,,,,,,,,,,,,,,,,,9.795,
1-Jul-17,10.045,10.545,,,,,,,,,,,,,,,,,,,,,,,,,,,,,,,9.795,
2-Jul-17,10.045,10.545,,,,,,,,,,,,,,,,,,,,,,,,,,,,,,,9.795,
3-Jul-17,10.075,10.575,,,,,,,,,,,,,,,,,,,,,,,,,,,,,,,9.825,
4-Jul-17,10.02,10.52,,,,,,,,,,,,,,,,,,,,,,,,,,,,,,,9.77,
5-Jul-17,10.11,10.61,,,,,,,,,,,,,,,,,,,,,,,,,,,,,,,9.86,
6-Jul-17,10.165,10.665,,,,,,,,,,,,,,,,,,,,,,,,,,,,,,,9.915,
7-Jul-17,10.175,10.675,10.425,,,,,,,,,,,,,,,,,,,,,,,,,,,,,,9.925,
8-Jul-17,10.175,10.675,10.425,,,,,,,,,,,,,,,,,,,,,,,,,,,,,,9.925,
9-Jul-17,10.175,10.675,10.425,,,,,,,,,,,,,,,,,,,,,,,,,,,,,,9.925,
10-Jul-17,10.14,10.64,10.39,,,,,,,,,,,,,,,,,,,,,,,,,,,,,,9.89,
11-Jul-17,10.155,10.655,10.405,,,,,,,,,,,,,,,,,,,,,,,,,,,,,,9.905,
12-Jul-17,10.025,10.525,10.275,,,,,,,,,,,,,,,,,,,,,,,,,,,,,,9.775,
13-Jul-17,10,10.5,10.25,,,,,,,,,,,,,,,,,,,,,,,,,,,,,,9.75,
14-Jul-17,9.945,10.445,10.195,,,,,,,,,,,,,,,,,,,,,,,,,,,,,,9.695,
15-Jul-17,9.945,10.445,10.195,,,,,,,,,,,,,,,,,,,,,,,,,,,,,,9.695,
16-Jul-17,9.945,10.445,10.195,,,,,,,,,,,,,,,,,,,,,,,,,,,,,,9.695,
17-Jul-17,9.895,10.395,10.145,,,,,,,,,,,,,,,,,,,,,,,,,,,,,,9.645,
18-Jul-17,9.88,10.38,10.13,,,,,,,,,,,,,,,,,,,,,,,,,,,,,,9.63,
19-Jul-17,9.9,10.4,10.15,,,,,,,,,,,,,,,,,,,,,,,,,,,,,,9.65,
20-Jul-17,9.8,10.3,10.05,,,,,,,,,,,,,,,,,,,,,,,,,,,,,,9.55,
21-Jul-17,9.765,10.265,10.015,,,,,,,,,,,,,,,,,,,,,,,,,,,,,,9.515,
22-Jul-17,9.765,10.265,10.015,,,,,,,,,,,,,,,,,,,,,,,,,,,,,,9.515,
23-Jul-17,9.765,10.265,10.015,,,,,,,,,,,,,,,,,,,,,,,,,,,,,,9.515,
24-Jul-17,9.795,10.295,10.045,,,,,,,,,,,,,,,,,,,,,,,,,,,,,,9.545,
25-Jul-17,9.81,10.31,10.06,,,,,,,,,,,,,,,,,,,,,,,,,,,,,,9.56,
26-Jul-17,9.785,10.285,10.035,,,,,,,,,,,,,,,,,,,,,,,,,,,,,,9.535,
27-Jul-17,9.77,10.27,10.02,,,,,,,,,,,,,,,,,,,,,,,,,,,,,,9.52,
28-Jul-17,9.845,10.345,10.095,,,,,,,,,,,,,,,,,,,,,,,,,,,,,,9.595,
29-Jul-17,9.845,10.345,10.095,,,,,,,,,,,,,,,,,,,,,,,,,,,,,,9.595,
30-Jul-17,9.845,10.345,10.095,,,,,,,,,,,,,,,,,,,,,,,,,,,,,,9.595,
31-Jul-17,9.87,10.37,10.12,,,,,,,,,,,,,,,,,,,,,,,,,,,,,,9.62,
1-Aug-17,9.87,10.37,10.12,,,,,,,,,,,,,,,,,,,,,,,,,,,,,,9.62,
2-Aug-17,9.865,10.365,10.115,,,,,,,,,,,,,,,,,,,,,,,,,,,,,,9.615,
3-Aug-17,9.9,10.4,10.15,,,,,,,,,,,,,,,,,,,,,,,,,,,,,,9.65,
4-Aug-17,9.905,10.405,10.155,,,,,,,,,,,,,,,,,,,,,,,,,,,,,,9.655,
5-Aug-17,9.905,10.405,10.155,,,,,,,,,,,,,,,,,,,,,,,,,,,,,,9.655,
6-Aug-17,9.905,10.405,10.155,,,,,,,,,,,,,,,,,,,,,,,,,,,,,,9.655,
7-Aug-17,9.825,10.325,10.075,,,,,,,,,,,,,,,,,,,,,,,,,,,,,,9.575,
8-Aug-17,9.82,10.32,10.07,,,,,,,,,,,,,,,,,,,,,,,,,,,,,,9.57,
9-Aug-17,9.82,10.32,10.07,,,,,,,,,,,,,,,,,,,,,,,,,,,,,,9.57,
10-Aug-17,9.85,10.35,10.1,,,,,,,,,,,,,,,,,,,,,,,,,,,,,,9.6,
11-Aug-17,9.9,10.4,10.15,,,,,,,,,,,,,,,,,,,,,,,,,,,,,,9.65,
12-Aug-17,9.9,10.4,10.15,,,,,,,,,,,,,,,,,,,,,,,,,,,,,,9.65,
13-Aug-17,9.9,10.4,10.15,,,,,,,,,,,,,,,,,,,,,,,,,,,,,,9.65,
14-Aug-17,9.855,10.355,10.105,,,,,,,,,,,,,,,,,,,,,,,,,,,,,,9.605,
15-Aug-17,9.835,10.335,10.085,,,,,,,,,,,,,,,,,,,,,,,,,,,,,,9.585,
16-Aug-17,9.795,10.295,10.045,,,,,,,,,,,,,,,,,,,,,,,,,,,,,,9.545,
17-Aug-17,9.755,10.255,10.005,,,,,,,,,,,,,,,,,,,,,,,,,,,,,,9.505,
18-Aug-17,9.785,10.285,10.035,,,,,,,,,,,,,,,,,,,,,,,,,,,,,,9.535,
19-Aug-17,9.785,10.285,10.035,,,,,,,,,,,,,,,,,,,,,,,,,,,,,,9.535,
20-Aug-17,9.785,10.285,10.035,,,,,,,,,,,,,,,,,,,,,,,,,,,,,,9.535,
21-Aug-17,9.775,10.275,10.025,,,,,,,,,,,,,,,,,,,,,,,,,,,,,,9.525,
22-Aug-17,9.785,10.285,10.035,,,,,,,,,,,,,,,,,,,,,,,,,,,,,,9.535,
23-Aug-17,9.835,10.335,10.085,,,,,,,,,,,,,,,,,,,,,,,,,,,,,,9.585,
24-Aug-17,9.835,10.335,10.085,,,,,,,,,,,,,,,,,,,,,,,,,,,,,,9.585,
25-Aug-17,9.82,10.32,10.07,,,,,,,,,,,,,,,,,,,,,,,,,,,,,,9.57,
26-Aug-17,9.82,10.32,10.07,,,,,,,,,,,,,,,,,,,,,,,,,,,,,,9.57,
27-Aug-17,9.82,10.32,10.07,,,,,,,,,,,,,,,,,,,,,,,,,,,,,,9.57,
28-Aug-17,9.83,11.125,10.08,,,,,,,,,,,,,,,,,,,,,,,,,,,,,,9.58,
29-Aug-17,9.83,11.125,10.08,,,,,,,,,,,,,,,,,,,,,,,,,,,,,,9.58,
30-Aug-17,9.845,11.125,10.095,,,,,,,,,,,,,,,,,,,,,,,,,,,,,,9.595,
31-Aug-17,9.82,11.125,10.07,,,,,,,,,,,,,,,,,,,,,,,,,,,,,,9.57,
1-Sep-17,9.755,11.125,10.005,,,,,,,,,,,,,,,,,,,,,,,,,,,,,,9.505,
2-Sep-17,9.755,11.125,10.005,,,,,,,,,,,,,,,,,,,,,,,,,,,,,,9.505,
3-Sep-17,9.755,11.125,10.005,,,,,,,,,,,,,,,,,,,,,,,,,,,,,,9.505,
4-Sep-17,9.765,11.125,10.005,,,,,,,,,,,,,,,,,,,,,,,,,,,,,,9.515,
5-Sep-17,9.705,11.125,9.955,,,,,,,,,,,,,,,,,,,,,,,,,,,,,,9.455,
6-Sep-17,9.705,11.125,9.955,,,,,,,,,,,,,,,,,,,,,,,,,,,,,,9.455,
7-Sep-17,9.66,11.125,9.91,,,,,,,,,,,,,,,,,,,,,,,,,,,,,,9.41,
8-Sep-17,9.67,11.039,9.92,,,,,,,,,,,,,,,,,,,,,,,,,,,,,,9.42,
9-Sep-17,9.67,11.039,9.92,,,,,,,,,,,,,,,,,,,,,,,,,,,,,,9.42,
10-Sep-17,9.67,11.039,9.92,,,,,,,,,,,,,,,,,,,,,,,,,,,,,,9.42,
11-Sep-17,9.695,11.064,9.945,,,,,,,,,,,,,,,,,,,,,,,,,,,,,,9.445,
12-Sep-17,9.705,11.074,9.955,,,,,,,,,,,,,,,,,,,,,,,,,,,,,,9.455,
13-Sep-17,9.69,11.059,9.94,,,,,,,,,,,,,,,,,,,,,,,,,,,,,,9.44,
14-Sep-17,9.67,11.039,9.92,,,,,,,,,,,,,,,,,,,,,,,,,,,,,,9.42,
15-Sep-17,9.655,11.024,9.905,,,,,,,,,,,,,,,,,,,,,,,,,,,,,,9.405,
16-Sep-17,9.655,11.024,9.905,,,,,,,,,,,,,,,,,,,,,,,,,,,,,,9.405,
17-Sep-17,9.655,11.024,9.905,,,,,,,,,,,,,,,,,,,,,,,,,,,,,,9.405,
18-Sep-17,9.645,11.014,9.895,,,,,,,,,,,,,,,,,,,,,,,,,,,,,,9.395,
19-Sep-17,9.685,11.054,9.935,,,,,,,,,,,,,,,,,,,,,,,,,,,,,,9.435,
20-Sep-17,9.655,11.024,9.905,,,,,,,,,,,,,,,,,,,,,,,,,,,,,,9.405,
21-Sep-17,9.725,11.094,9.975,,,,,,,,,,,,,,,,,,,,,,,,,,,,,,9.475,
22-Sep-17,9.705,10.205,9.955,,,,,,,,,,,,,,,,,,,,,,,,,,,,,,9.455,
23-Sep-17,9.705,10.205,9.955,,,,,,,,,,,,,,,,,,,,,,,,,,,,,,9.455,
24-Sep-17,9.705,10.205,9.955,,,,,,,,,,,,,,,,,,,,,,,,,,,,,,9.455,
25-Sep-17,9.705,10.205,9.955,,,,,,,,,,,,,,,,,,,,,,,,,,,,,,9.455,
26-Sep-17,9.79,11.159,10.04,,,,,,,,,,,,,,,,,,,,,,,,,,,,,,9.54,
27-Sep-17,9.895,11.264,10.145,,,,,,,,,,,,,,,,,,,,,,,,,,,,,,9.645,
28-Sep-17,9.885,11.254,10.135,,,,,,,,,,,,,,,,,,,,,,,,,,,,,,9.635,
29-Sep-17,9.81,11.179,10.06,,,,,,,,,,,,,,,,,,,,,,,,,,,,,,9.56,
30-Sep-17,9.81,11.179,10.06,,,,,,,,,,,,,,,,,,,,,,,,,,,,,,9.56,
1-Oct-17,9.81,11.179,10.06,,,,,,,,,,,,,,,,,,,,,,,,,,,,,,9.56,
2-Oct-17,9.865,11.234,10.115,,,,,,,,,,,,,,,,,,,,,,,,,,,,,,9.615,
3-Oct-17,9.915,10.415,10.165,,,,,,,,,,,,,,,,,,,,,,,,,,,,,,9.665,
4-Oct-17,9.855,10.355,10.105,,,,,,,,,,,,,,,,,,,,,,,,,,,,,,9.605,
5-Oct-17,9.9,10.4,10.15,,,,,,,,,,,,,,,,,,,,,,,,,,,,,,9.65,
6-Oct-17,9.955,11.324,10.205,,,,,,,,,,,,,,,,,,,,,,,,,,,,,,9.705,
7-Oct-17,9.955,11.324,10.205,,,,,,,,,,,,,,,,,,,,,,,,,,,,,,9.705,
8-Oct-17,9.955,11.324,10.205,,,,,,,,,,,,,,,,,,,,,,,,,,,,,,9.705,
9-Oct-17,10.035,11.404,10.285,,,,,,,,,,,,,,,,,,,,,,,,,,,,,,9.785,
10-Oct-17,9.91,11.279,10.16,,,,,,,,,,,,,,,,,,,,,,,,,,,,,,9.66,
11-Oct-17,9.955,11.324,10.205,,,,,,,,,,,,,,,,,,,,,,,,,,,,,,9.705,
12-Oct-17,9.925,11.294,10.175,,,,,,,,,,,,,,,,,,,,,,,,,,,,,,9.675,
13-Oct-17,9.87,11.239,10.12,,,,,,,,,,,,,,,,,,,,,,,,,,,,,,9.62,
14-Oct-17,9.87,11.239,10.12,,,,,,,,,,,,,,,,,,,,,,,,,,,,,,9.62,
15-Oct-17,9.87,11.239,10.12,,,,,,,,,,,,,,,,,,,,,,,,,,,,,,9.62,
16-Oct-17,9.89,11.259,10.14,,,,,,,,,,,,,,,,,,,,,,,,,,,,,,9.64,
17-Oct-17,9.99,11.359,10.24,,,,,,,,,,,,,,,,,,,,,,,,,,,,,,9.74,
18-Oct-17,10.02,11.389,10.27,,,,,,,,,,,,,,,,,,,,,,,,,,,,,,9.77,
19-Oct-17,10.045,11.414,10.295,,,,,,,,,,,,,,,,,,,,,,,,,,,,,,9.795,
20-Oct-17,10.085,11.454,10.335,,,,,,,,,,,,,,,,,,,,,,,,,,,,,,9.835,
21-Oct-17,10.085,11.454,10.335,,,,,,,,,,,,,,,,,,,,,,,,,,,,,,9.835,
22-Oct-17,10.085,11.454,10.335,,,,,,,,,,,,,,,,,,,,,,,,,,,,,,9.835,
23-Oct-17,10.09,11.459,10.34,,,,,,,,,,,,,,,,,,,,,,,,,,,,,,9.84,
24-Oct-17,10.11,11.479,10.36,,,,,,,,,,,,,,,,,,,,,,,,,,,,,,9.86,
25-Oct-17,10.38,11.749,10.63,,,,,,,,,,,,,,,,,,,,,,,,,,,,,,10.13,
26-Oct-17,10.505,11.874,10.755,,,,,,,,,,,,,,,,,,,,,,,,,,,,,,10.255,
27-Oct-17,10.385,11.754,10.635,,,,,,,,,,,,,,,,,,,,,,,,,,,,,,10.135,
28-Oct-17,10.385,11.754,10.635,,,,,,,,,,,,,,,,,,,,,,,,,,,,,,10.135,
29-Oct-17,10.385,11.754,10.635,,,,,,,,,,,,,,,,,,,,,,,,,,,,,,10.135,
30-Oct-17,10.335,11.704,10.585,,,,,,,,,,,,,,,,,,,,,,,,,,,,,,10.085,
31-Oct-17,10.355,11.724,10.605,,,,,,,,,,,,,,,,,,,,,,,,,,,,,,10.105,
1-Nov-17,10.27,11.639,10.52,,,,,,,,,,,,,,,,,,,,,,,,,,,,,,10.02,
2-Nov-17,10.29,11.659,10.54,,,,,,,,,,,,,,,,,,,,,,,,,,,,,,10.04,
3-Nov-17,10.53,11.899,10.78,,,,,,,,,,,,,,,,,,,,,,,,,,,,,,10.28,
4-Nov-17,10.53,11.899,10.78,,,,,,,,,,,,,,,,,,,,,,,,,,,,,,10.28,
5-Nov-17,10.53,11.899,10.78,,,,,,,,,,,,,,,,,,,,,,,,,,,,,,10.28,
6-Nov-17,10.53,11.899,10.78,,,,,,,,,,,,,,,,,,,,,,,,,,,,,,10.28,
7-Nov-17,10.44,11.809,10.69,,,,,,,,,,,,,,,,,,,,,,,,,,,,,,10.19,
8-Nov-17,10.52,11.52,10.77,10.698,,,,,,,,,,,,,,,,,,,,,,,,,,,,,10.27,
9-Nov-17,10.545,11.545,10.795,10.723,,,,,,,,,,,,,,,,,,,,,,,,,,,,,10.295,
10-Nov-17,10.605,11.605,10.855,10.783,,,,,,,,,,,,,,,,,,,,,,,,,,,,,10.355,
11-Nov-17,10.605,11.605,10.855,10.783,,,,,,,,,,,,,,,,,,,,,,,,,,,,,10.355,
12-Nov-17,10.605,11.605,10.855,10.783,,,,,,,,,,,,,,,,,,,,,,,,,,,,,10.355,
13-Nov-17,10.73,11.73,10.98,10.908,,,,,,,,,,,,,,,,,,,,,,,,,,,,,10.48,
14-Nov-17,10.715,11.715,10.965,10.893,,,,,,,,,,,,,,,,,,,,,,,,,,,,,10.465,
15-Nov-17,10.66,11.66,10.91,10.838,,,,,,,,,,,,,,,,,,,,,,,,,,,,,10.41,
16-Nov-17,10.61,11.61,10.86,10.788,,,,,,,,,,,,,,,,,,,,,,,,,,,,,10.36,
17-Nov-17,10.59,11.59,10.84,10.768,,,,,,,,,,,,,,,,,,,,,,,,,,,,,10.34,
18-Nov-17,10.59,11.59,10.84,10.768,,,,,,,,,,,,,,,,,,,,,,,,,,,,,10.34,
19-Nov-17,10.59,11.59,10.84,10.768,,,,,,,,,,,,,,,,,,,,,,,,,,,,,10.34,
20-Nov-17,10.67,11.67,10.92,10.848,,,,,,,,,,,,,,,,,,,,,,,,,,,,,10.42,
21-Nov-17,10.695,11.695,10.945,10.873,,,,,,,,,,,,,,,,,,,,,,,,,,,,,10.445,
22-Nov-17,10.65,11.65,10.9,10.828,,,,,,,,,,,,,,,,,,,,,,,,,,,,,10.4,
23-Nov-17,10.595,11.445,10.845,10.773,,,,,,,,,,,,,,,,,,,,,,,,,,,,,10.345,
24-Nov-17,10.585,11.435,10.835,10.763,,,,,,,,,,,,,,,,,,,,,,,,,,,,,10.335,
25-Nov-17,10.585,11.435,10.835,10.763,,,,,,,,,,,,,,,,,,,,,,,,,,,,,10.335,
26-Nov-17,10.585,11.435,10.835,10.763,,,,,,,,,,,,,,,,,,,,,,,,,,,,,10.335,
27-Nov-17,10.49,11.34,10.74,10.668,,,,,,,,,,,,,,,,,,,,,,,,,,,,,10.24,
28-Nov-17,10.43,11.28,10.68,10.608,,,,,,,,,,,,,,,,,,,,,,,,,,,,,10.18,
29-Nov-17,10.54,11.39,10.79,10.718,,,,,,,,,,,,,,,,,,,,,,,,,,,,,10.29,
30-Nov-17,10.57,11.42,10.82,10.748,,,,,,,,,,,,,,,,,,,,,,,,,,,,,10.32,
1-Dec-17,10.575,11.425,10.825,10.753,,,,,,,,,,,,,,,,,,,,,,,,,,,,,10.325,
2-Dec-17,10.575,11.425,10.825,10.753,,,,,,,,,,,,,,,,,,,,,,,,,,,,,10.325,
3-Dec-17,10.575,11.425,10.825,10.753,,,,,,,,,,,,,,,,,,,,,,,,,,,,,10.325,
4-Dec-17,10.485,11.335,10.735,10.663,,,,,,,,,,,,,,,,,,,,,,,,,,,,,10.235,
5-Dec-17,10.425,11.275,10.675,10.603,,,,,,,,,,,,,,,,,,,,,,,,,,,,,10.175,
6-Dec-17,10.425,11.275,10.675,10.603,,,,,,,,,,,,,,,,,,,,,,,,,,,,,10.175,
7-Dec-17,10.495,11.345,10.745,10.673,,,,,,,,,,,,,,,,,,,,,,,,,,,,,10.245,
8-Dec-17,10.525,11.125,10.625,10.703,,,,,,,,,,,,,,,,,,,,,,,,,,,,,10.275,
9-Dec-17,10.525,11.125,10.625,10.703,,,,,,,,,,,,,,,,,,,,,,,,,,,,,10.275,
10-Dec-17,10.525,11.125,10.625,10.703,,,,,,,,,,,,,,,,,,,,,,,,,,,,,10.275,
11-Dec-17,10.475,11.075,10.575,10.653,,,,,,,,,,,,,,,,,,,,,,,,,,,,,10.225,
12-Dec-17,10.525,11.125,10.625,10.703,,,,,,,,,,,,,,,,,,,,,,,,,,,,,10.275,
13-Dec-17,10.465,11.065,10.565,10.643,,,,,,,,,,,,,,,,,,,,,,,,,,,,,10.215,
14-Dec-17,10.495,11.095,10.595,10.673,,,,,,,,,,,,,,,,,,,,,,,,,,,,,10.245,
15-Dec-17,10.325,10.925,10.425,10.503,,,,,,,,,,,,,,,,,,,,,,,,,,,,,10.075,
16-Dec-17,10.325,10.925,10.425,10.503,,,,,,,,,,,,,,,,,,,,,,,,,,,,,10.075,
17-Dec-17,10.325,10.925,10.425,10.503,,,,,,,,,,,,,,,,,,,,,,,,,,,,,10.075,
18-Dec-17,10.105,10.705,10.205,10.283,,,,,,,,,,,,,,,,,,,,,,,,,,,,,9.855,
19-Dec-17,9.915,10.515,10.015,10.093,,,,,,,,,,,,,,,,,,,,,,,,,,,,,9.665,
20-Dec-17,9.865,10.465,9.965,10.043,,,,,,,,,,,,,,,,,,,,,,,,,,,,,9.615,
21-Dec-17,9.945,10.545,10.045,10.123,,,,,,,,,,,,,,,,,,,,,,,,,,,,,9.695,
22-Dec-17,9.965,10.565,10.065,10.143,,,,,,,,,,,,,,,,,,,,,,,,,,,,,9.715,
23-Dec-17,9.965,10.565,10.065,10.143,,,,,,,,,,,,,,,,,,,,,,,,,,,,,9.715,
24-Dec-17,9.965,10.565,10.065,10.143,,,,,,,,,,,,,,,,,,,,,,,,,,,,,9.715,
25-Dec-17,9.965,10.565,10.065,10.143,,,,,,,,,,,,,,,,,,,,,,,,,,,,,9.715,
26-Dec-17,9.965,10.565,10.065,10.143,,,,,,,,,,,,,,,,,,,,,,,,,,,,,9.715,
27-Dec-17,9.965,10.565,10.065,10.143,,,,,,,,,,,,,,,,,,,,,,,,,,,,,9.715,
28-Dec-17,9.82,10.42,9.92,9.998,,,,,,,,,,,,,,,,,,,,,,,,,,,,,9.57,
29-Dec-17,9.855,10.455,9.955,10.033,,,,,,,,,,,,,,,,,,,,,,,,,,,,,9.605,
30-Dec-17,9.855,10.455,9.955,10.033,,,,,,,,,,,,,,,,,,,,,,,,,,,,,9.605,
31-Dec-17,9.855,10.455,9.955,10.033,,,,,,,,,,,,,,,,,,,,,,,,,,,,,9.605,
1-Jan-18,9.855,10.455,9.955,10.033,,,,,,,,,,,,,,,,,,,,,,,,,,,,,9.605,
2-Jan-18,9.845,10.445,9.945,10.023,,,,,,,,,,,,,,,,,,,,,,,,,,,,,9.595,
3-Jan-18,9.87,10.47,9.97,10.048,,,,,,,,,,,,,,,,,,,,,,,,,,,,,9.62,
4-Jan-18,9.79,10.39,9.89,9.968,,,,,,,,,,,,,,,,,,,,,,,,,,,,,9.54,
5-Jan-18,9.815,10.415,9.915,9.993,,,,,,,,,,,,,,,,,,,,,,,,,,,,,9.565,
6-Jan-18,9.815,10.415,9.915,9.993,,,,,,,,,,,,,,,,,,,,,,,,,,,,,9.565,
7-Jan-18,9.815,10.415,9.915,9.993,,,,,,,,,,,,,,,,,,,,,,,,,,,,,9.565,
8-Jan-18,9.85,10.45,9.95,10.028,10.863,,,,,,,,,,,,,,,,,,,,,,,,,,,,9.6,
9-Jan-18,9.835,10.435,9.935,10.013,10.848,,,,,,,,,,,,,,,,,,,,,,,,,,,,9.585,
10-Jan-18,9.905,10.505,10.005,10.083,10.805,,,,,,,,,,,,,,,,,,,,,,,,,,,,9.655,
11-Jan-18,9.845,10.445,9.945,10.023,10.745,,,,,,,,,,,,,,,,,,,,,,,,,,,,9.595,
12-Jan-18,9.82,10.42,9.92,9.998,10.72,,,,,,,,,,,,,,,,,,,,,,,,,,,,9.57,
13-Jan-18,9.82,10.42,9.92,9.998,10.72,,,,,,,,,,,,,,,,,,,,,,,,,,,,9.57,
14-Jan-18,9.82,10.42,9.92,9.998,10.72,,,,,,,,,,,,,,,,,,,,,,,,,,,,9.57,
15-Jan-18,9.76,10.36,9.86,9.938,10.66,,,,,,,,,,,,,,,,,,,,,,,,,,,,9.51,
16-Jan-18,9.725,10.325,9.825,9.903,10.625,,,,,,,,,,,,,,,,,,,,,,,,,,,,9.475,
17-Jan-18,9.725,10.325,9.825,9.903,10.625,,,,,,,,,,,,,,,,,,,,,,,,,,,,9.475,
18-Jan-18,9.75,10.35,9.85,9.928,10.65,,,,,,,,,,,,,,,,,,,,,,,,,,,,9.5,
19-Jan-18,9.745,10.345,9.845,9.923,10.645,,,,,,,,,,,,,,,,,,,,,,,,,,,,9.495,
20-Jan-18,9.745,10.345,9.845,9.923,10.645,,,,,,,,,,,,,,,,,,,,,,,,,,,,9.495,
21-Jan-18,9.745,10.345,9.845,9.923,10.645,,,,,,,,,,,,,,,,,,,,,,,,,,,,9.495,
22-Jan-18,9.655,10.255,9.755,9.833,10.555,,,,,,,,,,,,,,,,,,,,,,,,,,,,9.405,
23-Jan-18,9.605,10.205,9.705,9.783,10.505,,,,,,,,,,,,,,,,,,,,,,,,,,,,9.355,
24-Jan-18,9.625,10.225,9.725,9.803,10.525,,,,,,,,,,,,,,,,,,,,,,,,,,,,9.375,
25-Jan-18,9.675,10.275,9.775,9.853,10.575,,,,,,,,,,,,,,,,,,,,,,,,,,,,9.425,
26-Jan-18,9.675,10.275,9.775,9.853,10.575,,,,,,,,,,,,,,,,,,,,,,,,,,,,9.425,
27-Jan-18,9.675,10.275,9.775,9.853,10.575,,,,,,,,,,,,,,,,,,,,,,,,,,,,9.425,
28-Jan-18,9.675,10.275,9.775,9.853,10.575,,,,,,,,,,,,,,,,,,,,,,,,,,,,9.425,
29-Jan-18,9.795,10.395,9.895,9.973,10.695,,,,,,,,,,,,,,,,,,,,,,,,,,,,9.545,
30-Jan-18,9.81,10.41,9.91,9.988,10.71,,,,,,,,,,,,,,,,,,,,,,,,,,,,9.56,
31-Jan-18,9.72,10.32,9.82,9.898,10.62,,,,,,,,,,,,,,,,,,,,,,,,,,,,9.47,
1-Feb-18,9.7,10.3,9.8,9.878,10.6,,,,,,,,,,,,,,,,,,,,,,,,,,,,9.45,
2-Feb-18,9.74,10.34,9.84,9.918,10.64,,,,,,,,,,,,,,,,,,,,,,,,,,,,9.49,
3-Feb-18,9.74,10.34,9.84,9.918,10.64,,,,,,,,,,,,,,,,,,,,,,,,,,,,9.49,
4-Feb-18,9.74,10.34,9.84,9.918,10.64,,,,,,,,,,,,,,,,,,,,,,,,,,,,9.49,
5-Feb-18,9.755,10.355,9.855,9.933,10.655,,,,,,,,,,,,,,,,,,,,,,,,,,,,9.505,
6-Feb-18,9.72,10.32,9.82,9.898,10.62,,,,,,,,,,,,,,,,,,,,,,,,,,,,9.47,
7-Feb-18,9.65,10.25,9.75,9.828,10.55,,,,,,,,,,,,,,,,,,,,,,,,,,,,9.4,
8-Feb-18,9.685,10.285,9.785,9.863,10.585,10.305,,,,,,,,,,,,,,,,,,,,,,,,,,,9.435,
9-Feb-18,9.705,10.305,9.805,9.883,10.605,10.26,,,,,,,,,,,,,,,,,,,,,,,,,,,9.455,
10-Feb-18,9.705,10.305,9.805,9.883,10.605,10.26,,,,,,,,,,,,,,,,,,,,,,,,,,,9.455,
11-Feb-18,9.705,10.305,9.805,9.883,10.605,10.26,,,,,,,,,,,,,,,,,,,,,,,,,,,9.455,
12-Feb-18,9.64,10.24,9.74,9.818,10.54,10.195,,,,,,,,,,,,,,,,,,,,,,,,,,,9.39,
13-Feb-18,9.705,10.305,9.805,9.883,10.605,10.26,,,,,,,,,,,,,,,,,,,,,,,,,,,9.455,
14-Feb-18,9.645,10.245,9.745,9.823,10.545,10.2,,,,,,,,,,,,,,,,,,,,,,,,,,,9.395,
15-Feb-18,9.48,10.08,9.58,9.658,10.38,10.035,,,,,,,,,,,,,,,,,,,,,,,,,,,9.23,
16-Feb-18,9.36,9.96,9.46,9.538,10.26,9.915,,,,,,,,,,,,,,,,,,,,,,,,,,,9.11,
17-Feb-18,9.36,9.96,9.46,9.538,10.26,9.915,,,,,,,,,,,,,,,,,,,,,,,,,,,9.11,
18-Feb-18,9.36,9.96,9.46,9.538,10.26,9.915,,,,,,,,,,,,,,,,,,,,,,,,,,,9.11,
19-Feb-18,9.34,9.94,9.44,9.518,10.24,9.895,,,,,,,,,,,,,,,,,,,,,,,,,,,9.09,
20-Feb-18,9.35,9.95,9.45,9.528,10.25,9.905,,,,,,,,,,,,,,,,,,,,,,,,,,,9.1,
21-Feb-18,9.235,9.835,9.335,9.413,10.135,9.79,,,,,,,,,,,,,,,,,,,,,,,,,,,8.985,
22-Feb-18,9.285,9.885,9.385,9.463,10.185,9.84,,,,,,,,,,,,,,,,,,,,,,,,,,,9.035,
23-Feb-18,9.285,9.885,9.385,9.463,10.185,9.84,,,,,,,,,,,,,,,,,,,,,,,,,,,9.035,
24-Feb-18,9.285,9.885,9.385,9.463,10.185,9.84,,,,,,,,,,,,,,,,,,,,,,,,,,,9.035,
25-Feb-18,9.285,9.885,9.385,9.463,10.185,9.84,,,,,,,,,,,,,,,,,,,,,,,,,,,9.035,
26-Feb-18,9.26,9.86,9.36,9.438,10.16,9.815,,,,,,,,,,,,,,,,,,,,,,,,,,,9.01,
27-Feb-18,9.365,9.965,9.465,9.543,10.265,9.92,,,,,,,,,,,,,,,,,,,,,,,,,,,9.115,
28-Feb-18,9.375,9.975,9.475,9.553,10.275,9.93,,,,,,,,,,,,,,,,,,,,,,,,,,,9.125,
1-Mar-18,9.385,9.985,9.485,9.563,10.285,9.94,,,,,,,,,,,,,,,,,,,,,,,,,,,9.135,
2-Mar-18,9.45,10.05,9.55,9.628,10.35,10.005,,,,,,,,,,,,,,,,,,,,,,,,,,,9.2,
3-Mar-18,9.45,10.05,9.55,9.628,10.35,10.005,,,,,,,,,,,,,,,,,,,,,,,,,,,9.2,
4-Mar-18,9.45,10.05,9.55,9.628,10.35,10.005,,,,,,,,,,,,,,,,,,,,,,,,,,,9.2,
5-Mar-18,9.455,10.055,9.555,9.633,10.355,10.01,,,,,,,,,,,,,,,,,,,,,,,,,,,9.205,
6-Mar-18,9.36,9.96,9.46,9.538,10.26,9.915,,,,,,,,,,,,,,,,,,,,,,,,,,,9.11,
7-Mar-18,9.37,9.97,9.47,9.548,10.27,9.925,,,,,,,,,,,,,,,,,,,,,,,,,,,9.12,
8-Mar-18,9.345,9.945,9.445,9.523,10.245,9.9,,,,,,,,,,,,,,,,,,,,,,,,,,,9.095,
9-Mar-18,9.325,9.925,9.425,9.503,10.225,9.88,,,,,,,,,,,,,,,,,,,,,,,,,,,9.075,
10-Mar-18,9.325,9.925,9.425,9.503,10.225,9.88,,,,,,,,,,,,,,,,,,,,,,,,,,,9.075,
11-Mar-18,9.325,9.925,9.425,9.503,10.225,9.88,,,,,,,,,,,,,,,,,,,,,,,,,,,9.075,
12-Mar-18,9.315,9.915,9.415,9.493,10.215,9.87,,,,,,,,,,,,,,,,,,,,,,,,,,,9.065,
13-Mar-18,9.345,9.945,9.445,9.523,10.245,9.9,,,,,,,,,,,,,,,,,,,,,,,,,,,9.095,
14-Mar-18,9.325,9.925,9.425,9.503,10.225,9.88,,,,,,,,,,,,,,,,,,,,,,,,,,,9.075,
15-Mar-18,9.375,9.975,9.475,9.553,10.275,9.93,,,,,,,,,,,,,,,,,,,,,,,,,,,9.125,
16-Mar-18,9.395,9.995,9.495,9.573,10.295,9.95,,,,,,,,,,,,,,,,,,,,,,,,,,,9.145,
17-Mar-18,9.395,9.995,9.495,9.573,10.295,9.95,,,,,,,,,,,,,,,,,,,,,,,,,,,9.145,
18-Mar-18,9.395,9.995,9.495,9.573,10.295,9.95,,,,,,,,,,,,,,,,,,,,,,,,,,,9.145,
19-Mar-18,9.43,10.03,9.53,9.608,10.33,9.985,,,,,,,,,,,,,,,,,,,,,,,,,,,9.18,
20-Mar-18,9.33,9.93,9.43,9.508,10.23,9.885,,,,,,,,,,,,,,,,,,,,,,,,,,,9.08,
21-Mar-18,9.33,9.93,9.43,9.508,10.23,9.885,,,,,,,,,,,,,,,,,,,,,,,,,,,9.08,
22-Mar-18,9.26,9.86,9.36,9.438,10.16,9.815,,,,,,,,,,,,,,,,,,,,,,,,,,,9.01,
23-Mar-18,9.24,9.84,9.34,9.418,10.14,9.795,,,,,,,,,,,,,,,,,,,,,,,,,,,8.99,
24-Mar-18,9.24,9.84,9.34,9.418,10.14,9.795,,,,,,,,,,,,,,,,,,,,,,,,,,,8.99,
25-Mar-18,9.24,9.84,9.34,9.418,10.14,9.795,,,,,,,,,,,,,,,,,,,,,,,,,,,8.99,
26-Mar-18,9.165,9.765,9.265,9.343,10.065,9.72,,,,,,,,,,,,,,,,,,,,,,,,,,,8.915,
27-Mar-18,9.14,9.74,9.24,9.318,10.04,9.695,,,,,,,,,,,,,,,,,,,,,,,,,,,8.89,
28-Mar-18,9.16,9.76,9.26,9.338,10.06,9.715,,,,,,,,,,,,,,,,,,,,,,,,,,,8.91,
29-Mar-18,9.23,9.83,9.33,9.408,10.13,9.785,,,,,,,,,,,,,,,,,,,,,,,,,,,8.98,
30-Mar-18,9.23,9.83,9.33,9.408,10.13,9.785,,,,,,,,,,,,,,,,,,,,,,,,,,,8.98,
31-Mar-18,9.23,9.83,9.33,9.408,10.13,9.785,,,,,,,,,,,,,,,,,,,,,,,,,,,8.98,
1-Apr-18,9.23,9.83,9.33,9.408,10.13,9.785,,,,,,,,,,,,,,,,,,,,,,,,,,,8.98,
2-Apr-18,9.23,9.83,9.33,9.408,10.13,9.785,,,,,,,,,,,,,,,,,,,,,,,,,,,8.98,
3-Apr-18,9.265,9.865,9.365,9.443,10.165,9.82,,,,,,,,,,,,,,,,,,,,,,,,,,,9.015,
4-Apr-18,9.32,9.92,9.42,9.498,10.22,9.875,,,,,,,,,,,,,,,,,,,,,,,,,,,9.07,
5-Apr-18,9.29,9.89,9.39,9.468,10.19,9.845,,,,,,,,,,,,,,,,,,,,,,,,,,,9.04,
6-Apr-18,9.305,9.905,9.405,9.483,10.205,9.86,,,,,,,,,,,,,,,,,,,,,,,,,,,9.055,10.755
7-Apr-18,9.305,9.905,9.405,9.483,10.205,9.86,,,,,,,,,,,,,,,,,,,,,,,,,,,9.055,10.755
8-Apr-18,9.305,9.905,9.405,9.483,10.205,9.86,,,,,,,,,,,,,,,,,,,,,,,,,,,9.055,10.755
9-Apr-18,9.33,9.93,9.43,9.508,10.23,9.885,,,,,,,,,,,,,,,,,,,,,,,,,,,9.08,10.78
10-Apr-18,9.355,9.955,9.455,9.533,10.255,9.91,,,,,,,,,,,,,,,,,,,,,,,,,,,9.105,10.805
11-Apr-18,9.345,9.945,9.445,9.523,10.245,9.9,,,,,,,,,,,,,,,,,,,,,,,,,,,9.095,10.795
12-Apr-18,9.33,9.93,9.43,9.508,10.23,9.885,,,,,,,,,,,,,,,,,,,,,,,,,,,9.08,10.78
13-Apr-18,9.335,9.935,9.435,9.513,10.235,9.89,,,,,,,,,,,,,,,,,,,,,,,,,,,9.085,10.785
14-Apr-18,9.335,9.935,9.435,9.513,10.235,9.89,,,,,,,,,,,,,,,,,,,,,,,,,,,9.085,10.785
15-Apr-18,9.335,9.935,9.435,9.513,10.235,9.89,,,,,,,,,,,,,,,,,,,,,,,,,,,9.085,10.785
16-Apr-18,9.335,9.935,9.435,9.513,10.235,9.89,,,,,,,,,,,,,,,,,,,,,,,,,,,9.085,10.785
17-Apr-18,9.33,9.93,9.43,9.508,10.23,9.885,,,,,,,,,,,,,,,,,,,,,,,,,,,9.08,10.78
18-Apr-18,9.275,9.875,9.375,9.453,10.175,9.83,,,,,,,,,,,,,,,,,,,,,,,,,,,9.025,10.725
19-Apr-18,9.275,9.875,9.375,9.453,10.175,9.83,,,,,,,,,,,,,,,,,,,,,,,,,,,9.025,10.725
20-Apr-18,9.275,9.875,9.375,9.453,10.175,9.83,,,,,,,,,,,,,,,,,,,,,,,,,,,9.025,10.725
21-Apr-18,9.275,9.875,9.375,9.453,10.175,9.83,,,,,,,,,,,,,,,,,,,,,,,,,,,9.025,10.725
22-Apr-18,9.275,9.875,9.375,9.453,10.175,9.83,,,,,,,,,,,,,,,,,,,,,,,,,,,9.025,10.725
23-Apr-18,9.405,10.005,9.505,9.583,10.305,9.96,,,,,,,,,,,,,,,,,,,,,,,,,,,9.155,10.855
24-Apr-18,9.485,10.085,9.585,9.663,10.385,10.04,,,,,,,,,,,,,,,,,,,,,,,,,,,9.235,10.935
25-Apr-18,9.545,10.145,9.645,9.723,10.445,10.1,,,,,,,,,,,,,,,,,,,,,,,,,,,9.295,10.995
26-Apr-18,9.455,10.055,9.555,9.633,10.355,10.01,,,,,,,,,,,,,,,,,,,,,,,,,,,9.205,10.905
27-Apr-18,9.455,10.055,9.555,9.633,10.355,10.01,,,,,,,,,,,,,,,,,,,,,,,,,,,9.205,10.905
28-Apr-18,9.455,10.055,9.555,9.633,10.355,10.01,,,,,,,,,,,,,,,,,,,,,,,,,,,9.205,10.905
29-Apr-18,9.455,10.055,9.555,9.633,10.355,10.01,,,,,,,,,,,,,,,,,,,,,,,,,,,9.205,10.905
30-Apr-18,9.44,10.04,9.54,9.618,10.34,9.995,,,,,,,,,,,,,,,,,,,,,,,,,,,9.19,10.89
1-May-18,9.44,10.04,9.54,9.618,10.34,9.995,,,,,,,,,,,,,,,,,,,,,,,,,,,9.19,10.89
2-May-18,9.57,10.17,9.67,9.748,10.47,10.125,,,,,,,,,,,,,,,,,,,,,,,,,,,9.32,11.02
3-May-18,9.58,10.18,9.68,9.758,10.48,10.135,,,,,,,,,,,,,,,,,,,,,,,,,,,9.33,11.03
4-May-18,9.595,10.195,9.695,9.773,10.495,10.15,,,,,,,,,,,,,,,,,,,,,,,,,,,9.345,11.045
5-May-18,9.595,10.195,9.695,9.773,10.495,10.15,,,,,,,,,,,,,,,,,,,,,,,,,,,9.345,11.045
6-May-18,9.595,10.195,9.695,9.773,10.495,10.15,,,,,,,,,,,,,,,,,,,,,,,,,,,9.345,11.045
7-May-18,9.57,10.17,9.67,9.748,10.47,10.125,,,,,,,,,,,,,,,,,,,,,,,,,,,9.32,11.02
8-May-18,9.64,10.24,9.74,9.818,10.54,10.195,,,,,,,,,,,,,,,,,,,,,,,,,,,9.39,11.09
9-May-18,9.705,10.305,9.805,9.883,10.605,10.26,,,,,,,,,,,,,,,,,,,,,,,,,,,9.455,11.155
10-May-18,9.705,10.305,9.805,9.883,10.605,10.26,,,,,,,,,,,,,,,,,,,,,,,,,,,9.455,11.155
11-May-18,9.595,10.195,9.695,9.773,10.495,10.15,,,,,,,,,,,,,,,,,,,,,,,,,,,9.345,11.045
12-May-18,9.595,10.195,9.695,9.773,10.495,10.15,,,,,,,,,,,,,,,,,,,,,,,,,,,9.345,11.045
13-May-18,9.595,10.195,9.695,9.773,10.495,10.15,,,,,,,,,,,,,,,,,,,,,,,,,,,9.345,11.045
14-May-18,9.59,10.19,9.69,9.768,10.49,10.145,,,,,,,,,,,,,,,,,,,,,,,,,,,9.34,11.04
15-May-18,9.74,10.34,9.84,9.918,10.64,10.295,,,,,,,,,,,,,,,,,,,,,,,,,,,9.49,11.19
16-May-18,9.715,10.315,9.815,9.893,10.615,10.27,,,,,,,,,,,,,,,,,,,,,,,,,,,9.465,11.165
17-May-18,9.76,10.36,9.86,9.938,10.66,10.315,,,,,,,,,,,,,,,,,,,,,,,,,,,9.51,11.21
18-May-18,9.875,10.475,9.975,10.053,10.775,10.43,,,,,,,,,,,,,,,,,,,,,,,,,,,9.625,11.325
19-May-18,9.875,10.475,9.975,10.053,10.775,10.43,,,,,,,,,,,,,,,,,,,,,,,,,,,9.625,11.325
20-May-18,9.875,10.475,9.975,10.053,10.775,10.43,,,,,,,,,,,,,,,,,,,,,,,,,,,9.625,11.325
21-May-18,9.925,10.525,10.025,10.103,10.825,10.48,,,,,,,,,,,,,,,,,,,,,,,,,,,9.675,11.375
22-May-18,9.8,10.4,9.9,9.978,10.7,10.355,,,,,,,,,,,,,,,,,,,,,,,,,,,9.55,11.25
23-May-18,9.77,10.37,9.87,9.948,10.67,10.325,,,,,,,,,,,,,,,,,,,,,,,,,,,9.52,11.22
24-May-18,9.71,10.31,9.81,9.888,10.61,10.265,,,,,,,,,,,,,,,,,,,,,,,,,,,9.46,11.16
25-May-18,9.7,10.3,9.8,9.878,10.6,10.255,,,,,,,,,,,,,,,,,,,,,,,,,,,9.45,11.15
26-May-18,9.7,10.3,9.8,9.878,10.6,10.255,,,,,,,,,,,,,,,,,,,,,,,,,,,9.45,11.15
27-May-18,9.7,10.3,9.8,9.878,10.6,10.255,,,,,,,,,,,,,,,,,,,,,,,,,,,9.45,11.15
28-May-18,9.69,10.29,9.79,9.868,10.59,10.245,,,,,,,,,,,,,,,,,,,,,,,,,,,9.44,11.14
29-May-18,9.78,10.38,9.88,9.958,10.68,10.335,,,,,,,,,,,,,,,,,,,,,,,,,,,9.53,11.23
30-May-18,9.79,10.39,9.89,9.968,10.69,10.345,,,,,,,,,,,,,,,,,,,,,,,,,,,9.54,11.24
31-May-18,9.805,10.405,9.905,9.983,10.705,10.36,,,,,,,,,,,,,,,,,,,,,,,,,,,9.555,11.255
1-Jun-18,9.87,10.47,9.97,10.048,10.77,10.425,,,,,,,,,,,,,,,,,,,,,,,,,,,9.62,11.32
2-Jun-18,9.87,10.47,9.97,10.048,10.77,10.425,,,,,,,,,,,,,,,,,,,,,,,,,,,9.62,11.32
3-Jun-18,9.87,10.47,9.97,10.048,10.77,10.425,,,,,,,,,,,,,,,,,,,,,,,,,,,9.62,11.32
4-Jun-18,9.82,10.42,9.92,9.998,10.72,10.375,,,,,,,,,,,,,,,,,,,,,,,,,,,9.57,11.27
5-Jun-18,9.9,10.5,10,10.078,10.8,10.455,,,,,,,,,,,,,,,,,,,,,,,,,,,9.65,11.35
6-Jun-18,9.925,10.525,10.025,10.103,10.825,10.48,,,,,,,,,,,,,,,,,,,,,,,,,,,9.675,11.375
7-Jun-18,10.08,10.68,10.18,10.258,10.98,10.635,,,,,,,,,,,,,,,,,,,,,,,,,,,9.83,11.53
8-Jun-18,10.22,10.82,10.32,10.398,11.12,10.775,10.573,,,,,,,,,,,,,,,,,,,,,,,,,,9.97,11.67
9-Jun-18,10.22,10.82,10.32,10.398,11.12,10.775,10.573,,,,,,,,,,,,,,,,,,,,,,,,,,9.97,11.67
10-Jun-18,10.22,10.82,10.32,10.398,11.12,10.775,10.573,,,,,,,,,,,,,,,,,,,,,,,,,,9.97,11.67
11-Jun-18,10.25,10.85,10.35,10.428,11.15,10.805,10.603,,,,,,,,,,,,,,,,,,,,,,,,,,10,11.7
12-Jun-18,10.27,10.87,10.37,10.448,11.17,10.825,10.623,,,,,,,,,,,,,,,,,,,,,,,,,,10.02,11.72
13-Jun-18,10.24,10.84,10.34,10.418,11.14,10.795,10.593,,,,,,,,,,,,,,,,,,,,,,,,,,9.99,11.69
14-Jun-18,10.21,10.81,10.31,10.388,11.11,10.765,10.563,,,,,,,,,,,,,,,,,,,,,,,,,,9.96,11.66
15-Jun-18,10.265,10.865,10.365,10.443,11.165,10.82,10.618,,,,,,,,,,,,,,,,,,,,,,,,,,10.015,11.715
16-Jun-18,10.265,10.865,10.365,10.443,11.165,10.82,10.618,,,,,,,,,,,,,,,,,,,,,,,,,,10.015,11.715
17-Jun-18,10.265,10.865,10.365,10.443,11.165,10.82,10.618,,,,,,,,,,,,,,,,,,,,,,,,,,10.015,11.715
18-Jun-18,10.35,10.95,10.45,10.528,11.25,10.905,10.703,,,,,,,,,,,,,,,,,,,,,,,,,,10.1,11.8
19-Jun-18,10.42,11.02,10.52,10.598,11.32,10.975,10.773,,,,,,,,,,,,,,,,,,,,,,,,,,10.17,11.87
20-Jun-18,10.275,10.875,10.375,10.453,11.175,10.83,10.628,,,,,,,,,,,,,,,,,,,,,,,,,,10.025,11.725
21-Jun-18,10.17,10.77,10.27,10.348,11.07,10.725,10.523,,,,,,,,,,,,,,,,,,,,,,,,,,9.92,11.62
22-Jun-18,10.12,10.72,10.22,10.298,11.02,10.675,10.473,,,,,,,,,,,,,,,,,,,,,,,,,,9.87,11.57
23-Jun-18,10.12,10.72,10.22,10.298,11.02,10.675,10.473,,,,,,,,,,,,,,,,,,,,,,,,,,9.87,11.57
24-Jun-18,10.12,10.72,10.22,10.298,11.02,10.675,10.473,,,,,,,,,,,,,,,,,,,,,,,,,,9.87,11.57
25-Jun-18,10.165,10.765,10.265,10.343,11.065,10.72,10.518,,,,,,,,,,,,,,,,,,,,,,,,,,9.915,11.615
26-Jun-18,10.13,10.73,10.23,10.308,11.03,10.685,10.483,,,,,,,,,,,,,,,,,,,,,,,,,,9.88,11.58
27-Jun-18,10.15,10.75,10.25,10.328,11.05,10.705,10.503,,,,,,,,,,,,,,,,,,,,,,,,,,9.9,11.6
28-Jun-18,10.185,10.785,10.285,10.363,11.085,10.74,10.538,,,,,,,,,,,,,,,,,,,,,,,,,,9.935,11.635
29-Jun-18,10.085,10.685,10.185,10.263,10.985,10.64,10.438,,,,,,,,,,,,,,,,,,,,,,,,,,9.835,11.535
30-Jun-18,10.085,10.685,10.185,10.263,10.985,10.64,10.438,,,,,,,,,,,,,,,,,,,,,,,,,,9.835,11.535
1-Jul-18,10.085,10.685,10.185,10.263,10.985,10.64,10.438,,,,,,,,,,,,,,,,,,,,,,,,,,9.835,11.535
2-Jul-18,10.145,10.745,10.245,10.323,11.045,10.7,10.498,,,,,,,,,,,,,,,,,,,,,,,,,,9.895,11.595
3-Jul-18,10.09,10.69,10.19,10.268,10.99,10.645,10.443,,,,,,,,,,,,,,,,,,,,,,,,,,9.84,11.54
4-Jul-18,10,10.6,10.1,10.178,10.9,10.555,10.353,,,,,,,,,,,,,,,,,,,,,,,,,,9.75,11.45
5-Jul-18,9.98,10.58,10.08,10.158,10.88,10.535,10.333,,,,,,,,,,,,,,,,,,,,,,,,,,9.73,11.43
6-Jul-18,9.91,10.51,10.01,10.088,10.81,10.465,10.263,,,,,,,,,,,,,,,,,,,,,,,,,,9.66,11.36
7-Jul-18,9.91,10.51,10.01,10.088,10.81,10.465,10.263,,,,,,,,,,,,,,,,,,,,,,,,,,9.66,11.36
8-Jul-18,9.91,10.51,10.01,10.088,10.81,10.465,10.263,,,,,,,,,,,,,,,,,,,,,,,,,,9.66,11.36
9-Jul-18,9.875,10.475,9.975,10.053,10.775,10.43,10.228,9.445,10.93,11.43,,,,,,,,,,,,,,,,,,,,,,,9.625,11.325
10-Jul-18,9.92,10.52,10.02,10.098,10.82,10.475,10.273,9.495,10.98,11.48,,,,,,,,,,,,,,,,,,,,,,,9.67,11.37
11-Jul-18,9.975,10.575,10.075,10.153,10.875,10.53,10.328,9.545,11.03,11.53,,,,,,,,,,,,,,,,,,,,,,,9.725,11.425
12-Jul-18,9.975,10.575,10.075,10.153,10.875,10.53,10.328,9.55,11.035,11.535,,,,,,,,,,,,,,,,,,,,,,,9.725,11.425
13-Jul-18,9.98,10.58,10.08,10.158,10.88,10.535,10.333,9.555,11.04,11.54,,,,,,,,,,,,,,,,,,,,,,,9.73,11.43
14-Jul-18,9.98,10.58,10.08,10.158,10.88,10.535,10.333,9.555,11.04,11.54,,,,,,,,,,,,,,,,,,,,,,,9.73,11.43
15-Jul-18,9.98,10.58,10.08,10.158,10.88,10.535,10.333,9.555,11.04,11.54,,,,,,,,,,,,,,,,,,,,,,,9.73,11.43
16-Jul-18,9.96,10.56,10.06,10.138,10.86,10.515,10.313,9.525,11.01,11.51,,,,,,,,,,,,,,,,,,,,,,,9.71,11.41
17-Jul-18,9.92,10.52,10.02,10.098,10.82,10.475,10.273,9.495,10.98,11.48,,,,,,,,,,,,,,,,,,,,,,,9.67,11.37
18-Jul-18,9.93,10.53,10.03,10.108,10.83,10.485,10.283,9.495,10.98,11.48,,,,,,,,,,,,,,,,,,,,,,,9.68,11.38
19-Jul-18,9.995,10.595,10.095,10.173,10.895,10.55,10.348,9.54,11.025,11.525,,,,,,,,,,,,,,,,,,,,,,,9.745,11.445
20-Jul-18,9.975,10.575,10.075,10.153,10.875,10.53,10.328,9.54,11.025,11.525,,,,,,,,,,,,,,,,,,,,,,,9.725,11.425
21-Jul-18,9.975,10.575,10.075,10.153,10.875,10.53,10.328,9.54,11.025,11.525,,,,,,,,,,,,,,,,,,,,,,,9.725,11.425
22-Jul-18,9.975,10.575,10.075,10.153,10.875,10.53,10.328,9.54,11.025,11.525,,,,,,,,,,,,,,,,,,,,,,,9.725,11.425
23-Jul-18,9.975,10.575,10.075,10.153,10.875,10.53,10.328,9.54,11.025,11.525,,,,,,,,,,,,,,,,,,,,,,,9.725,11.425
24-Jul-18,9.975,10.575,10.075,10.153,10.875,10.53,10.328,9.535,11.02,11.52,,,,,,,,,,,,,,,,,,,,,,,9.725,11.425
25-Jul-18,9.89,10.49,9.99,10.068,10.79,10.445,10.243,9.475,10.96,11.46,,,,,,,,,,,,,,,,,,,,,,,9.64,11.34
26-Jul-18,9.875,10.475,9.975,10.053,10.775,10.43,10.228,9.475,10.96,11.46,,,,,,,,,,,,,,,,,,,,,,,9.625,11.325
27-Jul-18,9.835,10.435,9.935,10.013,10.735,10.39,10.188,9.44,10.925,11.425,,,,,,,,,,,,,,,,,,,,,,,9.585,11.285
28-Jul-18,9.835,10.435,9.935,10.013,10.735,10.39,10.188,9.44,10.925,11.425,,,,,,,,,,,,,,,,,,,,,,,9.585,11.285
29-Jul-18,9.835,10.435,9.935,10.013,10.735,10.39,10.188,9.44,10.925,11.425,,,,,,,,,,,,,,,,,,,,,,,9.585,11.285
30-Jul-18,9.84,10.44,9.94,10.018,10.74,10.395,10.193,9.45,10.935,11.435,,,,,,,,,,,,,,,,,,,,,,,9.59,11.29
31-Jul-18,9.84,10.44,9.94,10.018,10.74,10.395,10.193,9.45,10.935,11.435,,,,,,,,,,,,,,,,,,,,,,,9.59,11.29
1-Aug-18,9.86,10.46,9.96,10.038,10.76,10.415,10.213,9.48,10.965,11.465,,,,,,,,,,,,,,,,,,,,,,,9.61,11.31
2-Aug-18,9.93,10.53,10.03,10.108,10.59,10.485,10.2,9.38,10.64,11.14,,,,,,,,,,,,,,,,,,,,,,,9.68,11.14
3-Aug-18,9.935,10.445,10.035,10.113,10.555,10.485,10.205,9.36,10.62,11.05,,,,,,,,,,,,,,,,,,,,,,,9.685,11.105
4-Aug-18,9.935,10.445,10.035,10.113,10.555,10.485,10.205,9.36,10.62,11.05,,,,,,,,,,,,,,,,,,,,,,,9.685,11.105
5-Aug-18,9.935,10.445,10.035,10.113,10.555,10.485,10.205,9.36,10.62,11.05,,,,,,,,,,,,,,,,,,,,,,,9.685,11.105
6-Aug-18,9.985,10.495,10.085,10.163,10.605,10.535,10.255,9.41,10.67,10.99,,,,,,,,,,,,,,,,,,,,,,,9.735,11.155
7-Aug-18,9.94,10.45,10.04,10.118,10.56,10.49,10.21,9.355,10.615,10.935,,,,,,,,,,,,,,,,,,,,,,,9.69,11.11
8-Aug-18,9.935,10.445,10.035,10.113,10.415,10.485,10.205,9.335,10.595,10.915,,,,,,,,,,,,,,,,,,,,,,,9.685,10.965
9-Aug-18,9.925,10.435,10.025,10.133,10.395,10.475,10.155,9.32,10.59,10.905,,,,,,,,,,,,,,,,,,,,,,,9.675,10.945
10-Aug-18,10.105,10.615,10.205,10.283,10.585,10.655,10.375,9.485,10.765,11.085,,,,,,,,,,,,,,,,,,,,,,,9.855,11.135
11-Aug-18,10.105,10.615,10.205,10.283,10.585,10.655,10.375,9.485,10.765,10.955,,,,,,,,,,,,,,,,,,,,,,,9.855,11.135
12-Aug-18,10.105,10.615,10.205,10.283,10.585,10.655,10.375,9.485,10.765,10.955,,,,,,,,,,,,,,,,,,,,,,,9.855,11.135
13-Aug-18,10.3,10.81,10.4,10.478,10.78,10.85,10.57,9.695,10.96,11.15,,,,,,,,,,,,,,,,,,,,,,,10.05,11.33
14-Aug-18,10.195,10.705,10.295,10.373,10.675,10.745,10.465,9.585,10.855,11.045,,,,,,,,,,,,,,,,,,,,,,,9.945,11.225
15-Aug-18,10.27,10.78,10.37,10.448,10.75,10.82,10.54,9.66,10.93,11.12,,,,,,,,,,,,,,,,,,,,,,,10.02,11.3
16-Aug-18,10.245,10.755,10.345,10.423,10.725,10.795,10.515,9.635,10.905,11.095,,,,,,,,,,,,,,,,,,,,,,,9.995,11.275
17-Aug-18,10.285,10.795,10.385,10.463,10.765,10.835,10.555,9.675,10.945,11.135,,,,,,,,,,,,,,,,,,,,,,,10.035,11.315
18-Aug-18,10.285,10.795,10.385,10.463,10.765,10.835,10.555,9.675,10.945,11.135,,,,,,,,,,,,,,,,,,,,,,,10.035,11.315
19-Aug-18,10.285,10.795,10.385,10.463,10.765,10.835,10.555,9.675,10.945,11.135,,,,,,,,,,,,,,,,,,,,,,,10.035,11.315
20-Aug-18,10.285,10.745,10.255,10.463,10.75,10.815,10.305,9.67,10.925,10.905,,,,,,,,,,,,,,,,,,,,,,,10.035,11.3
21-Aug-18,10.235,10.745,10.335,10.413,10.715,10.785,10.505,9.64,10.895,11.085,,,,,,,,,,,,,,,,,,,,,,,9.985,11.265
22-Aug-18,10.195,10.705,10.295,10.373,10.675,10.745,10.465,9.58,10.855,11.045,,,,,,,,,,,,,,,,,,,,,,,9.945,11.225
23-Aug-18,10.145,10.685,10.235,10.293,10.625,10.705,10.395,9.59,10.76,11,,,,,,,,,,,,,,,,,,,,,,,9.895,11.175
24-Aug-18,10.15,10.66,10.25,10.328,10.63,10.7,10.42,9.545,10.81,11,,,,,,,,,,,,,,,,,,,,,,,9.9,11.18
25-Aug-18,10.15,10.66,10.25,10.328,10.63,10.7,10.42,9.545,10.81,11,,,,,,,,,,,,,,,,,,,,,,,9.9,11.18
26-Aug-18,10.15,10.66,10.25,10.328,10.63,10.7,10.42,9.545,10.81,11,,,,,,,,,,,,,,,,,,,,,,,9.9,11.18
27-Aug-18,10.12,10.63,10.22,10.298,10.6,10.67,10.39,9.52,10.78,10.97,,,,,,,,,,,,,,,,,,,,,,,9.87,11.15
28-Aug-18,10.125,10.635,10.225,10.303,10.605,10.675,10.395,9.749,10.892,11.462,,,,,,,,,,,,,,,,,,,,,,,9.875,11.155
29-Aug-18,10.19,10.7,10.29,10.368,10.67,10.74,10.46,9.585,10.85,11.4,,,,,,,,,,,,,,,,,,,,,,,9.94,11.22
30-Aug-18,10.29,10.8,10.39,10.468,10.77,10.84,10.56,9.685,10.95,11.5,,,,,,,,,,,,,,,,,,,,,,,10.04,11.32
31-Aug-18,10.25,10.74,10.33,10.408,10.71,10.78,10.5,9.63,10.89,11.35,,,,,,,,,,,,,,,,,,,,,,,10,11.26
1-Sep-18,10.25,10.74,10.33,10.408,10.71,10.78,10.5,9.63,10.89,11.35,,,,,,,,,,,,,,,,,,,,,,,10,11.26
2-Sep-18,10.25,10.74,10.33,10.408,10.71,10.78,10.5,9.63,10.89,11.35,,,,,,,,,,,,,,,,,,,,,,,10,11.26
3-Sep-18,10.25,10.74,10.33,10.408,10.71,10.78,10.5,9.63,10.89,11.35,,,,,,,,,,,,,,,,,,,,,,,10,11.26
4-Sep-18,10.46,10.97,10.56,10.638,10.85,11.01,10.73,9.835,10.98,11.41,,,,,,,,,,,,,,,,,,,,,,,10.21,11.4
5-Sep-18,10.44,11,10.6,10.638,10.9,10.95,10.65,9.845,11.12,11.39,,,,,,,,,,,,,,,,,,,,,,,10.19,11.45
6-Sep-18,10.44,11,10.6,10.638,10.9,10.95,10.65,9.845,11.12,11.39,,,,,,,,,,,,,,,,,,,,,,,10.19,11.45
7-Sep-18,10.39,10.9,10.49,10.568,10.87,10.83,10.66,9.785,11.05,11.24,,,,,,,,,,,,,,,,,,,,,,,10.14,11.42
8-Sep-18,10.39,10.9,10.49,10.568,10.87,10.83,10.66,9.785,11.05,11.24,,,,,,,,,,,,,,,,,,,,,,,10.14,11.42
9-Sep-18,10.39,10.9,10.49,10.568,10.87,10.83,10.66,9.785,11.05,11.24,,,,,,,,,,,,,,,,,,,,,,,10.14,11.42
10-Sep-18,10.49,11,10.59,10.668,10.97,11.04,10.76,9.8,11.15,11.34,,,,,,,,,,,,,,,,,,,,,,,10.24,11.52
11-Sep-18,10.46,10.97,10.56,10.638,10.94,11.01,10.73,9.78,11.12,11.31,,,,,,,,,,,,,,,,,,,,,,,10.21,11.49
12-Sep-18,10.445,10.955,10.545,10.623,10.83,10.81,10.715,9.8,10.995,11.192,,,,,,,,,,,,,,,,,,,,,,,10.195,11.38
13-Sep-18,10.37,10.8,10.47,10.548,10.77,10.78,10.64,9.735,10.883,11.103,,,,,,,,,,,,,,,,,,,,,,,10.12,11.32
14-Sep-18,10.425,10.89,10.525,10.603,10.85,10.82,10.695,9.79,10.9,11.15,,,,,,,,,,,,,,,,,,,,,,,10.175,11.4
15-Sep-18,10.425,10.89,10.525,10.603,10.85,10.82,10.695,9.79,10.9,11.15,,,,,,,,,,,,,,,,,,,,,,,10.175,11.4
16-Sep-18,10.425,10.89,10.525,10.603,10.85,10.82,10.695,9.79,10.9,11.15,,,,,,,,,,,,,,,,,,,,,,,10.175,11.4
17-Sep-18,10.39,10.9,10.6,10.678,10.89,10.89,10.7,9.65,10.79,11.2,,,,,,,,,,,,,,,,,,,,,,,10.14,11.44
18-Sep-18,10.46,10.855,10.56,10.638,10.81,10.84,10.6,9.6,10.75,11.1,,,,,,,,,,,,,,,,,,,,,,,10.21,11.36
19-Sep-18,10.35,10.8,10.45,10.528,10.8,10.82,10.56,9.77,10.77,11.05,,,,,,,,,,,,,,,,,,,,,,,10.1,11.35
20-Sep-18,10.3,10.85,10.44,10.518,10.76,10.89,10.61,9.75,10.7,11,,,,,,,,,,,,,,,,,,,,,,,10.05,11.31
21-Sep-18,10.3,10.85,10.44,10.518,10.76,10.89,10.61,9.75,10.7,11,,,,,,,,,,,,,,,,,,,,,,,10.05,11.31
22-Sep-18,10.3,10.85,10.44,10.518,10.76,10.89,10.61,9.75,10.7,11,,,,,,,,,,,,,,,,,,,,,,,10.05,11.31
23-Sep-18,10.3,10.85,10.44,10.518,10.76,10.89,10.61,9.75,10.7,11,,,,,,,,,,,,,,,,,,,,,,,10.05,11.31
24-Sep-18,10.25,10.81,10.395,10.513,10.71,10.885,10.605,9.72,10.665,10.94,,,,,,,,,,,,,,,,,,,,,,,10,11.26
25-Sep-18,10.18,10.8,10.35,10.578,10.61,10.81,10.59,9.78,10.66,10.89,,,,,,,,,,,,,,,,,,,,,,,9.93,11.16
26-Sep-18,10.32,10.83,10.42,10.498,10.65,10.87,10.59,9.68,10.69,10.8,,,,,,,,,,,,,,,,,,,,,,,10.07,11.2
27-Sep-18,10.24,10.75,10.34,10.418,10.57,10.79,10.51,9.575,10.58,10.85,,,,,,,,,,,,,,,,,,,,,,,9.99,11.12
28-Sep-18,10.25,10.76,10.35,10.428,10.55,10.8,10.52,9.595,10.6,10.9,,,,,,,,,,,,,,,,,,,,,,,10,11.1
29-Sep-18,10.25,10.76,10.35,10.428,10.55,10.8,10.52,9.595,10.6,10.9,,,,,,,,,,,,,,,,,,,,,,,10,11.1
30-Sep-18,10.25,10.76,10.35,10.428,10.55,10.8,10.52,9.595,10.6,10.9,,,,,,,,,,,,,,,,,,,,,,,10,11.1
1-Oct-18,10.29,10.8,10.39,10.468,10.77,10.84,10.56,9.615,10.95,11.14,,,,,,,,,,,,,,,,,,,,,,,10.04,11.32
2-Oct-18,10.345,10.855,10.445,10.523,10.825,10.895,10.615,9.685,11.005,11.195,,,,,,,,,,,,,,,,,,,,,,,10.095,11.375
3-Oct-18,10.34,10.85,10.44,10.518,10.82,10.89,10.61,9.68,11,11.19,,,,,,,,,,,,,,,,,,,,,,,10.09,11.37
4-Oct-18,10.45,10.96,10.55,10.628,10.93,11,10.72,9.78,11.11,11.3,,,,,,,,,,,,,,,,,,,,,,,10.2,11.48
5-Oct-18,10.49,11,10.59,10.668,10.97,11.04,10.76,9.815,11.15,11.34,,,,,,,,,,,,,,,,,,,,,,,10.24,11.52
6-Oct-18,10.49,11,10.59,10.668,10.97,11.04,10.76,9.815,11.15,11.34,,,,,,,,,,,,,,,,,,,,,,,10.24,11.52
7-Oct-18,10.49,11,10.59,10.668,10.97,11.04,10.76,9.815,11.15,11.34,,,,,,,,,,,,,,,,,,,,,,,10.24,11.52
8-Oct-18,10.55,11.06,10.65,10.728,11.03,11.1,10.82,9.89,11.21,11.4,9.65,,,,,,,,,,,,,,,,,,,,,,10.3,11.58
9-Oct-18,10.49,11,10.59,10.668,10.97,11.04,10.76,9.835,11.15,11.34,9.705,,,,,,,,,,,,,,,,,,,,,,10.24,11.52
10-Oct-18,10.48,10.99,10.58,10.658,10.96,11.03,10.75,9.815,11.14,11.33,9.685,,,,,,,,,,,,,,,,,,,,,,10.23,11.51
11-Oct-18,10.515,11.025,10.615,10.693,10.995,11.065,10.785,9.85,11.175,11.365,9.72,,,,,,,,,,,,,,,,,,,,,,10.265,11.545
12-Oct-18,10.495,11.005,10.595,10.673,10.975,11.045,10.765,9.825,11.155,11.345,9.695,,,,,,,,,,,,,,,,,,,,,,10.245,11.525
13-Oct-18,10.495,11.005,10.595,10.673,10.975,11.045,10.765,9.825,11.155,11.345,9.695,,,,,,,,,,,,,,,,,,,,,,10.245,11.525
14-Oct-18,10.495,11.005,10.595,10.673,10.975,11.045,10.765,9.825,11.155,11.345,9.695,,,,,,,,,,,,,,,,,,,,,,10.245,11.525
15-Oct-18,10.47,10.98,10.57,10.648,10.95,11.02,10.74,9.79,11.13,11.32,9.66,,,,,,,,,,,,,,,,,,,,,,10.22,11.5
16-Oct-18,10.41,10.92,10.51,10.588,10.89,10.96,10.68,9.725,11.07,11.26,9.595,,,,,,,,,,,,,,,,,,,,,,10.16,11.44
17-Oct-18,10.37,10.88,10.47,10.548,10.85,10.92,10.64,9.685,11.03,11.22,9.555,,,,,,,,,,,,,,,,,,,,,,10.12,11.4
18-Oct-18,10.415,10.925,10.515,10.593,10.895,10.965,10.685,9.74,11.075,11.265,9.61,,,,,,,,,,,,,,,,,,,,,,10.165,11.445
19-Oct-18,10.46,10.97,10.56,10.638,10.94,11.01,10.73,9.77,11.12,11.31,9.64,,,,,,,,,,,,,,,,,,,,,,10.21,11.49
20-Oct-18,10.46,10.97,10.56,10.638,10.94,11.01,10.73,9.77,11.12,11.31,9.64,,,,,,,,,,,,,,,,,,,,,,10.21,11.49
21-Oct-18,10.46,10.97,10.56,10.638,10.94,11.01,10.73,9.77,11.12,11.31,9.64,,,,,,,,,,,,,,,,,,,,,,10.21,11.49
22-Oct-18,10.395,10.905,10.495,10.573,10.875,10.945,10.665,9.71,11.055,11.245,9.58,,,,,,,,,,,,,,,,,,,,,,10.145,11.425
23-Oct-18,10.415,10.925,10.515,10.593,10.895,10.965,10.685,9.735,11.075,11.265,9.605,,,,,,,,,,,,,,,,,,,,,,10.165,11.445
24-Oct-18,10.55,11.06,10.65,10.728,11.03,11.1,10.82,9.85,11.21,11.4,9.72,,,,,,,,,,,,,,,,,,,,,,10.3,11.58
25-Oct-18,10.62,11.13,10.72,10.798,11.1,11.17,10.89,9.87,11.28,11.47,9.74,,,,,,,,,,,,,,,,,,,,,,10.37,11.65
26-Oct-18,10.58,11.09,10.68,10.758,11.06,11.13,10.85,9.825,11.24,11.43,9.695,,,,,,,,,,,,,,,,,,,,,,10.33,11.61
27-Oct-18,10.58,11.09,10.68,10.758,11.06,11.13,10.85,9.825,11.24,11.43,9.695,,,,,,,,,,,,,,,,,,,,,,10.33,11.61
28-Oct-18,10.58,11.09,10.68,10.758,11.06,11.13,10.85,9.825,11.24,11.43,9.695,,,,,,,,,,,,,,,,,,,,,,10.33,11.61
29-Oct-18,10.495,11.005,10.595,10.673,10.975,11.045,10.765,9.7,11.155,11.345,9.57,,,,,,,,,,,,,,,,,,,,,,10.245,11.525
30-Oct-18,10.53,11.04,10.63,10.708,11.01,11.08,10.8,9.76,11.19,11.38,9.63,,,,,,,,,,,,,,,,,,,,,,10.28,11.56
31-Oct-18,10.625,11.135,10.725,10.803,11.105,11.175,10.895,9.87,11.285,11.475,9.74,,,,,,,,,,,,,,,,,,,,,,10.375,11.655
1-Nov-18,10.535,11.045,10.635,10.713,11.015,11.085,10.805,9.82,11.195,11.385,9.69,,,,,,,,,,,,,,,,,,,,,,10.285,11.565
2-Nov-18,10.435,10.945,10.535,10.613,10.915,10.985,10.705,9.705,11.095,11.285,9.575,,,,,,,,,,,,,,,,,,,,,,10.185,11.465
3-Nov-18,10.435,10.945,10.535,10.613,10.915,10.985,10.705,9.705,11.095,11.285,9.575,,,,,,,,,,,,,,,,,,,,,,10.185,11.465
4-Nov-18,10.435,10.945,10.535,10.613,10.915,10.985,10.705,9.705,11.095,11.285,9.575,,,,,,,,,,,,,,,,,,,,,,10.185,11.465
5-Nov-18,10.4,10.91,10.5,10.578,10.88,10.95,10.67,9.685,11.06,11.25,9.555,,,,,,,,,,,,,,,,,,,,,,10.15,11.43
6-Nov-18,10.39,10.9,10.49,10.568,10.87,10.94,10.66,9.675,11.05,11.24,9.545,,,,,,,,,,,,,,,,,,,,,,10.14,11.42
7-Nov-18,10.32,10.83,10.42,10.498,10.8,10.87,10.59,9.615,10.98,11.17,9.485,,,,,,,,,,,,,,,,,,,,,,10.07,11.35
8-Nov-18,10.395,10.905,10.495,10.573,10.875,10.945,10.665,9.675,11.055,11.245,9.545,,,,,,,,,,,,,,,,,,,,,,10.145,11.425
9-Nov-18,10.45,10.96,10.55,10.628,10.93,11,10.72,9.73,11.11,11.3,9.6,,,,,,,,,,,,,,,,,,,,,,10.2,11.48
10-Nov-18,10.45,10.96,10.55,10.628,10.93,11,10.72,9.73,11.11,11.3,9.6,,,,,,,,,,,,,,,,,,,,,,10.2,11.48
11-Nov-18,10.45,10.96,10.55,10.628,10.93,11,10.72,9.73,11.11,11.3,9.6,,,,,,,,,,,,,,,,,,,,,,10.2,11.48
12-Nov-18,10.475,10.985,10.575,10.653,10.955,11.025,10.745,9.755,11.135,11.325,9.625,,,,,,,,,,,,,,,,,,,,,,10.225,11.505
13-Nov-18,10.495,11.005,10.595,10.673,10.975,11.045,10.765,9.765,11.155,11.345,9.635,,,,,,,,,,,,,,,,,,,,,,10.245,11.525
14-Nov-18,10.42,10.93,10.52,10.598,10.9,10.97,10.69,9.695,11.08,11.27,9.565,,,,,,,,,,,,,,,,,,,,,,10.17,11.45
15-Nov-18,10.425,10.935,10.525,10.603,10.905,10.975,10.695,9.705,11.085,11.275,9.575,,,,,,,,,,,,,,,,,,,,,,10.175,11.455
16-Nov-18,10.365,10.875,10.465,10.543,10.845,10.915,10.635,9.645,11.025,11.215,9.515,,,,,,,,,,,,,,,,,,,,,,10.115,11.395
17-Nov-18,10.365,10.875,10.465,10.543,10.845,10.915,10.635,9.645,11.025,11.215,9.515,,,,,,,,,,,,,,,,,,,,,,10.115,11.395
18-Nov-18,10.365,10.875,10.465,10.543,10.845,10.915,10.635,9.645,11.025,11.215,9.515,,,,,,,,,,,,,,,,,,,,,,10.115,11.395
19-Nov-18,10.36,10.87,10.46,10.538,10.84,10.91,10.63,9.64,11.02,11.21,9.51,,,,,,,,,,,,,,,,,,,,,,10.11,11.39
20-Nov-18,10.385,10.895,10.485,10.563,10.865,10.935,10.655,9.66,11.045,11.235,9.53,,,,,,,,,,,,,,,,,,,,,,10.135,11.415
21-Nov-18,10.3,10.81,10.4,10.478,10.78,10.85,10.57,9.575,10.96,11.15,9.445,,,,,,,,,,,,,,,,,,,,,,10.05,11.33
22-Nov-18,10.19,10.7,10.29,10.368,10.67,10.74,10.46,9.48,10.85,11.04,9.35,,,,,,,,,,,,,,,,,,,,,,9.94,11.22
23-Nov-18,10.185,10.695,10.285,10.363,10.665,10.735,10.455,9.47,10.845,11.035,9.34,,,,,,,,,,,,,,,,,,,,,,9.935,11.215
24-Nov-18,10.185,10.695,10.285,10.363,10.665,10.735,10.455,9.47,10.845,11.035,9.34,,,,,,,,,,,,,,,,,,,,,,9.935,11.215
25-Nov-18,10.185,10.695,10.285,10.363,10.665,10.735,10.455,9.47,10.845,11.035,9.34,,,,,,,,,,,,,,,,,,,,,,9.935,11.215
26-Nov-18,10.21,10.72,10.31,10.388,10.69,10.76,10.48,9.48,10.87,11.06,9.35,,,,,,,,,,,,,,,,,,,,,,9.96,11.24
27-Nov-18,10.24,10.75,10.34,10.418,10.72,10.79,10.51,9.495,10.9,11.09,9.365,,,,,,,,,,,,,,,,,,,,,,9.99,11.27
28-Nov-18,10.29,10.8,10.39,10.468,10.77,10.84,10.56,9.555,10.95,11.14,9.425,,,,,,,,,,,,,,,,,,,,,,10.04,11.32
29-Nov-18,10.15,10.66,10.25,10.328,10.63,10.7,10.42,9.425,10.81,11,9.295,,,,,,,,,,,,,,,,,,,,,,9.9,11.18
30-Nov-18,10.19,10.7,10.29,10.54,10.67,10.74,10.46,9.5,10.69,11.04,9.33,,,,,,,,,,,,,,,,,,,,,,9.94,11.22
1-Dec-18,10.19,10.7,10.29,10.54,10.67,10.74,10.46,9.5,10.49,11.04,9.33,,,,,,,,,,,,,,,,,,,,,,9.94,11.22
2-Dec-18,10.19,10.7,10.29,10.54,10.67,10.74,10.46,9.5,10.49,11.04,9.33,,,,,,,,,,,,,,,,,,,,,,9.94,11.22
3-Dec-18,10.16,10.67,10.26,10.51,10.64,10.71,10.43,9.465,10.46,11.01,9.295,,,,,,,,,,,,,,,,,,,,,,9.91,11.19
4-Dec-18,10.17,10.68,10.27,10.52,10.65,10.72,10.44,9.475,10.47,11.02,9.305,,,,,,,,,,,,,,,,,,,,,,9.92,11.2
5-Dec-18,10.225,10.735,10.325,10.575,10.705,10.775,10.495,9.515,10.525,11.075,9.345,,,,,,,,,,,,,,,,,,,,,,9.975,11.255
6-Dec-18,10.315,10.825,10.415,10.665,10.795,10.865,10.585,9.61,10.615,10.965,9.44,,,,,,,,,,,,,,,,,,,,,,10.065,11.345
7-Dec-18,10.29,10.8,10.39,10.64,10.77,10.84,10.56,9.575,10.59,10.94,9.405,,,,,,,,,,,,,,,,,,,,,,10.04,11.32
8-Dec-18,10.29,10.8,10.39,10.64,10.77,10.84,10.56,9.575,10.59,10.94,9.405,,,,,,,,,,,,,,,,,,,,,,10.04,11.32
9-Dec-18,10.29,10.8,10.39,10.64,10.77,10.84,10.56,9.575,10.59,10.94,9.405,,,,,,,,,,,,,,,,,,,,,,10.04,11.32
10-Dec-18,10.42,10.93,10.52,10.77,10.72,10.92,10.69,9.675,10.72,10.92,9.505,,,,,,,,,,,,,,,,,,,,,,10.17,11.27
11-Dec-18,10.415,10.925,10.515,10.765,10.715,10.815,10.685,9.66,10.715,10.915,9.49,,,,,,,,,,,,,,,,,,,,,,10.165,11.265
12-Dec-18,10.41,10.82,10.51,10.76,10.71,10.81,10.68,9.65,10.71,10.91,9.48,,,,,,,,,,,,,,,,,,,,,,10.16,11.26
13-Dec-18,10.39,10.9,10.49,10.74,10.69,10.79,10.66,9.615,10.69,10.89,9.445,,,,,,,,,,,,,,,,,,,,,,10.14,11.24
14-Dec-18,10.455,10.965,10.555,10.805,10.755,10.855,10.725,9.665,10.755,10.955,9.495,,,,,,,,,,,,,,,,,,,,,,10.205,11.305
15-Dec-18,10.455,10.965,10.555,10.805,10.755,10.855,10.725,9.665,10.755,10.955,9.495,,,,,,,,,,,,,,,,,,,,,,10.205,11.305
16-Dec-18,10.455,10.965,10.555,10.805,10.755,10.855,10.725,9.665,10.755,10.955,9.495,,,,,,,,,,,,,,,,,,,,,,10.205,11.305
17-Dec-18,10.455,10.845,10.405,10.607,10.55,10.815,10.595,9.595,10.555,10.805,9.35,,,,,,,,,,,,,,,,,,,,,,10.205,11.1
18-Dec-18,10.365,10.875,10.465,10.715,10.665,10.765,10.635,9.585,10.665,10.865,9.415,,,,,,,,,,,,,,,,,,,,,,10.115,11.215
19-Dec-18,10.3,10.81,10.4,10.65,10.6,10.7,10.57,9.52,10.6,10.8,9.35,,,,,,,,,,,,,,,,,,,,,,10.05,11.15
20-Dec-18,10.25,10.76,10.35,10.6,10.55,10.65,10.52,9.47,10.55,10.75,9.3,,,,,,,,,,,,,,,,,,,,,,10,11.1
21-Dec-18,10.2,10.71,10.3,10.55,10.45,10.65,10.52,9.48,10.5,10.7,9.31,,,,,,,,,,,,,,,,,,,,,,9.95,11
22-Dec-18,10.2,10.71,10.3,10.55,10.45,10.65,10.52,9.48,10.5,10.7,9.31,,,,,,,,,,,,,,,,,,,,,,9.95,11
23-Dec-18,10.2,10.71,10.3,10.55,10.45,10.65,10.52,9.48,10.5,10.7,9.31,,,,,,,,,,,,,,,,,,,,,,9.95,11
24-Dec-18,10.17,10.65,10.27,10.49,10.35,10.597,10.456,9.43,10.45,10.66,9.35,,,,,,,,,,,,,,,,,,,,,,9.92,10.9
25-Dec-18,10.17,10.65,10.27,10.49,10.35,10.597,10.456,9.43,10.45,10.66,9.35,,,,,,,,,,,,,,,,,,,,,,9.92,10.9
26-Dec-18,10.17,10.65,10.27,10.49,10.35,10.597,10.456,9.43,10.45,10.66,9.35,,,,,,,,,,,,,,,,,,,,,,9.92,10.9
27-Dec-18,10.18,10.69,10.28,10.53,10.3,10.58,10.45,9.405,10.48,10.68,9.235,,,,,,,,,,,,,,,,,,,,,,9.93,10.85
28-Dec-18,10.145,10.655,10.245,10.495,10.445,10.545,10.415,9.37,10.445,10.645,9.2,,,,,,,,,,,,,,,,,,,,,,9.895,10.995
29-Dec-18,10.145,10.655,10.245,10.495,10.445,10.545,10.415,9.37,10.445,10.645,9.2,,,,,,,,,,,,,,,,,,,,,,9.895,10.995
30-Dec-18,10.145,10.655,10.245,10.495,10.445,10.545,10.415,9.37,10.445,10.645,9.2,,,,,,,,,,,,,,,,,,,,,,9.895,10.995
31-Dec-18,10.135,10.645,10.235,10.485,10.435,10.535,10.405,9.36,10.435,10.635,9.19,,,,,,,,,,,,,,,,,,,,,,9.885,10.985
1-Jan-19,10.135,10.645,10.235,10.485,10.435,10.535,10.405,9.36,10.435,10.635,9.19,,,,,,,,,,,,,,,,,,,,,,9.885,10.985
2-Jan-19,10.185,10.695,10.285,10.535,10.445,10.585,10.455,9.41,10.485,10.685,9.24,,,,,,,,,,,,,,,,,,,,,,9.935,10.995
3-Jan-19,10.1,10.61,10.2,10.45,10.4,10.5,10.37,9.325,10.4,10.6,9.155,,,,,,,,,,,,,,,,,,,,,,9.85,10.95
4-Jan-19,10.05,10.56,10.15,10.4,10.35,10.45,10.32,9.275,10.35,10.55,9.105,,,,,,,,,,,,,,,,,,,,,,9.8,10.9
5-Jan-19,10.05,10.56,10.15,10.4,10.35,10.45,10.32,9.275,10.35,10.55,9.105,,,,,,,,,,,,,,,,,,,,,,9.8,10.9
6-Jan-19,10.05,10.56,10.15,10.4,10.35,10.45,10.32,9.275,10.35,10.55,9.105,,,,,,,,,,,,,,,,,,,,,,9.8,10.9
7-Jan-19,10.02,10.53,10.12,10.37,10.32,10.42,10.29,9.25,10.32,10.52,9.08,,,,,,,,,,,,,,,,,,,,,,9.77,10.87
8-Jan-19,10.07,10.58,10.17,10.42,10.37,10.47,10.34,9.3,10.37,10.57,9.13,,,,,,,,,,,,,,,,,,,,,,9.82,10.92
9-Jan-19,10.03,10.54,10.13,10.38,10.33,10.43,10.3,9.26,10.33,10.53,9.09,,,,,,,,,,,,,,,,,,,,,,9.78,10.88
10-Jan-19,10.025,10.535,10.125,10.375,10.325,10.425,10.295,9.255,10.325,10.525,9.085,,,,,,,,,,,,,,,,,,,,,,9.775,10.875
11-Jan-19,10.02,10.53,10.12,10.37,10.32,10.42,10.29,9.245,10.32,10.52,9.075,,,,,,,,,,,,,,,,,,,,,,9.77,10.87
12-Jan-19,10.02,10.53,10.12,10.37,10.32,10.42,10.29,9.245,10.32,10.52,9.075,,,,,,,,,,,,,,,,,,,,,,9.77,10.87
13-Jan-19,10.02,10.53,10.12,10.37,10.32,10.42,10.29,9.245,10.32,10.52,9.075,,,,,,,,,,,,,,,,,,,,,,9.77,10.87
14-Jan-19,10.06,10.57,10.16,10.41,10.36,10.46,10.33,9.3,10.36,10.56,9.13,,,,,,,,,,,,,,,,,,,,,,9.81,10.91
15-Jan-19,10.055,10.565,10.155,10.405,10.355,10.455,10.325,9.25,10.355,10.555,9.08,,,,,,,,,,,,,,,,,,,,,,9.805,10.905
16-Jan-19,10.03,10.54,10.13,10.38,10.33,10.43,10.3,9.23,10.33,10.53,9.06,,,,,,,,,,,,,,,,,,,,,,9.78,10.88
17-Jan-19,10.05,10.56,10.15,10.4,10.35,10.45,10.32,9.25,10.35,10.55,9.08,,,,,,,,,,,,,,,,,,,,,,9.8,10.9
18-Jan-19,10,10.535,9.995,10.35,10.15,10.225,10.25,9.185,10.15,10.565,9,,,,,,,,,,,,,,,,,,,,,,9.75,10.7
19-Jan-19,10,10.535,9.995,10.35,10.15,10.225,10.25,9.185,10.15,10.565,9,,,,,,,,,,,,,,,,,,,,,,9.75,10.7
20-Jan-19,10,10.535,9.995,10.35,10.15,10.225,10.25,9.185,10.15,10.565,9,,,,,,,,,,,,,,,,,,,,,,9.75,10.7
21-Jan-19,9.995,10.5,10.05,10.4,10.05,10.32,10.21,9.105,10.085,10.51,9.16,,,,,,,,,,,,,,,,,,,,,,9.745,10.6
22-Jan-19,9.95,10.46,10.21,10.46,10.01,10.17,10.15,9.09,10.055,10.55,9.11,,,,,,,,,,,,,,,,,,,,,,9.7,10.56
23-Jan-19,9.889,10.4,10.2,10.45,10,10.1,10.12,8.89,10.01,10.6,9.1,,,,,,,,,,,,,,,,,,,,,,9.639,10.55
24-Jan-19,9.91,10.35,10.135,10.385,9.994,10.06,10.08,8.851,9.995,10.535,9.035,,,,,,,,,,,,,,,,,,,,,,9.66,10.544
25-Jan-19,9.97,10.31,10.07,10.32,9.91,10,9.995,8.831,9.95,10.47,8.97,,,,,,,,,,,,,,,,,,,,,,9.72,10.46
26-Jan-19,9.97,10.31,10.07,10.32,9.91,10,9.995,8.831,9.95,10.47,8.97,,,,,,,,,,,,,,,,,,,,,,9.72,10.46
27-Jan-19,9.97,10.31,10.07,10.32,9.91,10,9.995,8.831,9.95,10.47,8.97,,,,,,,,,,,,,,,,,,,,,,9.72,10.46
28-Jan-19,9.97,10.38,10.07,10.32,9.95,9.899,10.015,9.14,9.989,10.51,9.021,,,,,,,,,,,,,,,,,,,,,,9.72,10.5
29-Jan-19,10.01,10.42,10.11,10.36,10.02,10,10.103,9.155,10.03,10.51,8.985,,,,,,,,,,,,,,,,,,,,,,9.76,10.57
30-Jan-19,9.99,10.5,10.09,10.34,10.12,10.09,10.26,9.125,10,10.49,8.955,,,,,,,,,,,,,,,,,,,,,,9.74,10.67
31-Jan-19,9.84,10.45,9.997,10.4,10.14,9.993,10.19,9.08,10.14,10.34,8.85,,,,,,,,,,,,,,,,,,,,,,9.59,10.69
1-Feb-19,9.865,10.375,9.965,10.215,10.165,10.265,10.135,9.03,10.165,10.365,8.86,,,,,,,,,,,,,,,,,,,,,,9.615,10.715
2-Feb-19,9.865,10.375,9.965,10.215,10.165,10.265,10.135,9.03,10.165,10.365,8.86,,,,,,,,,,,,,,,,,,,,,,9.615,10.715
3-Feb-19,9.865,10.375,9.965,10.215,10.165,10.265,10.135,9.03,10.165,10.365,8.86,,,,,,,,,,,,,,,,,,,,,,9.615,10.715
4-Feb-19,9.89,10.4,9.99,10.24,10.19,10.29,10.16,9.06,10.19,10.39,8.89,,,,,,,,,,,,,,,,,,,,,,9.64,10.74
5-Feb-19,9.84,10.35,9.94,10.19,10.14,10.24,10.11,9.02,10.14,10.34,8.85,,,,,,,,,,,,,,,,,,,,,,9.59,10.69
6-Feb-19,9.9,10.41,10,10.25,10.2,10.3,10.17,9.06,10.2,10.4,8.89,,,,,,,,,,,,,,,,,,,,,,9.65,10.75
7-Feb-19,9.905,10.415,10.005,10.255,10.205,10.305,10.175,9.075,10.205,10.405,8.905,,,,,,,,,,,,,,,,,,,,,,9.655,10.755
8-Feb-19,9.905,10.415,10.005,10.255,10.205,10.305,10.175,9.07,10.205,10.405,8.9,9.4,9.85,10.25,,,,,,,,,,,,,,,,,,,9.655,10.755
9-Feb-19,9.905,10.415,10.005,10.255,10.205,10.305,10.175,9.07,10.205,10.405,8.9,9.4,9.85,10.25,,,,,,,,,,,,,,,,,,,9.655,10.755
10-Feb-19,9.905,10.415,10.005,10.255,10.205,10.305,10.175,9.07,10.205,10.405,8.9,9.4,9.85,10.25,,,,,,,,,,,,,,,,,,,9.655,10.755
11-Feb-19,10.03,10.54,10.13,10.38,10.33,10.43,10.3,9.205,10.33,10.53,9.035,9.535,9.975,10.375,,,,,,,,,,,,,,,,,,,9.78,10.88
12-Feb-19,10.04,10.55,10.14,10.39,10.34,10.44,10.31,9.195,10.34,10.54,9.025,9.525,9.985,10.385,,,,,,,,,,,,,,,,,,,9.79,10.89
13-Feb-19,10.145,10.655,10.245,10.495,10.445,10.545,10.415,9.22,10.445,10.645,9.05,9.55,10.09,10.49,,,,,,,,,,,,,,,,,,,9.895,10.995
14-Feb-19,10.195,10.705,10.295,10.545,10.495,10.595,10.465,9.29,10.495,10.695,9.12,9.62,10.14,10.54,,,,,,,,,,,,,,,,,,,9.945,11.045
15-Feb-19,10.13,10.64,10.23,10.48,10.43,10.53,10.4,9.23,10.43,10.63,9.06,9.56,10.075,10.475,,,,,,,,,,,,,,,,,,,9.88,10.98
16-Feb-19,10.13,10.64,10.23,10.48,10.43,10.53,10.4,9.23,10.43,10.63,9.06,9.56,10.075,10.475,,,,,,,,,,,,,,,,,,,9.88,10.98
17-Feb-19,10.13,10.64,10.23,10.48,10.43,10.53,10.4,9.23,10.43,10.63,9.06,9.56,10.075,10.475,,,,,,,,,,,,,,,,,,,9.88,10.98
18-Feb-19,10.105,10.615,10.205,10.455,10.405,10.505,10.375,9.215,10.405,10.605,9.045,9.545,10.05,10.45,,,,,,,,,,,,,,,,,,,9.855,10.955
19-Feb-19,10.125,10.635,10.225,10.475,10.425,10.525,10.395,9.245,10.425,10.625,9.075,9.575,10.07,10.47,,,,,,,,,,,,,,,,,,,9.875,10.975
20-Feb-19,10.09,10.6,10.19,10.44,10.39,10.49,10.36,9.175,10.39,10.59,9.005,9.505,10.035,10.435,,,,,,,,,,,,,,,,,,,9.84,10.94
21-Feb-19,10.07,10.58,10.17,10.42,10.37,10.47,10.34,9.16,10.37,10.57,8.99,9.49,10.015,10.415,,,,,,,,,,,,,,,,,,,9.82,10.92
22-Feb-19,9.975,10.485,10.075,10.325,10.275,10.375,10.245,9.05,10.275,10.475,8.88,9.38,9.92,10.32,,,,,,,,,,,,,,,,,,,9.725,10.825
23-Feb-19,9.975,10.485,10.075,10.325,10.275,10.375,10.245,9.05,10.275,10.475,8.88,9.38,9.92,10.32,,,,,,,,,,,,,,,,,,,9.725,10.825
24-Feb-19,9.975,10.485,10.075,10.325,10.275,10.375,10.245,9.05,10.275,10.475,8.88,9.38,9.92,10.32,,,,,,,,,,,,,,,,,,,9.725,10.825
25-Feb-19,9.945,10.455,10.045,10.295,10.245,10.345,10.215,9.03,10.245,10.445,8.86,9.36,9.89,10.29,,,,,,,,,,,,,,,,,,,9.695,10.795
26-Feb-19,9.9,10.41,10,10.25,10.2,10.3,10.17,8.985,10.2,10.4,8.815,9.315,9.845,10.245,,,,,,,,,,,,,,,,,,,9.65,10.75
27-Feb-19,9.91,10.42,10.01,10.26,10.21,10.31,10.18,9.028,10.21,10.41,8.858,9.358,9.855,10.255,,,,,,,,,,,,,,,,,,,9.66,10.76
28-Feb-19,9.95,10.46,10.05,10.3,10.25,10.35,10.22,9.06,10.25,10.45,8.89,9.39,9.895,10.295,,,,,,,,,,,,,,,,,,,9.7,10.8
1-Mar-19,9.995,10.505,10.095,10.345,10.295,10.395,10.265,9.11,10.295,10.495,8.94,9.44,9.94,10.34,,,,,,,,,,,,,,,,,,,9.745,10.845
2-Mar-19,9.995,10.505,10.095,10.345,10.295,10.395,10.265,9.11,10.295,10.495,8.94,9.44,9.94,10.34,,,,,,,,,,,,,,,,,,,9.745,10.845
3-Mar-19,9.995,10.505,10.095,10.345,10.295,10.395,10.265,9.11,10.295,10.495,8.94,9.44,9.94,10.34,,,,,,,,,,,,,,,,,,,9.745,10.845
4-Mar-19,9.975,10.485,10.075,10.325,10.275,10.375,10.245,9.1,10.275,10.475,8.93,9.43,9.92,10.32,,,,,,,,,,,,,,,,,,,9.725,10.825
5-Mar-19,9.915,10.425,10.015,10.265,10.215,10.315,10.185,9.055,10.215,10.415,8.885,9.385,9.86,10.26,,,,,,,,,,,,,,,,,,,9.665,10.765
6-Mar-19,9.93,10.44,10.03,10.28,10.23,10.33,10.2,9.07,10.23,10.43,8.9,9.4,9.875,10.275,,,,,,,,,,,,,,,,,,,9.68,10.78
7-Mar-19,9.925,10.435,10.025,10.275,10.225,10.325,10.195,9.06,10.225,10.425,8.89,9.39,9.87,10.27,,,,,,,,,,,,,,,,,,,9.675,10.775
8-Mar-19,9.915,10.425,10.015,10.265,10.165,10.315,10.185,9.06,10.215,10.415,8.89,9.39,9.86,10.26,,,,,,,,,,,,,,,,,,,9.665,10.715
9-Mar-19,9.915,10.425,10.015,10.265,10.165,10.315,10.185,9.06,10.215,10.415,8.89,9.39,9.86,10.26,,,,,,,,,,,,,,,,,,,9.665,10.715
10-Mar-19,9.915,10.425,10.015,10.265,10.165,10.315,10.185,9.06,10.215,10.415,8.89,9.39,9.86,10.26,,,,,,,,,,,,,,,,,,,9.665,10.715
11-Mar-19,9.915,10.425,10.015,10.265,10.165,10.315,10.185,9.055,10.215,10.415,8.885,9.385,9.86,10.26,,,,,,,,,,,,,,,,,,,9.665,10.715
12-Mar-19,9.925,10.435,10.025,10.275,10.125,10.325,10.195,9.06,10.225,10.425,8.89,9.39,9.87,10.27,,,,,,,,,,,,,,,,,,,9.675,10.675
13-Mar-19,9.97,10.48,10.07,10.32,10.12,10.37,10.24,9.08,10.27,10.47,8.91,9.41,9.915,10.315,,,,,,,,,,,,,,,,,,,9.72,10.67
14-Mar-19,10.01,10.52,10.11,10.36,10.16,10.41,10.28,9.14,10.31,10.51,8.97,9.47,9.955,10.355,,,,,,,,,,,,,,,,,,,9.76,10.71
15-Mar-19,9.92,10.43,10.02,10.27,10.02,10.32,10.19,9.055,10.22,10.42,8.885,9.385,9.865,10.265,,,,,,,,,,,,,,,,,,,9.67,10.57
16-Mar-19,9.92,10.43,10.02,10.27,10.02,10.32,10.19,9.055,10.22,10.42,8.885,9.385,9.865,10.265,,,,,,,,,,,,,,,,,,,9.67,10.57
17-Mar-19,9.92,10.43,10.02,10.27,10.02,10.32,10.19,9.055,10.22,10.42,8.885,9.385,9.865,10.265,,,,,,,,,,,,,,,,,,,9.67,10.57
18-Mar-19,9.945,10.455,10.045,10.295,10.045,10.345,10.215,9.075,10.245,10.445,8.905,9.405,9.89,10.29,,,,,,,,,,,,,,,,,,,9.695,10.595
19-Mar-19,10.01,10.52,10.11,10.36,10.06,10.41,10.28,9.15,10.31,10.51,8.98,9.48,9.955,10.355,,,,,,,,,,,,,,,,,,,9.76,10.61
20-Mar-19,9.995,10.515,10.11,10.345,9.99,10.395,10.265,9.13,10.295,10.495,8.96,9.46,9.94,10.34,,,,,,,,,,,,,,,,,,,9.745,10.54
21-Mar-19,9.995,10.505,10.095,10.345,9.995,10.395,10.265,9.13,10.295,10.495,8.96,9.46,9.94,10.34,,,,,,,,,,,,,,,,,,,9.745,10.545
22-Mar-19,10,10.51,10.1,10.35,9.97,10.4,10.27,9.145,10.3,10.5,8.975,9.475,9.945,10.345,,,,,,,,,,,,,,,,,,,9.75,10.52
23-Mar-19,10,10.51,10.1,10.35,9.97,10.4,10.27,9.145,10.3,10.5,8.975,9.475,9.945,10.345,,,,,,,,,,,,,,,,,,,9.75,10.52
24-Mar-19,10,10.51,10.1,10.35,9.97,10.4,10.27,9.145,10.3,10.5,8.975,9.475,9.945,10.345,,,,,,,,,,,,,,,,,,,9.75,10.52
25-Mar-19,9.96,10.47,10.06,10.31,9.96,10.36,10.23,9.12,10.26,10.46,8.95,9.45,9.905,10.305,,,,,,,,,,,,,,,,,,,9.71,10.51
26-Mar-19,9.99,10.5,10.09,10.34,9.99,10.39,10.26,9.145,10.29,10.49,8.975,9.475,9.935,10.335,,,,,,,,,,,,,,,,,,,9.74,10.54
27-Mar-19,9.975,10.485,10.075,10.325,9.975,10.375,10.245,9.105,10.275,10.475,8.935,9.435,9.92,10.32,,,,,,,,,,,,,,,,,,,9.725,10.525
28-Mar-19,9.95,10.46,10.05,10.3,9.95,10.35,10.22,9.08,10.25,10.45,8.91,9.41,9.895,10.295,,,,,,,,,,,,,,,,,,,9.7,10.5
29-Mar-19,9.86,10.37,9.96,10.21,9.86,10.26,10.13,9,10.16,10.36,8.83,9.33,9.805,10.205,,,,,,,,,,,,,,,,,,,9.61,10.41
30-Mar-19,9.86,10.37,9.96,10.21,9.86,10.26,10.13,9,10.16,10.36,8.83,9.33,9.805,10.205,,,,,,,,,,,,,,,,,,,9.61,10.41
31-Mar-19,9.86,10.37,9.96,10.21,9.86,10.26,10.13,9,10.16,10.36,8.83,9.33,9.805,10.205,,,,,,,,,,,,,,,,,,,9.61,10.41
1-Apr-19,9.745,10.255,9.845,10.095,9.745,10.145,10.015,8.895,10.045,10.245,8.725,9.225,9.69,10.09,,,,,,,,,,,,,,,,,,,9.495,10.295
2-Apr-19,9.77,10.18,9.81,10.12,9.77,10.17,10.04,8.915,10.01,10.27,8.745,9.245,9.715,10.115,,,,,,,,,,,,,,,,,,,9.52,10.32
3-Apr-19,9.78,10.29,9.88,10.13,9.65,10.18,10.035,8.93,10.03,10.28,8.76,9.26,9.725,10.125,,,,,,,,,,,,,,,,,,,9.53,10.2
4-Apr-19,9.785,10.295,9.885,10.135,9.785,10.185,10.055,8.94,10.085,10.285,8.77,9.27,9.73,10.13,,,,,,,,,,,,,,,,,,,9.535,10.335
5-Apr-19,9.76,10.27,9.86,10.11,9.76,10.16,10.03,8.905,10.06,10.26,8.735,9.235,9.705,10.105,,,,,,,,,,,,,,,,,,,9.51,10.31
6-Apr-19,9.76,10.27,9.86,10.11,9.76,10.16,10.03,8.905,10.06,10.26,8.735,9.235,9.705,10.105,,,,,,,,,,,,,,,,,,,9.51,10.31
7-Apr-19,9.76,10.27,9.86,10.11,9.76,10.16,10.03,8.905,10.06,10.26,8.735,9.235,9.705,10.105,,,,,,,,,,,,,,,,,,,9.51,10.31
8-Apr-19,9.765,10.275,9.865,10.115,9.765,10.165,10.035,8.91,10.065,10.265,8.74,9.24,9.71,10.11,,,,,,,,,,,,,,,,,,,9.515,10.315
9-Apr-19,9.745,10.255,9.845,10.095,9.745,10.145,10.015,8.88,10.045,10.245,8.71,9.21,9.69,10.09,,,,,,,,,,,,,,,,,,,9.495,10.295
10-Apr-19,9.705,10.215,9.805,10.055,9.705,10.105,9.975,8.845,10.005,10.205,8.675,9.175,9.65,10.05,,,,,,,,,,,,,,,,,,,9.455,10.255
11-Apr-19,9.74,10.25,9.84,10.09,9.74,10.14,10.01,8.895,10.04,10.24,8.725,9.225,9.685,10.085,,,,,,,,,,,,,,,,,,,9.49,10.29
12-Apr-19,9.735,10.245,9.835,10.085,9.735,10.135,10.005,8.89,10.035,10.235,8.72,9.22,9.68,10.08,,,,,,,,,,,,,,,,,,,9.485,10.285
13-Apr-19,9.735,10.245,9.835,10.085,9.735,10.135,10.005,8.89,10.035,10.235,8.72,9.22,9.68,10.08,,,,,,,,,,,,,,,,,,,9.485,10.285
14-Apr-19,9.735,10.245,9.835,10.085,9.735,10.135,10.005,8.89,10.035,10.235,8.72,9.22,9.68,10.08,,,,,,,,,,,,,,,,,,,9.485,10.285
15-Apr-19,9.72,10.23,9.82,10.07,9.72,10.12,9.99,8.875,10.02,10.22,8.705,9.205,9.665,10.065,,,,,,,,,,,,,,,,,,,9.47,10.27
16-Apr-19,9.75,10.26,9.85,10.1,9.75,10.15,10.02,8.94,10.05,10.25,8.77,9.27,9.695,10.095,,,,,,,,,,,,,,,,,,,9.5,10.3
17-Apr-19,9.715,10.225,9.815,10.065,9.715,10.115,9.985,8.895,10.015,10.215,8.725,9.225,9.66,10.06,,,,,,,,,,,,,,,,,,,9.465,10.265
18-Apr-19,9.715,10.225,9.815,10.065,9.715,10.115,9.985,8.905,10.015,10.215,8.735,9.235,9.66,10.06,,,,,,,,,,,,,,,,,,,9.465,10.265
19-Apr-19,9.715,10.225,9.815,10.065,9.715,10.115,9.985,8.905,10.015,10.215,8.735,9.235,9.66,10.06,,,,,,,,,,,,,,,,,,,9.465,10.265
20-Apr-19,9.715,10.225,9.815,10.065,9.715,10.115,9.985,8.905,10.015,10.215,8.735,9.235,9.66,10.06,,,,,,,,,,,,,,,,,,,9.465,10.265
21-Apr-19,9.715,10.225,9.815,10.065,9.715,10.115,9.985,8.905,10.015,10.215,8.735,9.235,9.66,10.06,,,,,,,,,,,,,,,,,,,9.465,10.265
22-Apr-19,9.715,10.225,9.815,10.065,9.715,10.115,9.985,8.905,10.015,10.215,8.735,9.235,9.66,10.06,,,,,,,,,,,,,,,,,,,9.465,10.265
23-Apr-19,9.79,10.3,9.89,10.14,9.79,10.19,10.06,8.985,10.09,10.29,8.815,9.315,9.735,10.135,,,,,,,,,,,,,,,,,,,9.54,10.34
24-Apr-19,9.82,10.33,9.92,10.17,9.82,10.22,10.09,9.02,10.12,10.32,8.85,9.35,9.765,10.165,,,,,,,,,,,,,,,,,,,9.57,10.37
25-Apr-19,9.82,10.33,9.92,10.17,9.82,10.22,10.09,9.02,10.12,10.32,8.85,9.35,9.765,10.165,,,,,,,,,,,,,,,,,,,9.57,10.37
26-Apr-19,9.82,10.33,9.92,10.17,9.82,10.22,10.09,9.02,10.12,10.32,8.85,9.35,9.765,10.165,,,,,,,,,,,,,,,,,,,9.57,10.37
27-Apr-19,9.82,10.33,9.92,10.17,9.82,10.22,10.09,9.02,10.12,10.32,8.85,9.35,9.765,10.165,,,,,,,,,,,,,,,,,,,9.57,10.37
28-Apr-19,9.82,10.33,9.92,10.17,9.82,10.22,10.09,9.02,10.12,10.32,8.85,9.35,9.765,10.165,,,,,,,,,,,,,,,,,,,9.57,10.37
29-Apr-19,9.785,10.295,9.885,10.135,9.785,10.185,10.055,8.985,10.085,10.285,8.815,9.315,9.73,10.13,,,,,,,,,,,,,,,,,,,9.535,10.335
30-Apr-19,9.79,10.3,9.89,10.14,9.79,10.19,10.06,8.97,10.09,10.29,8.8,9.3,9.735,10.135,,,,,,,,,,,,,,,,,,,9.54,10.34
1-May-19,9.79,10.3,9.89,10.14,9.79,10.19,10.06,8.97,10.09,10.29,8.8,9.3,9.735,10.135,,,,,,,,,,,,,,,,,,,9.54,10.34
2-May-19,9.86,10.37,9.96,10.21,9.86,10.26,10.13,9.01,10.16,10.36,8.84,9.34,9.805,10.205,,,,,,,,,,,,,,,,,,,9.61,10.41
3-May-19,9.81,10.32,9.91,10.16,9.81,10.21,10.08,8.94,10.11,10.31,8.77,9.27,9.755,10.155,,,,,,,,,,,,,,,,,,,9.56,10.36
4-May-19,9.81,10.32,9.91,10.16,9.81,10.21,10.08,8.94,10.11,10.31,8.77,9.27,9.755,10.155,,,,,,,,,,,,,,,,,,,9.56,10.36
5-May-19,9.81,10.32,9.91,10.16,9.81,10.21,10.08,8.94,10.11,10.31,8.77,9.27,9.755,10.155,,,,,,,,,,,,,,,,,,,9.56,10.36
6-May-19,9.83,10.34,9.93,10.18,9.83,10.23,10.1,8.965,10.13,10.33,8.795,9.295,9.775,10.175,,,,,,,,,,,,,,,,,,,9.58,10.38
7-May-19,9.85,10.36,9.95,10.2,9.85,10.25,10.12,8.975,10.15,10.35,8.805,9.305,9.795,10.195,,,,,,,,,,,,,,,,,,,9.6,10.4
8-May-19,9.8,10.25,9.9,10.15,9.755,10.2,10.155,8.97,10.2,10.31,8.85,9.255,9.81,10.21,,,,,,,,,,,,,,,,,,,9.55,10.305
9-May-19,9.8,10.31,9.9,10.15,9.8,10.2,10.07,8.935,10.1,10.3,8.765,9.265,9.745,10.145,,,,,,,,,,,,,,,,,,,9.55,10.35
10-May-19,9.71,10.22,9.81,10.06,9.71,10.11,9.98,8.855,10.01,10.21,8.685,9.185,9.655,10.055,,,,,,,,,,,,,,,,,,,9.46,10.26
11-May-19,9.71,10.22,9.81,10.06,9.71,10.11,9.98,8.855,10.01,10.21,8.685,9.185,9.655,10.055,,,,,,,,,,,,,,,,,,,9.46,10.26
12-May-19,9.71,10.22,9.81,10.06,9.71,10.11,9.98,8.855,10.01,10.21,8.685,9.185,9.655,10.055,,,,,,,,,,,,,,,,,,,9.46,10.26
13-May-19,9.775,10.285,9.875,10.125,9.775,10.175,10.045,8.91,10.075,10.275,8.74,9.24,9.72,10.12,,,,,,,,,,,,,,,,,,,9.525,10.325
14-May-19,9.74,10.25,9.84,10.09,9.74,10.14,10.01,8.885,10.04,10.24,8.715,9.215,9.685,10.085,,,,,,,,,,,,,,,,,,,9.49,10.29
15-May-19,9.67,10.18,9.77,10.02,9.67,10.07,9.94,8.825,9.97,10.17,8.655,9.155,9.615,10.015,,,,,,,,,,,,,,,,,,,9.42,10.22
16-May-19,9.695,10.205,9.795,10.045,9.695,10.095,9.965,8.845,9.995,10.195,8.675,9.175,9.64,10.04,,,,,,,,,,,,,,,,,,,9.445,10.245
17-May-19,9.75,10.26,9.85,10.1,9.75,10.15,10.02,8.89,10.05,10.25,8.72,9.22,9.695,10.095,,,,,,,,,,,,,,,,,,,9.5,10.3
18-May-19,9.75,10.26,9.85,10.1,9.75,10.15,10.02,8.89,10.05,10.25,8.72,9.22,9.695,10.095,,,,,,,,,,,,,,,,,,,9.5,10.3
19-May-19,9.75,10.26,9.85,10.1,9.75,10.15,10.02,8.89,10.05,10.25,8.72,9.22,9.695,10.095,,,,,,,,,,,,,,,,,,,9.5,10.3
20-May-19,9.75,10.22,9.8,10.08,9.755,10.1,10.03,8.885,9.905,10.15,8.715,9.215,9.71,10.075,,,,,,,,,,,,,,,,,,,9.5,10.305
21-May-19,9.72,10.23,9.82,10.07,9.72,10.12,9.99,8.855,10.02,10.22,8.685,9.185,9.665,10.065,,,,,,,,,,,,,,,,,,,9.47,10.27
22-May-19,9.66,10.17,9.76,10.01,9.66,10.06,9.93,8.8,9.96,10.16,8.63,9.13,9.605,10.005,,,,,,,,,,,,,,,,,,,9.41,10.21
23-May-19,9.63,10.14,9.73,9.98,9.63,10.03,9.9,8.76,9.93,10.13,8.59,9.09,9.575,9.975,,,,,,,,,,,,,,,,,,,9.38,10.18
24-May-19,9.62,10.13,9.72,9.97,9.62,10.02,9.89,8.725,9.92,10.12,8.555,9.055,9.565,9.965,,,,,,,,,,,,,,,,,,,9.37,10.17
25-May-19,9.62,10.13,9.72,9.97,9.62,10.02,9.89,8.725,9.92,10.12,8.555,9.055,9.565,9.965,,,,,,,,,,,,,,,,,,,9.37,10.17
26-May-19,9.62,10.13,9.72,9.97,9.62,10.02,9.89,8.725,9.92,10.12,8.555,9.055,9.565,9.965,,,,,,,,,,,,,,,,,,,9.37,10.17
27-May-19,9.655,10.165,9.755,10.005,9.655,10.055,9.925,8.77,9.955,10.155,8.6,9.055,9.565,9.965,,,,,,,,,,,,,,,,,,,9.405,10.205
28-May-19,9.69,10.2,9.79,10.04,9.69,10.09,9.96,8.8,9.99,10.19,8.63,9.055,9.565,9.965,,,,,,,,,,,,,,,,,,,9.44,10.24
29-May-19,9.735,10.245,9.835,10.085,9.735,10.135,10.005,8.84,10.035,10.235,8.67,9.055,9.565,9.965,,,,,,,,,,,,,,,,,,,9.485,10.285
30-May-19,9.735,10.245,9.85,10.085,9.735,10.135,10.005,8.84,10.035,10.235,8.67,9.055,9.565,9.965,,,,,,,,,,,,,,,,,,,9.485,10.285
31-May-19,9.735,10.225,9.835,10.055,9.705,10.105,9.975,8.85,10.005,10.205,8.68,9.055,9.565,9.965,,,,,,,,,,,,,,,,,,,9.485,10.255
1-Jun-19,9.735,10.225,9.835,10.055,9.705,10.105,9.975,8.85,10.005,10.205,8.68,9.055,9.565,9.965,,,,,,,,,,,,,,,,,,,9.485,10.255
2-Jun-19,9.735,10.225,9.835,10.055,9.705,10.105,9.945,8.85,10.005,10.205,8.68,9.055,9.565,9.965,,,,,,,,,,,,,,,,,,,9.485,10.255
3-Jun-19,9.67,10.18,9.77,10.02,9.67,10.07,9.94,8.775,9.97,10.17,8.605,9.055,9.565,9.965,,,,,,,,,,,,,,,,,,,9.42,10.22
4-Jun-19,9.7,10.21,9.8,10.05,9.7,10.1,9.97,8.735,10,10.2,8.565,9.055,9.565,9.965,,,,,,,,,,,,,,,,,,,9.45,10.25
5-Jun-19,9.705,10.215,9.805,10.055,9.705,10.105,9.975,8.715,10.005,10.205,8.545,9.055,9.565,9.965,,,,,,,,,,,,,,,,,,,9.455,10.255
6-Jun-19,9.72,10.23,9.82,10.07,9.72,10.12,9.99,8.735,10.02,10.22,8.565,9.055,9.565,9.965,,,,,,,,,,,,,,,,,,,9.47,10.27
7-Jun-19,9.71,10.22,9.81,10.06,9.71,10.11,9.98,8.71,10.01,10.21,8.54,9.055,9.565,9.965,,,,,,,,,,,,,,,,,,,9.46,10.26
8-Jun-19,9.71,10.22,9.81,10.06,9.71,10.11,9.98,8.71,10.01,10.21,8.54,9.055,9.565,9.965,,,,,,,,,,,,,,,,,,,9.46,10.26
9-Jun-19,9.71,10.22,9.81,10.06,9.71,10.11,9.98,8.71,10.01,10.21,8.54,9.055,9.565,9.965,,,,,,,,,,,,,,,,,,,9.46,10.26
10-Jun-19,9.65,10.16,9.75,10,9.65,10.05,9.92,8.665,9.95,10.15,8.495,8.995,9.595,9.995,,,,,,,,,,,,,,,,,,,9.4,10.2
11-Jun-19,9.58,10.09,9.68,9.93,9.58,9.98,9.85,8.59,9.88,10.08,8.42,8.92,9.525,9.925,,,,,,,,,,,,,,,,,,,9.33,10.13
12-Jun-19,9.615,10.125,9.715,9.965,9.615,10.015,9.885,8.645,9.915,10.115,8.475,8.975,9.56,9.96,,,,,,,,,,,,,,,,,,,9.365,10.165
13-Jun-19,9.64,10.15,9.74,9.99,9.64,10.04,9.91,8.68,9.94,10.14,8.51,9.01,9.585,9.985,,,,,,,,,,,,,,,,,,,9.39,10.19
14-Jun-19,9.615,10.125,9.715,9.965,9.615,10.015,9.885,8.65,9.915,10.115,8.48,8.98,9.56,9.96,,,,,,,,,,,,,,,,,,,9.365,10.165
15-Jun-19,9.615,10.125,9.715,9.965,9.615,10.015,9.885,8.65,9.915,10.115,8.48,8.98,9.56,9.96,,,,,,,,,,,,,,,,,,,9.365,10.165
16-Jun-19,9.615,10.125,9.715,9.965,9.615,10.015,9.885,8.65,9.915,10.115,8.48,8.98,9.56,9.96,,,,,,,,,,,,,,,,,,,9.365,10.165
17-Jun-19,9.645,10.155,9.745,9.995,9.645,10.045,9.915,8.68,9.945,10.145,8.51,9.01,9.59,9.99,,,,,,,,,,,,,,,,,,,9.395,10.195
18-Jun-19,9.51,10.02,9.61,9.86,9.51,9.91,9.78,8.58,9.81,10.01,8.41,8.91,9.455,9.855,,,,,,,,,,,,,,,,,,,9.26,10.06
19-Jun-19,9.43,9.94,9.53,9.78,9.43,9.83,9.7,8.53,9.73,9.93,8.36,8.86,9.375,9.775,,,,,,,,,,,,,,,,,,,9.18,9.98
20-Jun-19,9.31,9.82,9.41,9.66,9.31,9.71,9.58,8.45,9.61,9.81,8.28,8.78,9.255,9.655,,,,,,,,,,,,,,,,,,,9.06,9.86
21-Jun-19,9.38,9.89,9.48,9.73,9.38,9.78,9.65,8.54,9.68,9.88,8.37,8.87,9.325,9.725,,,,,,,,,,,,,,,,,,,9.13,9.93
22-Jun-19,9.38,9.89,9.48,9.73,9.38,9.78,9.65,8.54,9.68,9.88,8.37,8.87,9.325,9.725,,,,,,,,,,,,,,,,,,,9.13,9.93
23-Jun-19,9.38,9.89,9.48,9.73,9.38,9.78,9.65,8.54,9.68,9.88,8.37,8.87,9.325,9.725,,,,,,,,,,,,,,,,,,,9.13,9.93
24-Jun-19,9.42,9.93,9.52,9.77,9.42,9.82,9.69,8.575,9.72,9.92,8.405,8.905,9.365,9.765,,,,,,,,,,,,,,,,,,,9.17,9.97
25-Jun-19,9.42,9.93,9.52,9.77,9.42,9.82,9.69,8.555,9.72,9.92,8.385,8.885,9.365,9.765,,,,,,,,,,,,,,,,,,,9.17,9.97
26-Jun-19,9.385,9.895,9.485,9.735,9.385,9.785,9.655,8.54,9.685,9.885,8.37,8.87,9.33,9.73,,,,,,,,,,,,,,,,,,,9.135,9.935
27-Jun-19,9.365,9.875,9.465,9.715,9.365,9.765,9.635,8.5,9.665,9.865,8.33,8.83,9.31,9.71,,,,,,,,,,,,,,,,,,,9.115,9.915
28-Jun-19,9.345,9.855,9.445,9.695,9.345,9.745,9.615,8.485,9.645,9.845,8.315,8.815,9.29,9.69,,,,,,,,,,,,,,,,,,,9.095,9.895
29-Jun-19,9.345,9.855,9.445,9.695,9.345,9.745,9.615,8.485,9.645,9.845,8.315,8.815,9.29,9.69,,,,,,,,,,,,,,,,,,,9.095,9.895
30-Jun-19,9.345,9.855,9.445,9.695,9.345,9.745,9.615,8.485,9.645,9.845,8.315,8.815,9.29,9.69,,,,,,,,,,,,,,,,,,,9.095,9.895
1-Jul-19,9.375,9.885,9.475,9.725,9.375,9.775,9.645,8.525,9.675,9.875,8.355,8.855,9.32,9.72,,,,,,,,,,,,,,,,,,,9.125,9.925
2-Jul-19,9.41,9.92,9.51,9.76,9.41,9.81,9.68,8.58,9.71,9.91,8.41,8.91,9.355,9.755,,,,,,,,,,,,,,,,,,,9.16,9.96
3-Jul-19,9.36,9.87,9.46,9.71,9.36,9.76,9.63,8.52,9.66,9.86,8.35,8.85,9.305,9.705,,,,,,,,,,,,,,,,,,,9.11,9.91
4-Jul-19,9.325,9.835,9.425,9.675,9.325,9.725,9.595,8.5,9.625,9.825,8.33,8.83,9.27,9.67,,,,,,,,,,,,,,,,,,,9.075,9.875
5-Jul-19,9.42,9.93,9.52,9.77,9.42,9.82,9.69,8.605,9.72,9.92,8.435,8.935,9.365,9.765,,,,,,,,,,,,,,,,,,,9.17,9.97
6-Jul-19,9.42,9.93,9.52,9.77,9.42,9.82,9.69,8.605,9.72,9.92,8.435,8.935,9.365,9.765,,,,,,,,,,,,,,,,,,,9.17,9.97
7-Jul-19,9.42,9.93,9.52,9.77,9.42,9.82,9.69,8.605,9.72,9.92,8.435,8.935,9.365,9.765,,,,,,,,,,,,,,,,,,,9.17,9.97
8-Jul-19,9.37,9.88,9.47,9.72,9.37,9.77,9.64,8.535,9.67,9.87,8.365,8.865,9.315,9.715,,,,,,,,,,,,,,,,,,,9.12,9.92
9-Jul-19,9.355,9.865,9.455,9.705,9.355,9.755,9.625,8.5,9.655,9.855,8.33,8.83,9.3,9.7,,,,,,,,,,,,,,,,,,,9.105,9.905
10-Jul-19,9.36,9.87,9.46,9.71,9.36,9.76,9.63,8.465,9.66,9.86,8.295,8.795,9.305,9.705,,,,,,,,,,,,,,,,,,,9.11,9.91
11-Jul-19,9.28,9.79,9.38,9.63,9.28,9.68,9.55,8.35,9.58,9.78,8.18,8.68,9.225,9.625,,,,,,,,,,,,,,,,,,,9.03,9.83
12-Jul-19,9.34,9.85,9.44,9.69,9.34,9.74,9.61,8.425,9.64,9.84,8.255,8.755,9.285,9.685,,,,,,,,,,,,,,,,,,,9.09,9.89
13-Jul-19,9.34,9.85,9.44,9.69,9.34,9.74,9.61,8.425,9.64,9.84,8.255,8.755,9.285,9.685,,,,,,,,,,,,,,,,,,,9.09,9.89
14-Jul-19,9.34,9.85,9.44,9.69,9.34,9.74,9.61,8.425,9.64,9.84,8.255,8.755,9.285,9.685,,,,,,,,,,,,,,,,,,,9.09,9.89
15-Jul-19,9.29,9.8,9.39,9.64,9.29,9.69,9.56,8.36,9.59,9.79,8.19,8.69,9.235,9.635,,,,,,,,,,,,,,,,,,,9.04,9.84
16-Jul-19,9.275,9.785,9.375,9.625,9.275,9.675,9.545,8.365,9.575,9.775,8.195,8.695,9.22,9.62,,,,,,,,,,,,,,,,,,,9.025,9.825
17-Jul-19,9.27,9.78,9.37,9.62,9.27,9.67,9.54,8.355,9.57,9.77,8.185,8.685,9.215,9.615,,,,,,,,,,,,,,,,,,,9.02,9.82
18-Jul-19,9.235,9.745,9.335,9.585,9.235,9.635,9.505,8.34,9.535,9.735,8.17,8.67,9.18,9.58,,,,,,,,,,,,,,,,,,,8.985,9.785
19-Jul-19,9.27,9.78,9.37,9.62,9.27,9.67,9.54,8.405,9.57,9.77,8.235,8.735,9.215,9.615,,,,,,,,,,,,,,,,,,,9.02,9.82
20-Jul-19,9.27,9.78,9.37,9.62,9.27,9.67,9.54,8.405,9.57,9.77,8.235,8.735,9.215,9.615,,,,,,,,,,,,,,,,,,,9.02,9.82
21-Jul-19,9.27,9.78,9.37,9.62,9.27,9.67,9.54,8.405,9.57,9.77,8.235,8.735,9.215,9.615,,,,,,,,,,,,,,,,,,,9.02,9.82
22-Jul-19,9.27,9.78,9.37,9.62,9.27,9.67,9.54,8.405,9.57,9.77,8.235,8.735,9.215,9.615,,,,,,,,,,,,,,,,,,,9.02,9.82
23-Jul-19,9.32,9.83,9.42,9.67,9.32,9.72,9.59,8.49,9.62,9.82,8.32,8.82,9.265,9.665,,,,,,,,,,,,,,,,,,,9.07,9.87
24-Jul-19,9.345,9.855,9.445,9.695,9.345,9.745,9.615,8.49,9.645,9.845,8.32,8.82,9.29,9.69,,,,,,,,,,,,,,,,,,,9.095,9.895
25-Jul-19,9.43,9.94,9.53,9.78,9.43,9.83,9.7,8.55,9.73,9.93,8.38,8.88,9.375,9.775,,,,,,,,,,,,,,,,,,,9.18,9.98
26-Jul-19,9.61,10.12,9.71,9.96,9.61,10.01,9.88,8.73,9.91,10.11,8.56,9.06,9.555,9.955,,,,,,,,,,,,,,,,,,,9.36,10.16
27-Jul-19,9.61,10.12,9.71,9.96,9.61,10.01,9.88,8.73,9.91,10.11,8.56,9.06,9.555,9.955,,,,,,,,,,,,,,,,,,,9.36,10.16
28-Jul-19,9.61,10.12,9.71,9.96,9.61,10.01,9.88,8.73,9.91,10.11,8.56,9.06,9.555,9.955,,,,,,,,,,,,,,,,,,,9.36,10.16
29-Jul-19,9.565,10.075,9.665,9.915,9.565,9.965,9.835,8.68,9.865,10.065,8.51,9.01,9.51,9.91,,,,,,,,,,,,,,,,,,,9.315,10.115
30-Jul-19,9.56,10.07,9.66,9.91,9.56,9.96,9.83,8.67,9.86,10.06,8.5,9,9.505,9.905,,,,,,,,,,,,,,,,,,,9.31,10.11
31-Jul-19,9.575,10.085,9.675,9.925,9.575,9.975,9.845,8.66,9.875,10.075,8.49,8.99,9.52,9.92,,,,,,,,,,,,,,,,,,,9.325,10.125
1-Aug-19,9.625,10.135,9.725,9.975,9.625,10.025,9.895,8.74,9.925,10.125,8.57,9.07,9.57,9.97,,,,,,,,,,,,,,,,,,,9.375,10.175
2-Aug-19,9.62,10.13,9.72,9.97,9.62,10.02,9.89,8.75,9.92,10.12,8.58,9.08,9.565,9.965,,,,,,,,,,,,,,,,,,,9.37,10.17
3-Aug-19,9.62,10.13,9.72,9.97,9.62,10.02,9.89,8.75,9.92,10.12,8.58,9.08,9.565,9.965,,,,,,,,,,,,,,,,,,,9.37,10.17
4-Aug-19,9.62,10.13,9.72,9.97,9.62,10.02,9.89,8.75,9.92,10.12,8.58,9.08,9.565,9.965,,,,,,,,,,,,,,,,,,,9.37,10.17
5-Aug-19,9.58,10.2,9.79,9.69,10.04,9.89,9.96,8.8,9.99,10.19,8.63,9.13,9.935,10.35,,,,,,,,,,,,,,,,,,,9.33,10.59
6-Aug-19,9.56,10.18,9.77,9.67,10.02,9.87,9.94,8.79,9.97,10.17,8.62,9.12,9.915,10.33,,,,,,,,,,,,,,,,,,,9.31,10.57
7-Aug-19,9.515,9.935,9.725,9.625,9.975,9.825,9.895,8.705,9.925,10.125,8.535,9.035,9.87,10.285,,,,,,,,,,,,,,,,,,,9.265,10.525
8-Aug-19,9.535,9.955,9.745,9.645,9.995,9.845,9.915,8.72,9.945,10.145,8.55,9.05,9.89,10.305,10,,,,,,,,,,,,,,,,,,9.285,10.545
9-Aug-19,9.535,9.955,9.75,9.66,9.99,9.85,9.92,8.715,9.95,10.15,8.575,9.45,9.895,10.3,10,,,,,,,,,,,,,,,,,,9.285,10.54
10-Aug-19,9.535,9.955,9.75,9.66,9.99,9.85,9.92,8.715,9.95,10.15,8.575,9.45,9.895,10.3,10,,,,,,,,,,,,,,,,,,9.285,10.54
11-Aug-19,9.535,9.955,9.75,9.66,9.99,9.85,9.92,8.715,9.95,10.15,8.575,9.45,9.895,10.3,10,,,,,,,,,,,,,,,,,,9.285,10.54
12-Aug-19,9.625,10.045,9.835,9.735,10.085,9.935,10.005,8.79,10.035,10.235,8.62,9.12,9.98,10.39,10.09,,,,,,,,,,,,,,,,,,9.375,10.635
13-Aug-19,9.55,9.97,9.76,9.66,10.01,9.86,9.93,8.7,9.96,10.16,8.53,9.03,9.905,10.315,10.015,,,,,,,,,,,,,,,,,,9.3,10.56
14-Aug-19,9.63,10.05,9.84,9.74,10.09,9.94,10.01,8.775,10.04,10.24,8.605,9.105,9.985,10.395,10.095,,,,,,,,,,,,,,,,,,9.38,10.64
15-Aug-19,9.58,10,9.79,9.69,10.04,9.89,9.96,8.725,9.99,10.19,8.555,9.055,9.935,10.345,10.045,,,,,,,,,,,,,,,,,,9.33,10.59
16-Aug-19,9.525,9.945,9.735,9.635,9.985,9.835,9.905,8.68,9.935,10.135,8.51,9.01,9.88,10.29,9.99,,,,,,,,,,,,,,,,,,9.275,10.535
17-Aug-19,9.525,9.945,9.735,9.635,9.985,9.835,9.905,8.68,9.935,10.135,8.51,9.01,9.88,10.29,9.99,,,,,,,,,,,,,,,,,,9.275,10.535
18-Aug-19,9.525,9.945,9.735,9.635,9.985,9.835,9.905,8.68,9.935,10.135,8.51,9.01,9.88,10.29,9.99,,,,,,,,,,,,,,,,,,9.275,10.535
19-Aug-19,9.57,9.99,9.78,9.68,10.03,9.88,9.95,8.73,9.98,10.18,8.56,9.06,9.925,10.335,10.035,,,,,,,,,,,,,,,,,,9.32,10.58
20-Aug-19,9.53,9.95,9.74,9.64,9.99,9.84,9.91,8.7,9.94,10.14,8.53,9.03,9.885,10.3,9.995,,,,,,,,,,,,,,,,,,9.28,10.54
21-Aug-19,9.41,9.83,9.62,9.52,9.87,9.72,9.79,8.575,9.82,10.02,8.405,8.905,9.765,10.18,9.875,,,,,,,,,,,,,,,,,,9.16,10.42
22-Aug-19,9.41,9.77,9.62,9.5,9.81,9.73,9.75,8.565,9.85,10,8.395,8.895,9.765,10.15,9.865,,,,,,,,,,,,,,,,,,9.16,10.36
23-Aug-19,9.415,9.835,9.625,9.525,9.875,9.725,9.795,8.575,9.825,10.025,8.405,8.905,9.77,10.185,9.88,,,,,,,,,,,,,,,,,,9.165,10.425
24-Aug-19,9.415,9.835,9.625,9.525,9.875,9.725,9.795,8.575,9.825,10.025,8.405,8.905,9.77,10.185,9.88,,,,,,,,,,,,,,,,,,9.165,10.425
25-Aug-19,9.415,9.835,9.625,9.525,9.875,9.725,9.795,8.575,9.825,10.025,8.405,8.905,9.77,10.185,9.88,,,,,,,,,,,,,,,,,,9.165,10.425
26-Aug-19,9.405,9.825,9.615,9.515,9.865,9.715,9.785,8.555,9.815,10.015,8.385,8.885,9.76,10.175,9.87,,,,,,,,,,,,,,,,,,9.155,10.415
27-Aug-19,9.38,9.8,9.59,9.49,9.84,9.69,9.76,8.525,9.79,9.99,8.355,8.855,9.735,10.15,9.845,,,,,,,,,,,,,,,,,,9.13,10.39
28-Aug-19,9.335,9.755,9.545,9.445,9.795,9.645,9.715,8.515,9.745,9.945,8.345,8.845,9.69,10.105,9.8,,,,,,,,,,,,,,,,,,9.085,10.345
29-Aug-19,9.335,9.755,9.545,9.445,9.795,9.645,9.715,8.515,9.745,9.945,8.345,8.845,9.69,10.105,9.8,,,,,,,,,,,,,,,,,,9.085,10.345
30-Aug-19,9.335,9.755,9.545,9.445,9.795,9.645,9.715,8.515,9.745,9.945,8.345,8.845,9.69,10.105,9.8,,,,,,,,,,,,,,,,,,9.085,10.345
31-Aug-19,9.335,9.755,9.545,9.445,9.795,9.645,9.715,8.515,9.745,9.945,8.345,8.845,9.69,10.105,9.8,,,,,,,,,,,,,,,,,,9.085,10.345
1-Sep-19,9.335,9.755,9.545,9.445,9.795,9.645,9.715,8.515,9.745,9.945,8.345,8.845,9.69,10.105,9.8,,,,,,,,,,,,,,,,,,9.085,10.345
2-Sep-19,9.335,9.755,9.545,9.445,9.795,9.645,9.715,8.515,9.745,9.945,8.345,8.845,9.69,10.105,9.8,,,,,,,,,,,,,,,,,,9.085,10.345
3-Sep-19,9.29,9.71,9.5,9.4,9.75,9.6,9.67,8.515,9.7,9.9,8.345,8.845,9.645,10.06,9.755,,,,,,,,,,,,,,,,,,9.04,10.3
4-Sep-19,9.235,9.655,9.445,9.345,9.695,9.545,9.615,8.48,9.645,9.845,8.31,8.81,9.59,10.005,9.7,,,,,,,,,,,,,,,,,,8.985,10.245
5-Sep-19,9.275,9.695,9.485,9.385,9.735,9.585,9.655,8.52,9.685,9.885,8.35,8.85,9.63,10.045,9.74,,,,,,,,,,,,,,,,,,9.025,10.285
6-Sep-19,9.275,9.695,9.485,9.385,9.735,9.585,9.655,8.52,9.685,9.885,8.35,8.85,9.63,10.045,9.74,,,,,,,,,,,,,,,,,,9.025,10.285
7-Sep-19,9.275,9.695,9.485,9.385,9.735,9.585,9.655,8.52,9.685,9.885,8.35,8.85,9.63,10.045,9.74,,,,,,,,,,,,,,,,,,9.025,10.285
8-Sep-19,9.275,9.695,9.485,9.385,9.735,9.585,9.655,8.52,9.685,9.885,8.35,8.85,9.63,10.045,9.74,,,,,,,,,,,,,,,,,,9.025,10.285
9-Sep-19,9.27,9.69,9.48,9.38,9.73,9.58,9.65,8.53,9.68,9.88,8.36,8.86,9.625,10.04,9.735,,,,,,,,,,,,,,,,,,9.02,10.28
10-Sep-19,9.275,9.695,9.485,9.385,9.735,9.585,9.655,8.535,9.685,9.885,8.365,8.865,9.63,10.045,9.74,,,,,,,,,,,,,,,,,,9.025,10.285
11-Sep-19,9.3,9.72,9.51,9.41,9.76,9.61,9.68,8.53,9.71,9.91,8.36,8.86,9.655,10.07,9.765,,,,,,,,,,,,,,,,,,9.05,10.31
12-Sep-19,9.245,9.665,9.455,9.355,9.705,9.555,9.625,8.48,9.655,9.855,8.31,8.81,9.6,10.015,9.71,,,,,,,,,,,,,,,,,,8.995,10.255
13-Sep-19,9.28,9.7,9.49,9.39,9.74,9.59,9.66,8.51,9.69,9.89,8.34,8.84,9.635,10.05,9.745,,,,,,,,,,,,,,,,,,9.03,10.29
14-Sep-19,9.28,9.7,9.49,9.39,9.74,9.59,9.66,8.51,9.69,9.89,8.34,8.84,9.635,10.05,9.745,,,,,,,,,,,,,,,,,,9.03,10.29
15-Sep-19,9.28,9.7,9.49,9.39,9.74,9.59,9.66,8.51,9.69,9.89,8.34,8.84,9.635,10.05,9.745,,,,,,,,,,,,,,,,,,9.03,10.29
16-Sep-19,9.355,9.775,9.565,9.465,9.815,9.665,9.735,8.56,9.765,9.965,8.39,8.89,9.71,10.125,9.82,,,,,,,,,,,,,,,,,,9.105,10.365
17-Sep-19,9.405,9.825,9.615,9.515,9.865,9.715,9.785,8.59,9.815,10.015,8.42,8.92,9.76,10.175,9.87,,,,,,,,,,,,,,,,,,9.155,10.415
18-Sep-19,9.365,9.785,9.575,9.475,9.825,9.675,9.745,8.565,9.775,9.975,8.395,8.895,9.72,10.135,9.83,,,,,,,,,,,,,,,,,,9.115,10.375
19-Sep-19,9.37,9.79,9.58,9.48,9.83,9.68,9.75,8.59,9.78,9.98,8.42,8.92,9.725,10.14,9.835,,,,,,,,,,,,,,,,,,9.12,10.38
20-Sep-19,9.435,9.855,9.645,9.545,9.895,9.745,9.815,8.655,9.845,10.045,8.485,8.985,9.79,10.205,9.9,,,,,,,,,,,,,,,,,,9.185,10.445
21-Sep-19,9.435,9.855,9.645,9.545,9.895,9.745,9.815,8.655,9.845,10.045,8.485,8.985,9.79,10.205,9.9,,,,,,,,,,,,,,,,,,9.185,10.445
22-Sep-19,9.435,9.855,9.645,9.545,9.895,9.745,9.815,8.655,9.845,10.045,8.485,8.985,9.79,10.205,9.9,,,,,,,,,,,,,,,,,,9.185,10.445
23-Sep-19,9.425,9.845,9.635,9.535,9.885,9.735,9.805,8.645,9.835,10.035,8.475,8.975,9.78,10.195,9.89,,,,,,,,,,,,,,,,,,9.175,10.435
24-Sep-19,9.235,9.655,9.445,9.345,9.78,9.735,9.615,8.48,9.645,9.845,8.31,8.81,9.59,10.005,9.7,,,,,,,,,,,,,,,,,,8.985,10.33
25-Sep-19,9.49,9.91,9.7,9.6,9.95,9.8,9.87,8.7,9.9,10.1,8.53,9.03,9.845,10.26,9.955,,,,,,,,,,,,,,,,,,9.24,10.5
26-Sep-19,9.45,9.87,9.66,9.56,9.91,9.76,9.83,8.66,9.86,10.06,8.49,8.99,9.805,10.22,9.915,,,,,,,,,,,,,,,,,,9.2,10.46
27-Sep-19,9.435,9.855,9.645,9.545,9.895,9.745,9.815,8.665,9.845,10.045,8.495,8.995,9.79,10.205,9.9,,,,,,,,,,,,,,,,,,9.185,10.445
28-Sep-19,9.435,9.855,9.645,9.545,9.895,9.745,9.815,8.665,9.845,10.045,8.495,8.995,9.79,10.205,9.9,,,,,,,,,,,,,,,,,,9.185,10.445
29-Sep-19,9.435,9.855,9.645,9.545,9.895,9.745,9.815,8.665,9.845,10.045,8.495,8.995,9.79,10.205,9.9,,,,,,,,,,,,,,,,,,9.185,10.445
30-Sep-19,9.48,9.9,9.69,9.59,9.94,9.79,9.86,8.7,9.89,10.09,8.53,9.03,9.835,10.25,9.945,,,,,,,,,,,,,,,,,,9.23,10.49
1-Oct-19,9.495,9.915,9.705,9.605,9.955,9.805,9.875,8.715,9.905,10.105,8.545,9.045,9.85,10.265,9.96,,,,,,,,,,,,,,,,,,9.245,10.505
2-Oct-19,9.42,9.84,9.63,9.53,9.88,9.73,9.8,8.655,9.83,10.03,8.485,8.985,9.775,10.19,9.885,,,,,,,,,,,,,,,,,,9.17,10.43
3-Oct-19,9.385,9.805,9.595,9.495,9.845,9.695,9.765,8.62,9.795,9.995,8.45,8.95,9.74,10.155,9.85,,,,,,,,,,,,,,,,,,9.135,10.395
4-Oct-19,9.315,9.735,9.525,9.425,9.775,9.625,9.695,8.53,9.725,9.925,8.36,8.86,9.67,10.085,9.78,,,,,,,,,,,,,,,,,,9.065,10.325
5-Oct-19,9.315,9.735,9.525,9.425,9.775,9.625,9.695,8.53,9.725,9.925,8.36,8.86,9.67,10.085,9.78,,,,,,,,,,,,,,,,,,9.065,10.325
6-Oct-19,9.315,9.735,9.525,9.425,9.775,9.625,9.695,8.53,9.725,9.925,8.36,8.86,9.67,10.085,9.78,,,,,,,,,,,,,,,,,,9.065,10.325
7-Oct-19,9.355,9.775,9.565,9.465,9.815,9.665,9.735,8.555,9.765,9.965,8.385,8.885,9.71,10.125,9.82,,,,,,,,,,,,,,,,,,9.105,10.365
8-Oct-19,9.42,9.84,9.63,9.53,9.88,9.73,9.8,8.615,9.83,10.03,8.445,8.945,9.775,10.19,9.885,,,,,,,,,,,,,,,,,,9.17,10.43
9-Oct-19,9.37,9.79,9.58,9.48,9.83,9.68,9.75,8.585,9.78,9.98,8.415,8.915,9.725,10.14,9.835,,,,,,,,,,,,,,,,,,9.12,10.38
10-Oct-19,9.365,9.785,9.575,9.475,9.825,9.675,9.745,8.565,9.775,9.975,8.395,8.895,9.72,10.135,9.83,,,,,,,,,,,,,,,,,,9.115,10.375
11-Oct-19,9.375,9.795,9.585,9.485,9.835,9.685,9.755,8.56,9.785,9.985,8.39,8.89,9.73,10.145,9.84,,,,,,,,,,,,,,,,,,9.125,10.385
12-Oct-19,9.375,9.795,9.585,9.485,9.835,9.685,9.755,8.56,9.785,9.985,8.39,8.89,9.73,10.145,9.84,,,,,,,,,,,,,,,,,,9.125,10.385
13-Oct-19,9.375,9.795,9.585,9.485,9.835,9.685,9.755,8.56,9.785,9.985,8.39,8.89,9.73,10.145,9.84,,,,,,,,,,,,,,,,,,9.125,10.385
14-Oct-19,9.365,9.785,9.575,9.475,9.825,9.675,9.745,8.555,9.775,9.975,8.385,8.885,9.72,10.135,9.83,,,,,,,,,,,,,,,,,,9.115,10.375
15-Oct-19,9.37,9.79,9.58,9.48,9.83,9.68,9.75,8.56,9.78,9.98,8.39,8.89,9.725,10.14,9.835,,,,,,,,,,,,,,,,,,9.12,10.38
16-Oct-19,9.405,9.825,9.615,9.515,9.865,9.715,9.785,8.59,9.815,10.015,8.42,8.92,9.76,10.175,9.87,,,,,,,,,,,,,,,,,,9.155,10.415
17-Oct-19,9.4,9.82,9.61,9.51,9.86,9.71,9.78,8.555,9.81,10.01,8.385,8.885,9.755,10.17,9.865,,,,,,,,,,,,,,,,,,9.15,10.41
18-Oct-19,9.375,9.795,9.585,9.485,9.835,9.685,9.755,8.56,9.785,9.985,8.39,8.89,9.73,10.145,9.84,,,,,,,,,,,,,,,,,,9.125,10.385
19-Oct-19,9.375,9.795,9.585,9.485,9.835,9.685,9.755,8.56,9.785,9.985,8.39,8.89,9.73,10.145,9.84,,,,,,,,,,,,,,,,,,9.125,10.385
20-Oct-19,9.375,9.795,9.585,9.485,9.835,9.685,9.755,8.56,9.785,9.985,8.39,8.89,9.73,10.145,9.84,,,,,,,,,,,,,,,,,,9.125,10.385
21-Oct-19,9.415,9.835,9.625,9.525,9.875,9.725,9.795,8.585,9.825,10.025,8.415,8.915,9.77,10.185,9.88,,,,,,,,,,,,,,,,,,9.165,10.425
22-Oct-19,9.345,9.765,9.555,9.455,9.805,9.655,9.725,8.535,9.755,9.955,8.365,8.865,9.7,10.115,9.81,,,,,,,,,,,,,,,,,,9.095,10.355
23-Oct-19,9.345,9.765,9.555,9.455,9.805,9.655,9.725,8.495,9.755,9.955,8.325,8.825,9.7,10.115,9.81,,,,,,,,,,,,,,,,,,9.095,10.355
24-Oct-19,9.34,9.76,9.55,9.45,9.8,9.65,9.72,8.52,9.75,9.95,8.35,8.85,9.695,10.11,9.805,,,,,,,,,,,,,,,,,,9.09,10.35
25-Oct-19,9.31,9.73,9.52,9.42,9.77,9.62,9.69,8.505,9.72,9.92,8.335,8.835,9.665,10.08,9.775,,,,,,,,,,,,,,,,,,9.06,10.32
26-Oct-19,9.31,9.73,9.52,9.42,9.77,9.62,9.69,8.505,9.72,9.92,8.335,8.835,9.665,10.08,9.775,,,,,,,,,,,,,,,,,,9.06,10.32
27-Oct-19,9.31,9.73,9.52,9.42,9.77,9.62,9.69,8.505,9.72,9.92,8.335,8.835,9.665,10.08,9.775,,,,,,,,,,,,,,,,,,9.06,10.32
28-Oct-19,9.31,9.73,9.52,9.42,9.77,9.62,9.69,8.505,9.72,9.92,8.335,8.835,9.665,10.08,9.775,,,,,,,,,,,,,,,,,,9.06,10.32
29-Oct-19,9.335,9.755,9.545,9.445,9.795,9.645,9.715,8.55,9.745,9.945,8.38,8.88,9.69,10.105,9.8,,,,,,,,,,,,,,,,,,9.085,10.345
30-Oct-19,9.565,9.985,9.775,9.675,10.025,9.875,9.945,8.77,9.975,10.175,8.6,9.1,9.92,10.335,10.03,,,,,,,,,,,,,,,,,,9.315,10.575
31-Oct-19,9.635,10.055,9.845,9.745,10.095,9.945,10.015,8.78,10.045,10.245,8.61,9.45,9.956,10.368,10.1,,,,,,,,,,,,,,,,,,9.385,10.645
1-Nov-19,9.715,10.135,9.925,9.825,10.175,10.025,10.095,8.85,10.125,10.325,8.68,9.38,10.07,10.385,10.18,,,,,,,,,,,,,,,,,,9.465,10.725
2-Nov-19,9.715,10.135,9.925,9.825,10.175,10.025,10.095,8.85,10.125,10.325,8.68,9.38,10.07,10.385,10.18,,,,,,,,,,,,,,,,,,9.465,10.725
3-Nov-19,9.715,10.135,9.925,9.825,10.175,10.025,10.095,8.85,10.125,10.325,8.68,9.38,10.07,10.385,10.18,,,,,,,,,,,,,,,,,,9.465,10.725
4-Nov-19,9.55,9.97,9.76,9.66,10.01,9.86,9.93,8.69,9.96,10.16,8.52,9.02,9.905,10.32,10.015,,,,,,,,,,,,,,,,,,9.3,10.56
5-Nov-19,9.535,9.955,9.745,9.645,9.995,9.845,9.915,8.68,9.945,10.145,8.51,9.01,9.89,10.305,10,,,,,,,,,,,,,,,,,,9.285,10.545
6-Nov-19,9.56,9.98,9.77,9.67,10.02,9.87,9.94,8.685,9.97,10.17,8.515,9.015,9.915,10.33,10.025,,,,,,,,,,,,,,,,,,9.31,10.57
7-Nov-19,9.555,9.975,9.765,9.665,10.015,9.865,9.935,8.695,9.965,10.165,8.525,9.025,9.91,10.325,10.02,,,,,,,,,,,,,,,,,,9.305,10.565
8-Nov-19,9.615,10.035,9.825,9.725,10.075,9.925,9.995,8.745,10.025,10.225,8.575,9.075,9.97,10.385,10.08,,,,,,,,,,,,,,,,,,9.365,10.625
9-Nov-19,9.615,10.035,9.825,9.725,10.075,9.925,9.995,8.745,10.025,10.225,8.575,9.075,9.97,10.385,10.08,,,,,,,,,,,,,,,,,,9.365,10.625
10-Nov-19,9.615,10.035,9.825,9.725,10.075,9.925,9.995,8.745,10.025,10.225,8.575,9.075,9.97,10.385,10.08,,,,,,,,,,,,,,,,,,9.365,10.625
11-Nov-19,9.635,10.055,9.845,9.745,10.095,9.945,10.015,8.74,10.045,10.245,8.57,9.07,9.99,10.405,10.1,,,,,,,,,,,,,,,,,,9.385,10.645
12-Nov-19,9.61,10.03,9.82,9.72,10.07,9.92,9.99,8.715,10.02,10.22,8.545,9.045,9.965,10.38,10.075,,,,,,,,,,,,,,,,,,9.36,10.62
13-Nov-19,9.595,10.015,9.805,9.705,10.055,9.905,9.975,8.685,10.005,10.205,8.515,9.015,9.95,10.365,10.06,,,,,,,,,,,,,,,,,,9.345,10.605
14-Nov-19,9.575,9.995,9.785,9.685,10.035,9.885,9.955,8.655,9.985,10.185,8.485,8.985,9.93,10.345,10.04,,,,,,,,,,,,,,,,,,9.325,10.585
15-Nov-19,9.515,9.935,9.725,9.625,9.975,9.825,9.895,8.61,9.925,10.125,8.44,8.94,9.87,10.285,9.98,,,,,,,,,,,,,,,,,,9.265,10.525
16-Nov-19,9.515,9.935,9.725,9.625,9.975,9.825,9.895,8.61,9.925,10.125,8.44,8.94,9.87,10.285,9.98,,,,,,,,,,,,,,,,,,9.265,10.525
17-Nov-19,9.515,9.935,9.725,9.625,9.975,9.825,9.895,8.61,9.925,10.125,8.44,8.94,9.87,10.285,9.98,,,,,,,,,,,,,,,,,,9.265,10.525
18-Nov-19,9.535,9.905,9.745,9.645,9.995,9.845,9.915,8.63,9.945,10.145,8.46,8.96,9.89,10.305,10,,,,,,,,,,,,,,,,,,9.285,10.545
19-Nov-19,9.51,9.93,9.72,9.62,9.97,9.82,9.89,8.58,9.92,10.12,8.41,8.91,9.865,10.28,9.975,,,,,,,,,,,,,,,,,,9.26,10.52
20-Nov-19,9.455,9.875,9.665,9.565,9.915,9.765,9.835,8.555,9.865,10.065,8.385,8.885,9.81,10.225,9.92,,,,,,,,,,,,,,,,,,9.205,10.465
21-Nov-19,9.465,9.885,9.675,9.575,9.925,9.775,9.845,8.585,9.875,10.075,8.415,8.915,9.82,10.235,9.93,,,,,,,,,,,,,,,,,,9.215,10.475
22-Nov-19,9.55,9.97,9.76,9.66,10.01,9.86,9.93,8.67,9.96,10.16,8.5,9,9.905,10.32,10.015,,,,,,,,,,,,,,,,,,9.3,10.56
23-Nov-19,9.55,9.97,9.76,9.66,10.01,9.86,9.93,8.67,9.96,10.16,8.5,9,9.905,10.32,10.015,,,,,,,,,,,,,,,,,,9.3,10.56
24-Nov-19,9.55,9.97,9.76,9.66,10.01,9.86,9.93,8.67,9.96,10.16,8.5,9,9.905,10.32,10.015,,,,,,,,,,,,,,,,,,9.3,10.56
25-Nov-19,9.61,10.03,9.82,9.72,10.07,9.92,9.99,8.735,10.02,10.22,8.565,9.065,9.965,10.38,10.075,,,,,,,,,,,,,,,,,,9.36,10.62
26-Nov-19,9.605,10.025,9.815,9.715,10.065,9.915,9.985,8.705,10.015,10.215,8.535,9.035,9.96,10.375,10.07,,,,,,,,,,,,,,,,,,9.355,10.615
27-Nov-19,9.57,9.99,9.78,9.68,10.03,9.88,9.95,8.695,9.98,10.18,8.525,9.025,9.925,10.34,10.035,,,,,,,,,,,,,,,,,,9.32,10.58
28-Nov-19,9.615,10.035,9.825,9.725,10.075,9.925,9.995,8.72,10.025,10.225,8.55,9.05,9.97,10.385,10.08,,,,,,,,,,,,,,,,,,9.365,10.625
29-Nov-19,9.595,10.015,9.805,9.705,10.055,9.905,9.975,8.695,10.005,10.205,8.525,9.025,9.95,10.365,10.06,,,,,,,,,,,,,,,,,,9.345,10.605
30-Nov-19,9.595,10.015,9.805,9.705,10.055,9.905,9.975,8.695,10.005,10.205,8.525,9.025,9.95,10.365,10.06,,,,,,,,,,,,,,,,,,9.345,10.605
1-Dec-19,9.595,10.015,9.805,9.705,10.055,9.905,9.975,8.695,10.005,10.205,8.525,9.025,9.95,10.365,10.06,,,,,,,,,,,,,,,,,,9.345,10.605
2-Dec-19,9.61,10.03,9.82,9.72,10.07,9.92,9.99,8.71,10.02,10.22,8.54,9.04,9.965,10.38,10.075,,,,,,,,,,,,,,,,,,9.36,10.62
3-Dec-19,9.615,10.035,9.825,9.725,10.075,9.925,9.995,8.7,10.025,10.225,8.53,9.03,9.97,10.385,10.08,,,,,,,,,,,,,,,,,,9.365,10.625
4-Dec-19,9.57,9.99,9.78,9.68,10.03,9.88,9.95,8.65,9.98,10.18,8.48,8.98,9.925,10.34,10.035,,,,,,,,,,,,,,,,,,9.32,10.58
5-Dec-19,9.575,9.995,9.785,9.685,10.035,9.885,9.955,8.605,9.985,10.185,8.435,8.935,9.93,10.345,10.04,,,,,,,,,,,,,,,,,,9.325,10.585
6-Dec-19,9.55,9.97,9.76,9.66,10.01,9.86,9.93,8.595,9.96,10.16,8.425,8.925,9.905,10.32,10.015,,,,,,,,,,,,,,,,,,9.3,10.56
7-Dec-19,9.55,9.97,9.76,9.66,10.01,9.86,9.93,8.595,9.96,10.16,8.425,8.925,9.905,10.32,10.015,,,,,,,,,,,,,,,,,,9.3,10.56
8-Dec-19,9.55,9.97,9.76,9.66,10.01,9.86,9.93,8.595,9.96,10.16,8.425,8.925,9.905,10.32,10.015,,,,,,,,,,,,,,,,,,9.3,10.56
9-Dec-19,9.51,9.93,9.72,9.62,9.97,9.82,9.89,8.555,9.92,10.12,8.385,8.885,9.865,10.28,9.975,,,,,,,,,,,,,,,,,,9.26,10.52
10-Dec-19,9.563,9.983,9.773,9.673,10.023,9.873,9.943,8.57,9.973,10.173,8.4,8.9,9.918,10.333,10.028,,,,,,,,,,,,,,,,,,9.313,10.573
11-Dec-19,9.525,9.945,9.735,9.635,9.985,9.835,9.905,8.54,9.935,10.135,8.37,8.87,9.88,10.295,9.99,,,,,,,,,,,,,,,,,,9.275,10.535
12-Dec-19,9.475,9.895,9.685,9.585,9.935,9.785,9.855,8.51,9.885,10.085,8.34,8.84,9.83,10.245,9.94,,,,,,,,,,,,,,,,,,9.225,10.485
13-Dec-19,9.445,9.865,9.655,9.555,9.905,9.755,9.825,8.49,9.855,10.055,8.32,8.82,9.8,10.215,9.91,,,,,,,,,,,,,,,,,,9.195,10.455
14-Dec-19,9.445,9.865,9.655,9.555,9.905,9.755,9.825,8.49,9.855,10.055,8.32,8.82,9.8,10.215,9.91,,,,,,,,,,,,,,,,,,9.195,10.455
15-Dec-19,9.445,9.865,9.655,9.555,9.905,9.755,9.825,8.49,9.855,10.055,8.32,8.82,9.8,10.215,9.91,,,,,,,,,,,,,,,,,,9.195,10.455
16-Dec-19,9.445,9.865,9.655,9.555,9.905,9.755,9.825,8.49,9.855,10.055,8.32,8.82,9.8,10.215,9.91,,,,,,,,,,,,,,,,,,9.195,10.455
17-Dec-19,9.43,9.85,9.64,9.54,9.89,9.74,9.81,8.48,9.84,10.04,8.31,8.81,9.785,10.2,9.895,,,,,,,,,,,,,,,,,,9.18,10.44
18-Dec-19,9.425,9.845,9.635,9.535,9.885,9.735,9.805,8.505,9.835,10.035,8.335,8.835,9.78,10.195,9.89,,,,,,,,,,,,,,,,,,9.175,10.435
19-Dec-19,9.42,9.84,9.63,9.53,9.88,9.73,9.8,8.5,9.83,10.03,8.33,8.83,9.775,10.19,9.885,,,,,,,,,,,,,,,,,,9.17,10.43
20-Dec-19,9.385,9.805,9.595,9.495,9.845,9.695,9.765,8.46,9.795,9.995,8.29,8.79,9.74,10.155,9.85,,,,,,,,,,,,,,,,,,9.135,10.395
21-Dec-19,9.385,9.805,9.595,9.495,9.845,9.695,9.765,8.46,9.795,9.995,8.29,8.79,9.74,10.155,9.85,,,,,,,,,,,,,,,,,,9.135,10.395
22-Dec-19,9.385,9.805,9.595,9.495,9.845,9.695,9.765,8.46,9.795,9.995,8.29,8.79,9.74,10.155,9.85,,,,,,,,,,,,,,,,,,9.135,10.395
23-Dec-19,9.38,9.8,9.59,9.49,9.84,9.69,9.76,8.445,9.79,9.99,8.275,8.775,9.735,10.15,9.845,,,,,,,,,,,,,,,,,,9.13,10.39
24-Dec-19,9.365,9.785,9.575,9.475,9.825,9.675,9.745,8.425,9.775,9.975,8.255,8.755,9.72,10.135,9.83,,,,,,,,,,,,,,,,,,9.115,10.375
25-Dec-19,9.365,9.785,9.575,9.475,9.825,9.675,9.745,8.425,9.775,9.975,8.255,8.755,9.72,10.135,9.83,,,,,,,,,,,,,,,,,,9.115,10.375
26-Dec-19,9.365,9.785,9.575,9.475,9.825,9.675,9.745,8.425,9.775,9.975,8.255,8.755,9.72,10.135,9.83,,,,,,,,,,,,,,,,,,9.115,10.375
27-Dec-19,9.305,9.725,9.515,9.415,9.765,9.615,9.685,8.42,9.715,9.915,8.25,8.75,9.66,10.075,9.77,,,,,,,,,,,,,,,,,,9.055,10.315
28-Dec-19,9.305,9.725,9.515,9.415,9.765,9.615,9.685,8.42,9.715,9.915,8.25,8.75,9.66,10.075,9.77,,,,,,,,,,,,,,,,,,9.055,10.315
29-Dec-19,9.305,9.725,9.515,9.415,9.765,9.615,9.685,8.42,9.715,9.915,8.25,8.75,9.66,10.075,9.77,,,,,,,,,,,,,,,,,,9.055,10.315
30-Dec-19,9.38,9.8,9.59,9.49,9.84,9.69,9.76,8.495,9.79,9.99,8.325,8.825,9.735,10.15,9.845,,,,,,,,,,,,,,,,,,9.13,10.39
31-Dec-19,9.395,9.815,9.605,9.505,9.855,9.705,9.775,8.485,9.805,10.005,8.315,8.815,9.75,10.165,9.86,,,,,,,,,,,,,,,,,,9.145,10.405
1-Jan-20,9.395,9.815,9.605,9.505,9.855,9.705,9.775,8.485,9.805,10.005,8.315,8.815,9.75,10.165,9.86,,,,,,,,,,,,,,,,,,9.145,10.405
2-Jan-20,9.35,9.77,9.56,9.46,9.81,9.66,9.73,8.47,9.76,9.96,8.3,8.8,9.705,10.12,9.815,,,,,,,,,,,,,,,,,,9.1,10.36
3-Jan-20,9.4,9.82,9.61,9.51,9.86,9.71,9.78,8.505,9.81,10.01,8.335,8.835,9.755,10.17,9.865,,,,,,,,,,,,,,,,,,9.15,10.41
4-Jan-20,9.4,9.82,9.61,9.51,9.86,9.71,9.78,8.505,9.81,10.01,8.335,8.835,9.755,10.17,9.865,,,,,,,,,,,,,,,,,,9.15,10.41
5-Jan-20,9.4,9.82,9.61,9.51,9.86,9.71,9.78,8.505,9.81,10.01,8.335,8.835,9.755,10.17,9.865,,,,,,,,,,,,,,,,,,9.15,10.41
6-Jan-20,9.39,9.81,9.6,9.5,9.85,9.7,9.77,8.48,9.8,10,8.31,8.81,9.745,10.16,9.855,,,,,,,,,,,,,,,,,,9.14,10.4
7-Jan-20,9.405,9.825,9.615,9.515,9.865,9.715,9.785,8.48,9.815,10.015,8.31,8.81,9.76,10.175,9.87,,,,,,,,,,,,,,,,,,9.155,10.415
8-Jan-20,9.39,9.81,9.6,9.5,9.85,9.7,9.77,8.465,9.8,10,8.295,8.795,9.745,10.16,9.855,,,,,,,,,,,,,,,,,,9.14,10.4
9-Jan-20,9.375,9.795,9.585,9.485,9.835,9.685,9.755,8.45,9.785,9.985,8.28,8.78,9.73,10.145,9.84,,,,,,,,,,,,,,,,,,9.125,10.385
10-Jan-20,9.36,9.78,9.57,9.47,9.82,9.67,9.74,8.395,9.77,9.97,8.225,8.725,9.715,10.13,9.825,,,,,,,,,,,,,,,,,,9.11,10.37
11-Jan-20,9.36,9.78,9.57,9.47,9.82,9.67,9.74,8.395,9.77,9.97,8.225,8.725,9.715,10.13,9.825,,,,,,,,,,,,,,,,,,9.11,10.37
12-Jan-20,9.36,9.78,9.57,9.47,9.82,9.67,9.74,8.395,9.77,9.97,8.225,8.725,9.715,10.13,9.825,,,,,,,,,,,,,,,,,,9.11,10.37
13-Jan-20,9.42,9.84,9.63,9.53,9.88,9.73,9.8,8.45,9.83,10.03,8.28,8.78,9.775,10.19,9.885,,,,,,,,,,,,,,,,,,9.17,10.43
14-Jan-20,9.4,9.82,9.61,9.51,9.86,9.71,9.78,8.42,9.81,10.01,8.25,8.75,9.755,10.17,9.865,,,,,,,,,,,,,,,,,,9.15,10.41
15-Jan-20,9.405,9.825,9.615,9.515,9.865,9.715,9.785,8.405,9.815,10.015,8.235,8.735,9.76,10.17,9.87,,,,,,,,,,,,,,,,,,9.155,10.415
16-Jan-20,9.335,9.755,9.545,9.445,9.795,9.645,9.715,8.31,9.745,9.945,8.14,8.64,9.69,10.105,9.8,,,,,,,,,,,,,,,,,,9.085,10.345
17-Jan-20,9.32,9.74,9.53,9.43,9.78,9.63,9.7,8.305,9.73,9.93,8.135,8.635,9.675,10.09,9.785,,,,,,,,,,,,,,,,,,9.07,10.33
18-Jan-20,9.32,9.74,9.53,9.43,9.78,9.63,9.7,8.305,9.73,9.93,8.135,8.635,9.675,10.09,9.785,,,,,,,,,,,,,,,,,,9.07,10.33
19-Jan-20,9.32,9.74,9.53,9.43,9.78,9.63,9.7,8.305,9.73,9.93,8.135,8.635,9.675,10.09,9.785,,,,,,,,,,,,,,,,,,9.07,10.33
20-Jan-20,9.29,9.71,9.5,9.4,9.75,9.6,9.67,8.25,9.7,9.9,8.08,8.58,9.645,10.06,9.755,,,,,,,,,,,,,,,,,,9.04,10.3
21-Jan-20,9.28,9.7,9.49,9.39,9.74,9.59,9.66,8.215,9.69,9.89,8.045,8.545,9.635,10.05,9.745,,,,,,,,,,,,,,,,,,9.03,10.29
22-Jan-20,9.275,9.695,9.485,9.385,9.735,9.585,9.655,8.19,9.685,9.885,8.02,8.52,9.63,10.045,9.74,,,,,,,,,,,,,,,,,,9.025,10.285
23-Jan-20,9.275,9.695,9.485,9.385,9.735,9.585,9.655,8.215,9.685,9.885,8.045,8.545,9.63,10.045,9.74,,,,,,,,,,,,,,,,,,9.025,10.285
24-Jan-20,9.235,9.655,9.445,9.345,9.695,9.545,9.615,8.14,9.645,9.845,7.97,8.47,9.59,10.005,9.7,,,,,,,,,,,,,,,,,,8.985,10.245
25-Jan-20,9.235,9.655,9.445,9.345,9.695,9.545,9.615,8.14,9.645,9.845,7.97,8.47,9.59,10.005,9.7,,,,,,,,,,,,,,,,,,8.985,10.245
26-Jan-20,9.235,9.655,9.445,9.345,9.695,9.545,9.615,8.14,9.645,9.845,7.97,8.47,9.59,10.005,9.7,,,,,,,,,,,,,,,,,,8.985,10.245
27-Jan-20,9.255,9.675,9.465,9.365,9.715,9.565,9.635,8.115,9.665,9.865,7.945,8.445,9.61,10.025,9.72,,,,,,,,,,,,,,,,,,9.005,10.265
28-Jan-20,9.225,9.645,9.435,9.335,9.685,9.535,9.605,8.05,9.635,9.835,7.88,8.38,9.58,9.995,9.69,,,,,,,,,,,,,,,,,,8.975,10.235
29-Jan-20,9.165,9.585,9.375,9.275,9.625,9.475,9.545,8.01,9.575,9.775,7.84,8.34,9.52,9.935,9.63,,,,,,,,,,,,,,,,,,8.915,10.175
30-Jan-20,9.18,9.6,9.39,9.29,9.64,9.49,9.56,8.01,9.59,9.79,7.84,8.34,9.535,9.95,9.645,,,,,,,,,,,,,,,,,,8.93,10.19
31-Jan-20,9.16,9.58,9.37,9.27,9.62,9.47,9.54,7.92,9.57,9.77,7.75,8.25,9.515,9.93,9.625,,,,,,,,,,,,,,,,,,8.91,10.17
1-Feb-20,9.16,9.58,9.37,9.27,9.62,9.47,9.54,7.92,9.57,9.77,7.75,8.25,9.515,9.93,9.625,,,,,,,,,,,,,,,,,,8.91,10.17
2-Feb-20,9.16,9.58,9.37,9.27,9.62,9.47,9.54,7.92,9.57,9.77,7.75,8.25,9.515,9.93,9.625,,,,,,,,,,,,,,,,,,8.91,10.17
3-Feb-20,9.09,9.51,9.3,9.2,9.55,9.4,9.47,7.82,9.5,9.7,7.65,8.15,9.445,9.86,9.555,,,,,,,,,,,,,,,,,,8.84,10.1
4-Feb-20,9.085,9.505,9.295,9.195,9.545,9.395,9.465,7.84,9.495,9.695,7.67,8.17,9.44,9.855,9.55,,,,,,,,,,,,,,,,,,8.835,10.095
5-Feb-20,9.065,9.485,9.275,9.175,9.525,9.375,9.445,7.805,9.475,9.675,7.635,8.135,9.42,9.835,9.53,,,,,,,,,,,,,,,,,,8.815,10.075
6-Feb-20,9.05,9.47,9.26,9.16,9.51,9.36,9.43,7.855,9.46,9.66,7.685,8.185,9.405,9.82,9.515,,,,,,,,,,,,,,,,,,8.8,10.06
7-Feb-20,9.13,9.55,9.34,9.24,9.59,9.44,9.51,7.915,9.54,9.74,7.745,8.245,9.485,9.9,9.595,,,,,,,,,,,,,,,,,,8.88,10.14
8-Feb-20,9.13,9.55,9.34,9.24,9.59,9.44,9.51,7.915,9.54,9.74,7.745,8.245,9.485,9.9,9.595,,,,,,,,,,,,,,,,,,8.88,10.14
9-Feb-20,9.13,9.55,9.34,9.24,9.59,9.44,9.51,7.915,9.54,9.74,7.745,8.245,9.485,9.9,9.595,,,,,,,,,,,,,,,,,,8.88,10.14
10-Feb-20,9.17,9.59,9.38,9.28,9.63,9.48,9.55,7.925,9.58,9.78,7.755,8.255,9.525,9.94,9.635,,,,,,,,,,,,,,,,,,8.92,10.18
11-Feb-20,9.105,9.525,9.315,9.215,9.565,9.415,9.485,7.88,9.515,9.715,7.71,8.21,9.46,9.875,9.57,,,,,,,,,,,,,,,,,,8.855,10.115
12-Feb-20,9.115,9.535,9.325,9.225,9.575,9.425,9.495,7.905,9.525,9.725,7.735,8.235,9.47,9.885,9.58,,,,,,,,,,,,,,,,,,8.865,10.125
13-Feb-20,9.125,9.545,9.335,9.235,9.585,9.435,9.505,7.91,9.535,9.735,7.74,8.24,9.48,9.895,9.59,,,,,,,,,,,,,,,,,,8.875,10.135
14-Feb-20,9.1,9.52,9.31,9.21,9.56,9.41,9.48,7.89,9.51,9.71,7.72,8.22,9.455,9.87,9.565,,,,,,,,,,,,,,,,,,8.85,10.11
15-Feb-20,9.1,9.52,9.31,9.21,9.56,9.41,9.48,7.89,9.51,9.71,7.72,8.22,9.455,9.87,9.565,,,,,,,,,,,,,,,,,,8.85,10.11
16-Feb-20,9.1,9.52,9.31,9.21,9.56,9.41,9.48,7.89,9.51,9.71,7.72,8.22,9.455,9.87,9.565,,,,,,,,,,,,,,,,,,8.85,10.11
17-Feb-20,9.13,9.55,9.34,9.24,9.59,9.44,9.51,7.9,9.54,9.74,7.73,8.23,9.485,9.9,9.595,,,,,,,,,,,,,,,,,,8.88,10.14
18-Feb-20,9.145,9.565,9.355,9.255,9.605,9.455,9.525,7.91,9.555,9.755,7.74,8.24,9.5,9.915,9.61,,,,,,,,,,,,,,,,,,8.895,10.155
19-Feb-20,9.115,9.535,9.325,9.225,9.575,9.425,9.495,7.86,9.525,9.725,7.69,8.19,9.47,9.885,9.58,,,,,,,,,,,,,,,,,,8.865,10.125
20-Feb-20,9.075,9.495,9.285,9.185,9.535,9.385,9.455,7.78,9.485,9.685,7.61,8.11,9.43,9.845,9.54,,,,,,,,,,,,,,,,,,8.825,10.085
21-Feb-20,9.05,9.47,9.26,9.16,9.51,9.36,9.43,7.72,9.46,9.66,7.55,8.05,9.405,9.82,9.515,,,,,,,,,,,,,,,,,,8.8,10.06
22-Feb-20,9.05,9.47,9.26,9.16,9.51,9.36,9.43,7.72,9.46,9.66,7.55,8.05,9.405,9.82,9.515,,,,,,,,,,,,,,,,,,8.8,10.06
23-Feb-20,9.05,9.47,9.26,9.16,9.51,9.36,9.43,7.72,9.46,9.66,7.55,8.05,9.405,9.82,9.515,,,,,,,,,,,,,,,,,,8.8,10.06
24-Feb-20,9.04,9.46,9.25,9.15,9.5,9.35,9.42,7.725,9.45,9.65,7.555,8.055,9.395,9.81,9.505,,,,,,,,,,,,,,,,,,8.79,10.05
25-Feb-20,9.005,9.425,9.215,9.115,9.465,9.315,9.385,7.71,9.415,9.615,7.54,8.04,9.36,9.775,9.47,,,,,,,,,,,,,,,,,,8.755,10.015
26-Feb-20,8.885,9.305,9.095,8.995,9.345,9.195,9.265,7.59,9.295,9.495,7.42,7.92,9.24,9.655,9.35,,,,,,,,,,,,,,,,,,8.635,9.895
27-Feb-20,9,9.42,9.21,9.11,9.46,9.31,9.38,7.665,9.41,9.61,7.495,7.995,9.355,9.77,9.465,,,,,,,,,,,,,,,,,,8.75,10.01
28-Feb-20,9.27,9.69,9.48,9.38,9.73,9.58,9.65,7.82,9.68,9.88,7.65,8.15,9.625,10.04,9.735,,,,,,,,,,,,,,,,,,9.02,10.28
29-Feb-20,9.27,9.69,9.48,9.38,9.73,9.58,9.65,7.82,9.68,9.88,7.65,8.15,9.625,10.04,9.735,,,,,,,,,,,,,,,,,,9.02,10.28
1-Mar-20,9.27,9.69,9.48,9.38,9.73,9.58,9.65,7.82,9.68,9.88,7.65,8.15,9.625,10.04,9.735,,,,,,,,,,,,,,,,,,9.02,10.28
2-Mar-20,9.285,9.705,9.495,9.395,9.745,9.595,9.665,7.68,9.695,9.895,7.51,8.01,9.64,10.055,9.75,,,,,,,,,,,,,,,,,,9.035,10.295
3-Mar-20,9.085,9.505,9.295,9.195,9.545,9.395,9.465,7.42,9.495,9.695,7.25,7.75,9.44,9.855,9.55,,,,,,,,,,,,,,,,,,8.835,10.095
4-Mar-20,8.975,9.395,9.185,9.085,9.435,9.285,9.355,7.36,9.385,9.585,7.19,7.69,9.33,9.745,9.44,,,,,,,,,,,,,,,,,,8.725,9.985
5-Mar-20,8.995,9.415,9.205,9.105,9.455,9.305,9.375,7.42,9.405,9.605,7.25,7.75,9.35,9.765,9.46,,,,,,,,,,,,,,,,,,8.745,10.005
6-Mar-20,9.16,9.58,9.37,9.27,9.62,9.47,9.54,7.49,9.57,9.77,7.32,7.82,9.515,9.93,9.625,,,,,,,,,,,,,,,,,,8.91,10.17
7-Mar-20,9.16,9.58,9.37,9.27,9.62,9.47,9.54,7.49,9.57,9.77,7.32,7.82,9.515,9.93,9.625,,,,,,,,,,,,,,,,,,8.91,10.17
8-Mar-20,9.16,9.58,9.37,9.27,9.62,9.47,9.54,7.49,9.57,9.77,7.32,7.82,9.515,9.93,9.625,,,,,,,,,,,,,,,,,,8.91,10.17
9-Mar-20,9.3,9.72,9.51,9.41,9.76,9.61,9.68,7.505,9.71,9.91,7.335,7.835,9.655,10.07,9.765,,,,,,,,,,,,,,,,,,9.05,10.31
10-Mar-20,9.275,9.695,9.485,9.385,9.735,9.585,9.655,7.51,9.685,9.885,7.34,7.84,9.63,10.045,9.74,,,,,,,,,,,,,,,,,,9.025,10.285
11-Mar-20,9.325,9.745,9.535,9.435,9.785,9.635,9.705,7.54,9.735,9.935,7.37,7.87,9.68,10.095,9.79,,,,,,,,,,,,,,,,,,9.075,10.335
12-Mar-20,9.86,10.28,10.07,9.97,10.32,10.17,10.24,7.705,10.27,10.47,7.535,8.035,10.215,10.63,10.325,,,,,,,,,,,,,,,,,,9.61,10.87
13-Mar-20,10.005,10.425,10.215,10.115,10.465,10.315,10.385,7.75,10.415,10.615,7.58,8.08,10.36,10.775,10.47,,,,,,,,,,,,,,,,,,9.755,11.015
14-Mar-20,10.005,10.425,10.215,10.115,10.465,10.315,10.385,7.75,10.415,10.615,7.58,8.08,10.36,10.775,10.47,,,,,,,,,,,,,,,,,,9.755,11.015
15-Mar-20,10.005,10.425,10.215,10.115,10.465,10.315,10.385,7.75,10.415,10.615,7.58,8.08,10.36,10.775,10.47,,,,,,,,,,,,,,,,,,9.755,11.015
16-Mar-20,10.64,11.06,10.85,10.75,11.1,10.95,11.02,7.855,11.05,11.25,7.685,8.185,10.995,11.41,11.105,,,,,,,,,,,,,,,,,,10.39,11.65
17-Mar-20,10.615,11.035,10.825,10.725,11.075,10.925,10.995,7.855,11.025,11.225,7.685,8.185,10.97,11.385,11.08,,,,,,,,,,,,,,,,,,10.365,11.625
18-Mar-20,11.66,12.08,11.87,11.77,12.12,11.97,12.04,8.715,12.07,12.27,8.545,9.045,12.015,12.43,12.125,,,,,,,,,,,,,,,,,,11.41,12.67
19-Mar-20,11.65,12.07,11.86,11.76,12.11,11.96,12.03,8.76,12.06,12.26,8.59,9.09,12.005,12.42,12.115,,,,,,,,,,,,,,,,,,11.4,12.66
20-Mar-20,11.59,12.01,11.8,11.7,12.05,11.9,11.97,8.65,12,12.2,8.48,8.98,11.945,12.36,12.055,,,,,,,,,,,,,,,,,,11.34,12.6
21-Mar-20,11.59,12.01,11.8,11.7,12.05,11.9,11.97,8.65,12,12.2,8.48,8.98,11.945,12.36,12.055,,,,,,,,,,,,,,,,,,11.34,12.6
22-Mar-20,11.59,12.01,11.8,11.7,12.05,11.9,11.97,8.65,12,12.2,8.48,8.98,11.945,12.36,12.055,,,,,,,,,,,,,,,,,,11.34,12.6
23-Mar-20,12.225,12.645,12.435,12.335,12.685,12.535,12.605,9.035,12.635,12.835,8.865,9.365,12.58,12.995,12.69,,,,,,,,,,,,,,,,,,11.975,13.235
24-Mar-20,12.36,12.78,12.57,12.47,12.82,12.67,12.74,8.81,12.77,12.97,8.64,9.14,12.715,13.13,12.825,,,,,,,,,,,,,,,,,,12.11,13.37
25-Mar-20,11.755,12.175,11.965,11.865,12.215,12.065,12.135,8.54,12.165,12.365,8.37,8.87,12.11,12.525,12.22,,,,,,,,,,,,,,,,,,11.505,12.765
26-Mar-20,11.475,11.895,11.685,11.585,11.935,11.785,11.855,8.235,11.885,12.085,8.065,8.565,11.83,12.245,11.94,,,,,,,,,,,,,,,,,,11.225,12.485
27-Mar-20,11.63,12.05,11.84,11.74,12.09,11.94,12.01,8.39,12.04,12.24,8.22,8.72,11.985,12.4,12.095,,,,,,,,,,,,,,,,,,11.38,12.64
28-Mar-20,11.63,12.05,11.84,11.74,12.09,11.94,12.01,8.39,12.04,12.24,8.22,8.72,11.985,12.4,12.095,,,,,,,,,,,,,,,,,,11.38,12.64
29-Mar-20,11.63,12.05,11.84,11.74,12.09,11.94,12.01,8.39,12.04,12.24,8.22,8.72,11.985,12.4,12.095,,,,,,,,,,,,,,,,,,11.38,12.64
30-Mar-20,11.615,12.035,11.825,11.725,12.075,11.925,11.995,8.51,12.025,12.225,8.34,8.84,11.97,12.385,12.08,,,,,,,,,,,,,,,,,,11.365,12.625
31-Mar-20,11.015,11.435,11.225,11.125,11.475,11.325,11.395,8.215,11.425,11.625,8.045,8.545,11.37,11.785,11.48,,,,,,,,,,,,,,,,,,10.765,12.025
1-Apr-20,11.095,11.515,11.305,11.205,11.555,11.405,11.475,8.285,11.505,11.705,8.115,8.615,11.45,11.865,11.56,,,,,,,,,,,,,,,,,,10.845,12.105
2-Apr-20,11.28,11.7,11.49,11.39,11.74,11.59,11.66,8.39,11.69,11.89,8.22,8.72,11.635,12.05,11.745,,,,,,,,,,,,,,,,,,11.03,12.29
3-Apr-20,11.605,12.025,11.815,11.715,12.065,11.915,11.985,8.715,12.015,12.215,8.545,9.045,11.96,12.375,12.07,,,,,,,,,,,,,,,,,,11.355,12.615
4-Apr-20,11.605,12.025,11.815,11.715,12.065,11.915,11.985,8.715,12.015,12.215,8.545,9.045,11.96,12.375,12.07,,,,,,,,,,,,,,,,,,11.355,12.615
5-Apr-20,11.605,12.025,11.815,11.715,12.065,11.915,11.985,8.715,12.015,12.215,8.545,9.045,11.96,12.375,12.07,,,,,,,,,,,,,,,,,,11.355,12.615
6-Apr-20,11.505,11.925,11.715,11.615,11.965,11.815,11.885,8.64,11.915,12.115,8.47,8.97,11.86,12.275,11.97,,,,,,,,,,,,,,,,,,11.255,12.515
7-Apr-20,11.14,11.56,11.35,11.25,11.6,11.45,11.52,8.315,11.55,11.75,8.145,8.645,11.495,11.91,11.605,,,,,,,,,,,,,,,,,,10.89,12.15
8-Apr-20,11.095,11.515,11.305,11.205,11.555,11.405,11.475,8.39,11.505,11.705,8.22,8.72,11.45,11.865,11.56,,,,,,,,,,,,,,,,,,10.845,12.105
9-Apr-20,10.92,11.34,11.13,11.03,11.38,11.23,11.3,8.21,11.33,11.53,8.04,8.54,11.275,11.69,11.385,,,,,,,,,,,,,,,,,,10.67,11.93
10-Apr-20,10.92,11.34,11.13,11.03,11.38,11.23,11.3,8.21,11.33,11.53,8.04,8.54,11.275,11.69,11.385,,,,,,,,,,,,,,,,,,10.67,11.93
11-Apr-20,10.92,11.34,11.13,11.03,11.38,11.23,11.3,8.21,11.33,11.53,8.04,8.54,11.275,11.69,11.385,,,,,,,,,,,,,,,,,,10.67,11.93
12-Apr-20,10.92,11.34,11.13,11.03,11.38,11.23,11.3,8.21,11.33,11.53,8.04,8.54,11.275,11.69,11.385,,,,,,,,,,,,,,,,,,10.67,11.93
13-Apr-20,10.92,11.34,11.13,11.03,11.38,11.23,11.3,8.21,11.33,11.53,8.04,8.54,11.275,11.69,11.385,,,,,,,,,,,,,,,,,,10.67,11.93
14-Apr-20,10.42,10.84,10.63,10.53,10.88,10.73,10.8,7.53,10.83,11.03,7.36,7.86,10.775,11.19,10.885,,,,,,,,,,,,,,,,,,10.17,11.43
15-Apr-20,10.525,10.945,10.735,10.635,10.985,10.835,10.905,7.67,10.935,11.135,7.5,8,10.88,11.295,10.99,,,,,,,,,,,,,,,,,,10.275,11.535
16-Apr-20,10.33,10.75,10.54,10.44,10.79,10.64,10.71,7.49,10.74,10.94,7.32,7.82,10.685,11.1,10.795,,,,,,,,,,,,,,,,,,10.08,11.34
17-Apr-20,10.18,10.6,10.39,10.29,10.64,10.49,10.56,7.44,10.59,10.79,7.27,7.77,10.535,10.95,10.645,,,,,,,,,,,,,,,,,,9.93,11.19
18-Apr-20,10.18,10.6,10.39,10.29,10.64,10.49,10.56,7.44,10.59,10.79,7.27,7.77,10.535,10.95,10.645,,,,,,,,,,,,,,,,,,9.93,11.19
19-Apr-20,10.18,10.6,10.39,10.29,10.64,10.49,10.56,7.44,10.59,10.79,7.27,7.77,10.535,10.95,10.645,,,,,,,,,,,,,,,,,,9.93,11.19
20-Apr-20,10.18,10.6,10.39,10.29,10.64,10.49,10.56,7.44,10.59,10.79,7.27,7.77,10.535,10.95,10.645,,,,,,,,,,,,,,,,,,9.93,11.19
21-Apr-20,10.055,10.475,10.265,10.165,10.515,10.365,10.435,7.265,10.465,10.665,7.095,7.595,10.41,10.825,10.52,,,,,,,,,,,,,,,,,,9.805,11.065
22-Apr-20,10.295,10.715,10.505,10.405,10.755,10.605,10.675,7.235,10.705,10.905,7.065,7.565,10.65,11.065,10.76,,,,,,,,,,,,,,,,,,10.045,11.305
23-Apr-20,10.36,10.78,10.57,10.47,10.82,10.67,10.74,7.32,10.77,10.97,7.15,7.65,10.715,11.13,10.825,,,,,,,,,,,,,,,,,,10.11,11.37
24-Apr-20,10.385,10.805,10.595,10.495,10.845,10.695,10.765,7.335,10.795,10.995,7.165,7.665,10.74,11.155,10.85,,,,,,,,,,,,,,,,,,10.135,11.395
25-Apr-20,10.385,10.805,10.595,10.495,10.845,10.695,10.765,7.335,10.795,10.995,7.165,7.665,10.74,11.155,10.85,,,,,,,,,,,,,,,,,,10.135,11.395
26-Apr-20,10.385,10.805,10.595,10.495,10.845,10.695,10.765,7.335,10.795,10.995,7.165,7.665,10.74,11.155,10.85,,,,,,,,,,,,,,,,,,10.135,11.395
27-Apr-20,10.42,10.885,10.645,10.53,10.895,10.73,10.8,7.43,10.82,11.145,7.245,7.7,10.82,11.205,10.945,,,,,,,,,,,,,,,,,,10.17,11.445
28-Apr-20,10.13,10.55,10.34,10.24,10.59,10.44,10.51,7.12,10.54,10.74,6.95,7.45,10.485,10.9,10.595,,,,,,,,,,,,,,,,,,9.88,11.14
29-Apr-20,9.83,10.25,10.04,9.94,10.29,10.14,10.21,7,10.24,10.44,6.83,7.33,10.185,10.6,10.295,,,,,,,,,,,,,,,,,,9.58,10.84
30-Apr-20,9.585,10.005,9.795,9.695,10.045,9.895,9.965,6.81,9.995,10.195,6.64,7.14,9.94,10.355,10.05,,,,,,,,,,,,,,,,,,9.335,10.595
1-May-20,9.585,10.005,9.795,9.695,10.045,9.895,9.965,6.81,9.995,10.195,6.64,7.14,9.94,10.355,10.05,,,,,,,,,,,,,,,,,,9.335,10.595
2-May-20,9.585,10.005,9.795,9.695,10.045,9.895,9.965,6.81,9.995,10.195,6.64,7.14,9.94,10.355,10.05,,,,,,,,,,,,,,,,,,9.335,10.595
3-May-20,9.585,10.005,9.795,9.695,10.045,9.895,9.965,6.81,9.995,10.195,6.64,7.14,9.94,10.355,10.05,,,,,,,,,,,,,,,,,,9.335,10.595
4-May-20,9.5,9.92,9.71,9.61,9.96,9.81,9.88,6.75,9.91,10.11,6.58,7.08,9.855,10.27,9.965,,,,,,,,,,,,,,,,,,9.25,10.51
5-May-20,9.075,9.495,9.285,9.185,9.535,9.385,9.455,6.445,9.485,9.685,6.275,6.775,9.43,9.845,9.54,,,,,,,,,,,,,,,,,,8.825,10.085
6-May-20,9.05,9.47,9.26,9.16,9.51,9.36,9.43,6.54,9.46,9.66,6.37,6.87,9.405,9.82,9.515,,,,,,,,,,,,,,,,,,8.8,10.06
7-May-20,8.945,9.365,9.155,9.055,9.405,9.255,9.325,6.555,9.355,9.555,6.385,6.885,9.3,9.715,9.41,,,,,,,,,,,,,,,,,,8.695,9.955
8-May-20,8.82,9.24,9.03,8.93,9.28,9.13,9.2,6.43,9.23,9.43,6.26,6.76,9.175,9.59,9.285,,,,,,,,,,,,,,,,,,8.57,9.83
9-May-20,8.82,9.24,9.03,8.93,9.28,9.13,9.2,6.43,9.23,9.43,6.26,6.76,9.175,9.59,9.285,,,,,,,,,,,,,,,,,,8.57,9.83
10-May-20,8.82,9.24,9.03,8.93,9.28,9.13,9.2,6.43,9.23,9.43,6.26,6.76,9.175,9.59,9.285,,,,,,,,,,,,,,,,,,8.57,9.83
11-May-20,8.945,9.365,9.155,9.055,9.405,9.255,9.325,6.54,9.355,9.555,6.37,6.87,9.3,9.715,9.41,,,,,,,,,,,,,,,,,,8.695,9.955
12-May-20,8.885,9.305,9.095,8.995,9.345,9.195,9.265,6.475,9.295,9.495,6.305,6.805,9.24,9.655,9.35,,,,,,,,,,,,,,,,,,8.635,9.895
13-May-20,8.99,9.41,9.2,9.1,9.45,9.3,9.37,6.51,9.4,9.6,6.34,6.84,9.345,9.76,9.455,,,,,,,,,,,,,,,,,,8.74,10
14-May-20,9.03,9.45,9.24,9.14,9.49,9.34,9.41,6.41,9.44,9.64,6.24,6.74,9.385,9.8,9.495,,,,,,,,,,,,,,,,,,8.78,10.04
15-May-20,8.94,9.36,9.15,9.05,9.4,9.25,9.32,6.22,9.35,9.55,6.05,6.55,9.295,9.71,9.405,,,,,,,,,,,,,,,,,,8.69,9.95
16-May-20,8.94,9.36,9.15,9.05,9.4,9.25,9.32,6.22,9.35,9.55,6.05,6.55,9.295,9.71,9.405,,,,,,,,,,,,,,,,,,8.69,9.95
17-May-20,8.94,9.36,9.15,9.05,9.4,9.25,9.32,6.22,9.35,9.55,6.05,6.55,9.295,9.71,9.405,,,,,,,,,,,,,,,,,,8.69,9.95
18-May-20,8.48,8.9,8.69,8.59,8.94,8.79,8.86,5.905,8.89,9.09,5.735,6.235,8.835,9.25,8.945,,,,,,,,,,,,,,,,,,8.23,9.49
19-May-20,8.59,9.01,8.8,8.7,9.05,8.9,8.97,6.17,9,9.2,6,6.5,8.945,9.36,9.055,,,,,,,,,,,,,,,,,,8.34,9.6
20-May-20,8.365,8.785,8.575,8.475,8.825,8.675,8.745,6.08,8.775,8.975,5.91,6.41,8.72,9.135,8.83,,,,,,,,,,,,,,,,,,8.115,9.375
21-May-20,8.365,8.785,8.575,8.475,8.825,8.675,8.745,6.08,8.775,8.975,5.91,6.41,8.72,9.135,8.83,,,,,,,,,,,,,,,,,,8.115,9.375
22-May-20,8.785,9.205,8.995,8.895,9.245,9.095,9.165,6.68,9.195,9.395,6.51,7.01,9.14,9.555,9.25,,,,,,,,,,,,,,,,,,8.535,9.795
23-May-20,8.785,9.205,8.995,8.895,9.245,9.095,9.165,6.68,9.195,9.395,6.51,7.01,9.14,9.555,9.25,,,,,,,,,,,,,,,,,,8.535,9.795
24-May-20,8.785,9.205,8.995,8.895,9.245,9.095,9.165,6.68,9.195,9.395,6.51,7.01,9.14,9.555,9.25,,,,,,,,,,,,,,,,,,8.535,9.795
25-May-20,8.76,9.18,8.97,8.87,9.22,9.07,9.14,6.675,9.17,9.37,6.505,7.005,9.115,9.53,9.225,,,,,,,,,,,,,,,,,,8.535,9.795
26-May-20,8.775,9.195,8.985,8.885,9.235,9.085,9.155,6.64,9.185,9.385,6.47,6.97,9.13,9.545,9.24,,,,,,,,,,,,,,,,,,8.525,9.785
27-May-20,8.87,9.29,9.08,8.98,9.33,9.18,9.25,6.655,9.28,9.48,6.485,6.985,9.225,9.64,9.335,,,,,,,,,,,,,,,,,,8.62,9.88
28-May-20,8.84,9.26,9.05,8.95,9.3,9.15,9.22,6.61,9.25,9.45,6.44,6.94,9.195,9.61,9.305,,,,,,,,,,,,,,,,,,8.59,9.85
29-May-20,8.785,9.205,8.995,8.895,9.245,9.095,9.165,6.49,9.195,9.395,6.32,6.82,9.14,9.555,9.25,,,,,,,,,,,,,,,,,,8.535,9.795
30-May-20,8.785,9.205,8.995,8.895,9.245,9.095,9.165,6.49,9.195,9.395,6.32,6.82,9.14,9.555,9.25,,,,,,,,,,,,,,,,,,8.535,9.795
31-May-20,8.785,9.205,8.995,8.895,9.245,9.095,9.165,6.49,9.195,9.395,6.32,6.82,9.14,9.555,9.25,,,,,,,,,,,,,,,,,,8.535,9.795
1-Jun-20,8.645,9.065,8.855,8.755,9.105,8.955,9.025,6.425,9.055,9.255,6.255,6.755,9,9.415,9.11,,,,,,,,,,,,,,,,,,8.395,9.655
2-Jun-20,8.48,8.9,8.69,8.59,8.94,8.79,8.86,6.375,8.89,9.09,6.205,6.705,8.835,9.25,8.945,,,,,,,,,,,,,,,,,,8.23,9.49
3-Jun-20,8.39,8.81,8.6,8.5,8.85,8.7,8.77,6.29,8.8,9,6.12,6.62,8.745,9.16,8.855,,,,,,,,,,,,,,,,,,8.14,9.4
4-Jun-20,8.53,8.95,8.74,8.64,8.99,8.84,8.91,6.345,8.94,9.14,6.175,6.675,8.885,9.3,8.995,,,,,,,,,,,,,,,,,,8.28,9.54
5-Jun-20,8.64,9.06,8.85,8.75,9.1,8.95,9.02,6.36,9.05,9.25,6.19,6.69,8.995,9.41,9.105,,,,,,,,,,,,,,,,,,8.39,9.65
6-Jun-20,8.64,9.06,8.85,8.75,9.1,8.95,9.02,6.36,9.05,9.25,6.19,6.69,8.995,9.41,9.105,,,,,,,,,,,,,,,,,,8.39,9.65
7-Jun-20,8.64,9.06,8.85,8.75,9.1,8.95,9.02,6.36,9.05,9.25,6.19,6.69,8.995,9.41,9.105,,,,,,,,,,,,,,,,,,8.39,9.65
8-Jun-20,8.705,9.125,8.915,8.815,9.165,9.015,9.085,6.39,9.115,9.315,6.22,6.72,9.06,9.475,9.17,10.385,,,,,,,,,,,,,,,,,8.455,9.715
9-Jun-20,8.755,9.175,8.965,8.865,9.215,9.065,9.135,6.38,9.165,9.365,6.21,6.71,9.11,9.525,9.22,10.215,,,,,,,,,,,,,,,,,8.505,9.765
10-Jun-20,8.735,9.155,8.945,8.845,9.195,9.045,9.115,6.37,9.145,9.345,6.2,6.7,9.09,9.505,9.2,10.18,,,,,,,,,,,,,,,,,8.485,9.745
11-Jun-20,8.76,9.18,8.97,8.87,9.22,9.07,9.14,6.385,9.17,9.37,6.215,6.715,9.115,9.53,9.225,10.21,,,,,,,,,,,,,,,,,8.51,9.77
12-Jun-20,8.85,9.27,9.06,8.96,9.31,9.16,9.23,6.405,9.26,9.46,6.235,6.735,9.205,9.62,9.315,10.105,,,,,,,,,,,,,,,,,8.6,9.86
13-Jun-20,8.85,9.27,9.06,8.96,9.31,9.16,9.23,6.405,9.26,9.46,6.235,6.735,9.205,9.62,9.315,10.105,,,,,,,,,,,,,,,,,8.6,9.86
14-Jun-20,8.85,9.27,9.06,8.96,9.31,9.16,9.23,6.405,9.26,9.46,6.235,6.735,9.205,9.62,9.315,10.105,,,,,,,,,,,,,,,,,8.6,9.86
15-Jun-20,9,9.42,9.21,9.11,9.46,9.31,9.38,6.445,9.41,9.61,6.275,6.775,9.355,9.77,9.465,10.245,,,,,,,,,,,,,,,,,8.75,10.01
16-Jun-20,8.89,9.31,9.1,9,9.35,9.2,9.27,6.435,9.3,9.5,6.265,6.765,9.245,9.66,9.355,10.185,,,,,,,,,,,,,,,,,8.64,9.9
17-Jun-20,8.958,9.378,9.168,9.068,9.418,9.268,9.338,6.395,9.368,9.568,6.225,6.725,9.313,9.728,9.423,10.238,,,,,,,,,,,,,,,,,8.708,9.968
18-Jun-20,8.855,9.275,9.065,8.965,9.315,9.165,9.235,6.305,9.265,9.465,6.135,6.635,9.21,9.625,9.32,10.17,,,,,,,,,,,,,,,,,8.605,9.865
19-Jun-20,8.77,9.19,8.98,8.88,9.23,9.08,9.15,6.32,9.18,9.38,6.15,6.65,9.125,9.54,9.235,10.08,,,,,,,,,,,,,,,,,8.52,9.78
20-Jun-20,8.77,9.19,8.98,8.88,9.23,9.08,9.15,6.32,9.18,9.38,6.15,6.65,9.125,9.54,9.235,10.08,,,,,,,,,,,,,,,,,8.52,9.78
21-Jun-20,8.77,9.19,8.98,8.88,9.23,9.08,9.15,6.32,9.18,9.38,6.15,6.65,9.125,9.54,9.235,10.08,,,,,,,,,,,,,,,,,8.52,9.78
22-Jun-20,8.765,9.185,8.975,8.875,9.225,9.075,9.145,6.335,9.175,9.375,6.165,6.665,9.12,9.535,9.23,10.16,,,,,,,,,,,,,,,,,8.515,9.775
23-Jun-20,8.81,9.23,9.02,8.92,9.27,9.12,9.19,6.365,9.22,9.42,6.195,6.695,9.165,9.58,9.275,10.22,,,,,,,,,,,,,,,,,8.56,9.82
24-Jun-20,8.69,9.11,8.9,8.8,9.15,9,9.07,6.275,9.1,9.3,6.105,6.605,9.045,9.46,9.155,10.075,,,,,,,,,,,,,,,,,8.44,9.7
25-Jun-20,8.7,9.12,8.91,8.81,9.16,9.01,9.08,6.235,9.11,9.31,6.065,6.565,9.055,9.47,9.165,10.05,,,,,,,,,,,,,,,,,8.45,9.71
26-Jun-20,8.775,9.195,8.985,8.885,9.235,9.085,9.155,6.28,9.185,9.385,6.11,6.61,9.13,9.545,9.24,10.055,,,,,,,,,,,,,,,,,8.525,9.785
27-Jun-20,8.775,9.195,8.985,8.885,9.235,9.085,9.155,6.28,9.185,9.385,6.11,6.61,9.13,9.545,9.24,10.055,,,,,,,,,,,,,,,,,8.525,9.785
28-Jun-20,8.775,9.195,8.985,8.885,9.235,9.085,9.155,6.28,9.185,9.385,6.11,6.61,9.13,9.545,9.24,10.055,,,,,,,,,,,,,,,,,8.525,9.785
29-Jun-20,8.8,9.22,9.01,8.91,9.26,9.11,9.18,6.35,9.21,9.41,6.18,6.68,9.155,9.57,9.265,10.06,,,,,,,,,,,,,,,,,8.55,9.81
30-Jun-20,8.835,9.255,9.045,8.945,9.295,9.145,9.215,6.29,9.245,9.445,6.12,6.62,9.19,9.605,9.3,10.15,,,,,,,,,,,,,,,,,8.585,9.845
1-Jul-20,8.775,9.195,8.985,8.885,9.235,9.085,9.155,6.165,9.185,9.385,5.995,6.495,9.13,9.545,9.24,10.095,,,,,,,,,,,,,,,,,8.525,9.785
2-Jul-20,8.77,9.19,8.98,8.88,9.23,9.08,9.15,6.185,9.18,9.38,6.015,6.515,9.125,9.54,9.235,10.125,,,,,,,,,,,,,,,,,8.52,9.78
3-Jul-20,8.87,9.29,9.08,8.98,9.33,9.18,9.25,6.235,9.28,9.48,6.065,6.565,9.225,9.64,9.335,10.31,,,,,,,,,,,,,,,,,8.62,9.88
4-Jul-20,8.87,9.29,9.08,8.98,9.33,9.18,9.25,6.235,9.28,9.48,6.065,6.565,9.225,9.64,9.335,10.31,,,,,,,,,,,,,,,,,8.62,9.88
5-Jul-20,8.87,9.29,9.08,8.98,9.33,9.18,9.25,6.235,9.28,9.48,6.065,6.565,9.225,9.64,9.335,10.31,,,,,,,,,,,,,,,,,8.62,9.88
6-Jul-20,8.905,9.325,9.115,9.015,9.365,9.215,9.285,6.25,9.315,9.515,6.08,6.58,9.26,9.675,9.37,10.4,,,,,,,,,,,,,,,,,8.655,9.915
7-Jul-20,9.03,9.45,9.24,9.14,9.49,9.34,9.41,6.315,9.44,9.64,6.145,6.645,9.385,9.8,9.495,10.565,,,,,,,,,,,,,,,,,8.78,10.04
8-Jul-20,9.045,9.465,9.255,9.155,9.505,9.355,9.425,6.28,9.455,9.655,6.11,6.61,9.4,9.815,9.51,10.575,,,,,,,,,,,,,,,,,8.795,10.055
9-Jul-20,9.01,9.43,9.22,9.12,9.47,9.32,9.39,6.26,9.42,9.62,6.09,6.59,9.365,9.78,9.475,10.53,,,,,,,,,,,,,,,,,8.76,10.02
10-Jul-20,8.88,9.3,9.09,8.99,9.34,9.19,9.26,6.21,9.29,9.49,6.04,6.54,9.235,9.65,9.345,10.35,,,,,,,,,,,,,,,,,8.63,9.89
11-Jul-20,8.88,9.3,9.09,8.99,9.34,9.19,9.26,6.21,9.29,9.49,6.04,6.54,9.235,9.65,9.345,10.35,,,,,,,,,,,,,,,,,8.63,9.89
12-Jul-20,8.88,9.3,9.09,8.99,9.34,9.19,9.26,6.21,9.29,9.49,6.04,6.54,9.235,9.65,9.345,10.35,,,,,,,,,,,,,,,,,8.63,9.89
13-Jul-20,8.86,9.28,9.07,8.97,9.32,9.17,9.24,6.21,9.27,9.47,6.04,6.54,9.215,9.63,9.325,10.32,,,,,,,,,,,,,,,,,8.61,9.87
14-Jul-20,8.86,9.28,9.07,8.97,9.32,9.17,9.24,6.15,9.27,9.47,5.98,6.48,9.215,9.63,9.325,10.325,,,,,,,,,,,,,,,,,8.61,9.87
15-Jul-20,8.705,9.125,8.915,8.815,9.165,9.015,9.085,5.955,9.115,9.315,5.785,6.285,9.06,9.475,9.17,10.24,,,,,,,,,,,,,,,,,8.455,9.715
16-Jul-20,8.69,9.11,8.9,8.8,9.15,9,9.07,5.935,9.1,9.3,5.765,6.265,9.045,9.46,9.155,10.245,,,,,,,,,,,,,,,,,8.44,9.7
17-Jul-20,8.72,9.14,8.93,8.83,9.18,9.03,9.1,5.945,9.13,9.33,5.775,6.275,9.075,9.49,9.185,10.315,,,,,,,,,,,,,,,,,8.47,9.73
18-Jul-20,8.72,9.14,8.93,8.83,9.18,9.03,9.1,5.945,9.13,9.33,5.775,6.275,9.075,9.49,9.185,10.315,,,,,,,,,,,,,,,,,8.47,9.73
19-Jul-20,8.72,9.14,8.93,8.83,9.18,9.03,9.1,5.945,9.13,9.33,5.775,6.275,9.075,9.49,9.185,10.315,,,,,,,,,,,,,,,,,8.47,9.73
20-Jul-20,8.735,9.155,8.945,8.845,9.195,9.045,9.115,6.025,9.145,9.345,5.855,6.355,9.09,9.505,9.2,10.36,,,,,,,,,,,,,,,,,8.485,9.745
21-Jul-20,8.58,9,8.79,8.69,9.04,8.89,8.96,6.05,8.99,9.19,5.88,6.38,8.935,9.35,9.045,10.22,,,,,,,,,,,,,,,,,8.33,9.59
22-Jul-20,8.58,9,8.79,8.69,9.04,8.89,8.96,6.05,8.99,9.19,5.88,6.38,8.935,9.35,9.045,10.22,,,,,,,,,,,,,,,,,8.33,9.59
23-Jul-20,8.585,9.005,8.795,8.695,9.045,8.895,8.965,6.215,8.995,9.195,6.045,6.545,8.94,9.355,9.05,10.02,,,,,,,,,,,,,,,,,8.335,9.595
24-Jul-20,8.675,9.095,8.885,8.785,9.135,8.985,9.055,6.265,9.085,9.285,6.095,6.595,9.03,9.445,9.14,10.1,,,,,,,,,,,,,,,,,8.425,9.685
25-Jul-20,8.675,9.095,8.885,8.785,9.135,8.985,9.055,6.265,9.085,9.285,6.095,6.595,9.03,9.445,9.14,10.1,,,,,,,,,,,,,,,,,8.425,9.685
26-Jul-20,8.675,9.095,8.885,8.785,9.135,8.985,9.055,6.265,9.085,9.285,6.095,6.595,9.03,9.445,9.14,10.1,,,,,,,,,,,,,,,,,8.425,9.685
27-Jul-20,8.58,9,8.79,8.69,9.04,8.89,8.96,6.165,8.99,9.19,5.995,6.495,8.935,9.35,9.045,10.015,,,,,,,,,,,,,,,,,8.33,9.59
28-Jul-20,8.625,9.045,8.835,8.735,9.085,8.935,9.005,6.14,9.035,9.235,5.97,6.47,8.98,9.395,9.09,10.065,,,,,,,,,,,,,,,,,8.375,9.635
29-Jul-20,8.715,9.135,8.925,8.825,9.175,9.025,9.095,6.135,9.125,9.325,5.965,6.465,9.07,9.485,9.18,10.16,,,,,,,,,,,,,,,,,8.465,9.725
30-Jul-20,8.745,9.165,8.955,8.855,9.205,9.055,9.125,6.105,9.155,9.355,5.935,6.435,9.1,9.515,9.21,10.195,,,,,,,,,,,,,,,,,8.495,9.755
31-Jul-20,8.665,9.085,8.875,8.775,9.125,8.975,9.045,5.915,9.075,9.275,5.745,6.245,9.02,9.435,9.13,10.145,,,,,,,,,,,,,,,,,8.415,9.675
1-Aug-20,8.665,9.085,8.875,8.775,9.125,8.975,9.045,5.915,9.075,9.275,5.745,6.245,9.02,9.435,9.13,10.145,,,,,,,,,,,,,,,,,8.415,9.675
2-Aug-20,8.665,9.085,8.875,8.775,9.125,8.975,9.045,5.915,9.075,9.275,5.745,6.245,9.02,9.435,9.13,10.145,,,,,,,,,,,,,,,,,8.415,9.675
3-Aug-20,8.625,9.045,8.835,8.735,9.085,8.935,9.005,5.865,9.035,9.235,5.695,6.195,8.98,9.395,9.09,10.15,,,,,,,,,,,,,,,,,8.375,9.635
4-Aug-20,8.7,9.12,8.91,8.81,9.16,9.01,9.08,5.885,9.11,9.31,5.715,6.215,9.055,9.47,9.165,10.25,,,,,,,,,,,,,,,,,8.45,9.71
5-Aug-20,8.645,9.065,8.855,8.755,9.105,8.955,9.025,5.895,9.055,9.255,5.725,6.225,9,9.415,9.11,10.2,,,,,,,,,,,,,,,,,8.395,9.655
6-Aug-20,8.625,9.045,8.835,8.735,9.085,8.935,9.005,5.88,9.035,9.235,5.71,6.21,8.98,9.395,9.09,10.19,,,,,,,,,,,,,,,,,8.375,9.635
7-Aug-20,8.55,8.97,8.76,8.66,9.01,8.86,8.93,5.775,8.96,9.16,5.605,6.105,8.905,9.32,9.015,10.145,,,,,,,,,,,,,,,,,8.76,9.56
8-Aug-20,8.55,8.97,8.76,8.66,9.01,8.86,8.93,5.775,8.96,9.16,5.605,6.105,8.905,9.32,9.015,10.145,,,,,,,,,,,,,,,,,8.76,9.56
9-Aug-20,8.55,8.97,8.76,8.66,9.01,8.86,8.93,5.775,8.96,9.16,5.605,6.105,8.905,9.32,9.015,10.145,,,,,,,,,,,,,,,,,8.76,9.56
10-Aug-20,8.755,9,8.79,8.69,9.04,8.89,8.96,5.895,8.99,9.19,5.88,6.38,8.935,9.35,9.045,10.22,,,,,,,,,,,,,,,,,8.505,9.59
11-Aug-20,8.565,8.985,8.775,8.675,9.025,8.875,8.945,5.735,8.975,9.175,5.565,6.065,8.92,9.335,9.03,10.16,,,,,,,,,,,,,,,,,8.315,9.575
12-Aug-20,8.545,8.965,8.755,8.655,9.005,8.855,8.925,5.675,8.955,9.155,5.505,6.005,8.9,9.315,9.01,10.205,,,,,,,,,,,,,,,,,8.295,9.555
13-Aug-20,8.525,8.945,8.735,8.635,8.985,8.835,8.905,5.705,8.935,9.135,5.535,6.035,8.88,9.295,8.99,10.155,,,,,,,,,,,,,,,,,8.275,9.535
14-Aug-20,8.49,8.91,8.7,8.6,8.95,8.8,8.87,5.7,8.9,9.1,5.53,6.03,8.845,9.26,8.955,10.075,,,,,,,,,,,,,,,,,8.24,9.5
15-Aug-20,8.49,8.91,8.7,8.6,8.95,8.8,8.87,5.7,8.9,9.1,5.53,6.03,8.845,9.26,8.955,10.075,,,,,,,,,,,,,,,,,8.24,9.5
16-Aug-20,8.49,8.91,8.7,8.6,8.95,8.8,8.87,5.7,8.9,9.1,5.53,6.03,8.845,9.26,8.955,10.075,,,,,,,,,,,,,,,,,8.24,9.5
17-Aug-20,8.605,9.025,8.815,8.715,9.065,8.915,8.985,5.765,9.015,9.215,5.595,6.095,8.96,9.375,9.07,10.185,,,,,,,,,,,,,,,,,8.355,9.615
18-Aug-20,8.605,9.025,8.815,8.715,9.065,8.915,8.985,5.73,9.015,9.215,5.56,6.06,8.96,9.375,9.07,10.195,,,,,,,,,,,,,,,,,8.355,9.615
19-Aug-20,8.63,9.05,8.84,8.74,9.09,8.94,9.01,5.76,9.04,9.24,5.59,6.09,8.985,9.4,9.095,10.21,,,,,,,,,,,,,,,,,8.38,9.64
20-Aug-20,8.575,8.995,8.785,8.685,9.035,8.885,8.955,5.735,8.985,9.185,5.565,6.065,8.93,9.345,9.04,10.165,,,,,,,,,,,,,,,,,8.325,9.585
21-Aug-20,8.51,8.93,8.72,8.62,8.97,8.82,8.89,5.725,8.92,9.12,5.555,6.055,8.865,9.28,8.975,10.155,,,,,,,,,,,,,,,,,8.26,9.52
22-Aug-20,8.51,8.93,8.72,8.62,8.97,8.82,8.89,5.725,8.92,9.12,5.555,6.055,8.865,9.28,8.975,10.155,,,,,,,,,,,,,,,,,8.26,9.52
23-Aug-20,8.51,8.93,8.72,8.62,8.97,8.82,8.89,5.725,8.92,9.12,5.555,6.055,8.865,9.28,8.975,10.155,,,,,,,,,,,,,,,,,8.26,9.52
24-Aug-20,8.54,8.96,8.75,8.65,9,8.85,8.92,5.715,8.95,9.15,5.545,6.045,8.895,9.31,9.005,10.2,,,,,,,,,,,,,,,,,8.29,9.55
25-Aug-20,8.525,8.945,8.735,8.635,8.985,8.835,8.905,5.7,8.935,9.135,5.53,6.03,8.88,9.295,8.99,10.17,,,,,,,,,,,,,,,,,8.275,9.535
26-Aug-20,8.56,8.98,8.77,8.67,9.02,8.87,8.94,8.05,8.97,9.17,5.65,8.64,8.915,9.33,9.025,10.2,,,,,,,,,,,,,,,,,8.31,9.57
27-Aug-20,8.56,8.98,8.77,8.67,9.02,8.87,8.94,8.065,8.97,9.17,5.665,8.655,8.915,9.33,9.025,10.195,,,,,,,,,,,,,,,,,8.31,9.57
28-Aug-20,8.575,8.995,8.785,8.685,9.035,8.885,8.955,8.11,8.985,9.185,5.71,8.7,8.93,9.345,9.04,10.215,,,,,,,,,,,,,,,,,8.325,9.585
29-Aug-20,8.575,8.995,8.785,8.685,9.035,8.885,8.955,8.11,8.985,9.185,5.71,8.7,8.93,9.345,9.04,10.215,,,,,,,,,,,,,,,,,8.325,9.585
30-Aug-20,8.575,8.995,8.785,8.685,9.035,8.885,8.955,8.11,8.985,9.185,5.71,8.7,8.93,9.345,9.04,10.215,,,,,,,,,,,,,,,,,8.325,9.585
31-Aug-20,8.575,8.995,8.785,8.685,9.035,8.885,8.955,8.11,8.985,9.185,5.71,8.7,8.93,9.345,9.04,10.215,,,,,,,,,,,,,,,,,8.325,9.585
1-Sep-20,8.395,8.815,8.605,8.505,8.855,8.705,8.775,7.945,8.805,9.005,5.545,8.535,8.75,9.165,8.86,10.065,,,,,,,,,,,,,,,,,8.145,9.405
2-Sep-20,8.395,8.815,8.605,8.505,8.855,8.705,8.775,7.945,8.805,9.005,5.545,8.535,8.75,9.165,8.86,10.05,,,,,,,,,,,,,,,,,8.145,9.405
3-Sep-20,8.39,8.81,8.6,8.5,8.85,8.7,8.77,7.96,8.8,9,5.56,8.55,8.745,9.16,8.855,10.025,,,,,,,,,,,,,,,,,8.14,9.4
4-Sep-20,8.415,8.835,8.625,8.525,8.875,8.725,8.795,7.955,8.825,9.025,5.555,8.545,8.77,9.185,8.88,10.095,,,,,,,,,,,,,,,,,8.165,9.425
5-Sep-20,8.415,8.835,8.625,8.525,8.875,8.725,8.795,7.955,8.825,9.025,5.555,8.545,8.77,9.185,8.88,10.095,,,,,,,,,,,,,,,,,8.165,9.425
6-Sep-20,8.415,8.835,8.625,8.525,8.875,8.725,8.795,7.955,8.825,9.025,5.555,8.545,8.77,9.185,8.88,10.095,,,,,,,,,,,,,,,,,8.165,9.425
7-Sep-20,8.415,8.835,8.625,8.525,8.875,8.725,8.795,7.955,8.825,9.025,5.555,8.545,8.77,9.185,8.88,10.095,,,,,,,,,,,,,,,,,8.165,9.425
8-Sep-20,8.4,8.825,8.593,8.51,8.87,8.73,8.74,7.925,8.819,9.012,5.525,8.515,8.75,9.171,8.85,10.145,,,,,,,,,,,,,,,,,8.17,9.415
9-Sep-20,8.335,8.755,8.545,8.445,8.795,8.645,8.715,7.895,8.745,8.945,5.495,8.485,8.69,9.105,8.8,10.17,,,,,,,,,,,,,,,,,8.085,9.345
10-Sep-20,8.4,8.82,8.61,8.51,8.86,8.71,8.78,7.955,8.81,9.01,5.555,8.545,8.755,9.17,8.865,10.23,,,,,,,,,,,,,,,,,8.15,9.41
11-Sep-20,8.395,8.815,8.605,8.505,8.855,8.705,8.775,7.97,8.805,9.005,5.57,8.56,8.75,9.165,8.86,10.26,,,,,,,,,,,,,,,,,8.145,9.405
12-Sep-20,8.395,8.815,8.605,8.505,8.855,8.705,8.775,7.97,8.805,9.005,5.57,8.56,8.75,9.165,8.86,10.26,,,,,,,,,,,,,,,,,8.145,9.405
13-Sep-20,8.395,8.815,8.605,8.505,8.855,8.705,8.775,7.97,8.805,9.005,5.57,8.56,8.75,9.165,8.86,10.26,,,,,,,,,,,,,,,,,8.145,9.405
14-Sep-20,8.275,8.695,8.485,8.385,8.735,8.585,8.655,7.91,8.685,8.885,5.51,8.5,8.63,9.045,8.74,10.185,,,,,,,,,,,,,,,,,8.025,9.285
15-Sep-20,8.3,8.72,8.51,8.41,8.76,8.61,8.68,7.915,8.71,8.91,5.515,8.505,8.655,9.07,8.765,10.135,,,,,,,,,,,,,,,,,8.05,9.31
16-Sep-20,8.295,8.715,8.505,8.405,8.755,8.605,8.675,7.94,8.705,8.905,5.54,8.53,8.65,9.065,8.76,10.14,,,,,,,,,,,,,,,,,8.045,9.305
17-Sep-20,8.31,8.73,8.52,8.42,8.77,8.62,8.69,8.065,8.72,8.92,5.665,8.655,8.665,9.08,8.775,10.075,,,,,,,,,,,,,,,,,8.06,9.32
18-Sep-20,8.315,8.735,8.525,8.425,8.775,8.625,8.695,8.045,8.725,8.925,5.645,8.635,8.67,9.085,8.78,10.085,,,,,,,,,,,,,,,,,8.065,9.325
19-Sep-20,8.315,8.735,8.525,8.425,8.775,8.625,8.695,8.045,8.725,8.925,5.645,8.635,8.67,9.085,8.78,10.085,,,,,,,,,,,,,,,,,8.065,9.325
20-Sep-20,8.315,8.735,8.525,8.425,8.775,8.625,8.695,8.045,8.725,8.925,5.645,8.635,8.67,9.085,8.78,10.085,,,,,,,,,,,,,,,,,8.065,9.325
21-Sep-20,8.41,8.83,8.62,8.52,8.87,8.72,8.79,8.105,8.82,9.02,5.705,8.695,8.765,9.18,8.875,10.235,,,,,,,,,,,,,,,,,8.16,9.42
22-Sep-20,8.425,8.845,8.635,8.535,8.885,8.735,8.805,8.08,8.835,9.035,5.68,8.67,8.78,9.195,8.89,10.315,,,,,,,,,,,,,,,,,8.175,9.435
23-Sep-20,8.425,8.845,8.635,8.535,8.885,8.735,8.805,8.07,8.835,9.035,5.67,8.66,8.78,9.195,8.89,10.39,,,,,,,,,,,,,,,,,8.175,9.435
24-Sep-20,8.431,8.891,8.64,8.45,8.912,8.8,8.902,8.132,8.93,9.05,5.67,8.72,8.828,9.137,8.945,10.439,,,,,,,,,,,,,,,,,8.181,9.462
25-Sep-20,8.465,8.885,8.675,8.575,8.925,8.775,8.845,8.085,8.875,9.075,5.685,8.675,8.82,9.235,8.93,10.43,,,,,,,,,,,,,,,,,8.215,9.475
26-Sep-20,8.465,8.885,8.675,8.575,8.925,8.775,8.845,8.085,8.875,9.075,5.685,8.675,8.82,9.235,8.93,10.43,,,,,,,,,,,,,,,,,8.215,9.475
27-Sep-20,8.465,8.885,8.675,8.575,8.925,8.775,8.845,8.085,8.875,9.075,5.685,8.675,8.82,9.235,8.93,10.43,,,,,,,,,,,,,,,,,8.215,9.475
28-Sep-20,8.425,8.845,8.635,8.535,8.885,8.735,8.805,8.04,8.835,9.035,5.64,8.63,8.78,9.195,8.89,10.425,,,,,,,,,,,,,,,,,8.175,9.435
29-Sep-20,8.395,8.815,8.605,8.505,8.855,8.705,8.775,8.04,8.805,9.005,5.64,8.63,8.75,9.165,8.86,10.41,,,,,,,,,,,,,,,,,8.145,9.405
30-Sep-20,8.395,8.785,8.575,8.475,8.825,8.675,8.745,8.035,8.775,8.975,5.635,8.625,8.72,9.135,8.83,10.375,,,,,,,,,,,,,,,,,8.115,9.375
1-Oct-20,8.355,8.775,8.565,8.465,8.815,8.665,8.735,8.005,8.765,8.965,5.605,8.595,8.71,9.125,8.82,10.35,,,,,,,,,,,,,,,,,8.105,9.365
2-Oct-20,8.34,8.76,8.55,8.45,8.8,8.65,8.72,8.005,8.75,8.95,5.605,8.595,8.695,9.11,8.805,10.37,,,,,,,,,,,,,,,,,8.09,9.35
3-Oct-20,8.34,8.76,8.55,8.45,8.8,8.65,8.72,8.005,8.75,8.95,5.605,8.595,8.695,9.11,8.805,10.37,,,,,,,,,,,,,,,,,8.09,9.35
4-Oct-20,8.34,8.76,8.55,8.45,8.8,8.65,8.72,8.005,8.75,8.95,5.605,8.595,8.695,9.11,8.805,10.37,,,,,,,,,,,,,,,,,8.09,9.35
5-Oct-20,8.365,8.785,8.575,8.475,8.825,8.675,8.745,8.015,8.775,8.975,5.615,8.605,8.72,9.135,8.83,10.43,,,,,,,,,,,,,,,,,8.115,9.375
6-Oct-20,8.415,8.835,8.625,8.525,8.875,8.725,8.795,8.045,8.825,9.025,5.645,8.635,8.77,9.185,8.88,10.505,,,,,,,,,,,,,,,,,8.165,9.425
7-Oct-20,8.395,8.815,8.605,8.505,8.855,8.705,8.775,8.06,8.805,9.005,5.66,8.65,8.75,9.165,8.86,10.515,,,,,,,,,,,,,,,,,8.145,9.405
8-Oct-20,8.395,8.815,8.605,8.505,8.855,8.705,8.775,8.015,8.805,9.005,5.615,8.605,8.75,9.165,8.86,10.48,,,,,,,,,,,,,,,,,8.145,9.405
9-Oct-20,8.365,8.785,8.575,8.475,8.825,8.675,8.745,8.025,8.775,8.975,5.625,8.615,8.72,9.135,8.83,10.42,,,,,,,,,,,,,,,,,8.115,9.375
10-Oct-20,8.365,8.785,8.575,8.475,8.825,8.675,8.745,8.025,8.775,8.975,5.625,8.615,8.72,9.135,8.83,10.42,,,,,,,,,,,,,,,,,8.115,9.375
11-Oct-20,8.365,8.785,8.575,8.475,8.825,8.675,8.745,8.025,8.775,8.975,5.625,8.615,8.72,9.135,8.83,10.42,,,,,,,,,,,,,,,,,8.115,9.375
12-Oct-20,8.315,8.735,8.525,8.425,8.775,8.625,8.695,8.005,8.725,8.925,5.605,8.595,8.67,9.085,8.78,10.365,,,,,,,,,,,,,,,,,8.065,9.325
13-Oct-20,8.305,8.725,8.515,8.415,8.765,8.615,8.685,7.975,8.715,8.915,5.575,8.565,8.66,9.075,8.77,10.35,,,,,,,,,,,,,,,,,8.055,9.315
14-Oct-20,8.295,8.725,8.505,8.405,8.755,8.605,8.675,7.955,8.705,8.905,5.555,8.545,8.65,9.065,8.76,10.34,,,,,,,,,,,,,,,,,8.045,9.305
15-Oct-20,8.29,8.71,8.5,8.4,8.75,8.6,8.67,7.955,8.7,8.9,5.555,8.545,8.645,9.06,8.755,10.355,,,,,,,,,,,,,,,,,8.04,9.3
16-Oct-20,8.225,8.645,8.435,8.335,8.685,8.535,8.605,7.8,8.635,8.835,5.4,8.39,8.58,8.995,8.69,10.27,,,,,,,,,,,,,,,,,7.975,9.235
17-Oct-20,8.225,8.645,8.435,8.335,8.685,8.535,8.605,7.8,8.635,8.835,5.4,8.39,8.58,8.995,8.69,10.27,,,,,,,,,,,,,,,,,7.975,9.235
18-Oct-20,8.225,8.645,8.435,8.335,8.685,8.535,8.605,7.8,8.635,8.835,5.4,8.39,8.58,8.995,8.69,10.27,,,,,,,,,,,,,,,,,7.975,9.235
19-Oct-20,8.155,8.575,8.365,8.265,8.615,8.465,8.535,7.8,8.565,8.765,5.4,8.39,8.51,8.925,8.62,10.215,,,,,,,,,,,,,,,,,7.905,9.165
20-Oct-20,8.195,8.615,8.405,8.305,8.655,8.505,8.575,7.835,8.605,8.805,5.435,8.425,8.55,8.965,8.66,10.25,,,,,,,,,,,,,,,,,7.945,9.205
21-Oct-20,8.18,8.6,8.39,8.29,8.64,8.49,8.56,7.805,8.59,8.79,5.405,8.395,8.535,8.95,8.645,10.225,,,,,,,,,,,,,,,,,7.93,9.19
22-Oct-20,8.165,8.585,8.375,8.275,8.625,8.475,8.545,7.81,8.575,8.775,5.41,8.4,8.52,8.935,8.63,10.18,,,,,,,,,,,,,,,,,7.915,9.175
23-Oct-20,8.23,8.65,8.44,8.34,8.69,8.54,8.61,7.86,8.64,8.84,5.46,8.45,8.585,9,8.695,10.185,,,,,,,,,,,,,,,,,7.98,9.24
24-Oct-20,8.23,8.65,8.44,8.34,8.69,8.54,8.61,7.86,8.64,8.84,5.46,8.45,8.585,9,8.695,10.185,,,,,,,,,,,,,,,,,7.98,9.24
25-Oct-20,8.23,8.65,8.44,8.34,8.69,8.54,8.61,7.86,8.64,8.84,5.46,8.45,8.585,9,8.695,10.185,,,,,,,,,,,,,,,,,7.98,9.24
26-Oct-20,8.275,8.695,8.485,8.385,8.735,8.585,8.655,7.85,8.685,8.885,5.45,8.44,8.63,9.045,8.74,10.18,,,,,,,,,,,,,,,,,8.025,9.285
27-Oct-20,8.31,8.73,8.52,8.42,8.77,8.62,8.69,7.835,8.72,10.131,5.435,8.6,9.316,9.08,8.775,10.448,,,,,,,,,,,,,,,,,8.06,9.32
28-Oct-20,8.36,8.78,8.57,8.47,8.82,8.67,8.74,7.77,8.77,10.181,5.37,8.535,9.366,9.13,8.825,10.508,,,,,,,,,,,,,,,,,8.11,9.37
29-Oct-20,8.295,8.715,8.505,8.405,8.755,8.605,8.675,7.76,8.705,10.116,5.36,8.525,9.301,9.065,8.76,10.428,,,,,,,,,,,,,,,,,8.045,9.305
30-Oct-20,8.235,8.655,8.445,8.345,8.695,8.545,8.615,7.7,8.645,10.056,5.3,8.465,9.241,9.005,8.7,10.448,,,,,,,,,,,,,,,,,7.985,9.245
31-Oct-20,8.235,8.655,8.445,8.345,8.695,8.545,8.615,7.7,8.645,10.056,5.3,8.465,9.241,9.005,8.7,10.448,,,,,,,,,,,,,,,,,7.985,9.245
1-Nov-20,8.235,8.655,8.445,8.345,8.695,8.545,8.615,7.7,8.645,10.056,5.3,8.465,9.241,9.005,8.7,10.448,,,,,,,,,,,,,,,,,7.985,9.245
2-Nov-20,8.365,8.985,8.475,8.375,8.725,8.575,8.645,7.825,8.675,10.086,5.625,8.49,9.271,9.225,8.73,10.508,,,,,,,,,,,,,,,,,8.115,9.275
3-Nov-20,8.3,9.02,8.41,8.31,8.66,8.51,8.58,7.84,8.61,10.021,5.84,8.505,9.106,9.31,8.665,10.433,,,,,,,,,,,,,,,,,8.05,9.21
4-Nov-20,8.245,8.965,8.355,8.255,8.605,8.455,8.525,7.86,8.555,9.966,5.86,8.525,9.051,9.255,8.61,10.403,,,,,,,,,,,,,,,,,7.995,9.155
5-Nov-20,8.105,8.725,8.115,8.015,8.365,8.215,8.285,7.775,8.315,9.726,5.975,8.44,8.811,9.115,8.37,10.133,,,,,,,,,,,,,,,,,7.855,8.915
6-Nov-20,8.2,8.82,8.21,8.11,8.46,8.31,8.38,7.795,8.41,9.821,6.395,8.46,8.906,9.21,8.465,10.108,,,,,,,,,,,,,,,,,7.95,9.01
7-Nov-20,8.2,8.82,8.21,8.11,8.46,8.31,8.38,7.795,8.41,9.821,6.395,8.46,8.906,9.21,8.465,10.108,,,,,,,,,,,,,,,,,7.95,9.01
8-Nov-20,8.2,8.82,8.21,8.11,8.46,8.31,8.38,7.795,8.41,9.821,6.395,8.46,8.906,9.21,8.465,10.108,,,,,,,,,,,,,,,,,7.95,9.01
9-Nov-20,8.13,8.75,8.14,8.04,8.39,8.24,8.31,7.445,8.34,9.751,6.045,8.11,8.836,9.14,8.395,9.888,,,,,,,,,,,,,,,,,7.88,8.94
10-Nov-20,8.305,8.925,8.315,8.215,8.565,8.415,8.485,7.595,8.515,9.926,6.195,8.26,9.011,9.315,8.57,10.008,,,,,,,,,,,,,,,,,8.055,9.115
11-Nov-20,8.295,8.915,8.305,8.205,8.555,8.405,8.475,7.605,8.505,9.916,6.205,8.27,9.001,9.305,8.56,9.978,,,,,,,,,,,,,,,,,8.045,9.105
12-Nov-20,8.29,8.91,8.3,8.2,8.55,8.4,8.47,7.645,8.5,9.911,6.245,8.31,8.996,9.3,8.555,9.983,,,,,,,,,,,,,,,,,8.04,9.1
13-Nov-20,8.34,8.96,8.35,8.25,8.6,8.45,8.52,7.735,8.55,9.961,6.335,8.4,9.046,9.35,8.605,10.043,,,,,,,,,,,,,,,,,8.09,9.15
14-Nov-20,8.34,8.96,8.35,8.25,8.6,8.45,8.52,7.735,8.55,9.961,6.335,8.4,9.046,9.35,8.605,10.043,,,,,,,,,,,,,,,,,8.09,9.15
15-Nov-20,8.34,8.96,8.35,8.25,8.6,8.45,8.52,7.735,8.55,9.961,6.335,8.4,9.046,9.35,8.605,10.043,,,,,,,,,,,,,,,,,8.09,9.15
16-Nov-20,8.295,8.915,8.305,8.205,8.555,8.405,8.475,7.755,8.505,9.916,6.355,8.42,9.001,9.305,8.56,9.943,,,,,,,,,,,,,,,,,8.045,9.105
17-Nov-20,8.3,8.92,8.31,8.21,8.56,8.41,8.48,7.73,8.51,9.921,6.33,8.395,9.006,9.31,8.565,9.958,,,,,,,,,,,,,,,,,8.05,9.11
18-Nov-20,8.28,8.9,8.29,8.19,8.54,8.39,8.46,7.755,8.49,9.901,6.355,8.42,8.986,9.29,8.545,9.948,,,,,,,,,,,,,,,,,8.03,9.09
19-Nov-20,8.315,8.935,8.325,8.225,8.575,8.425,8.495,7.755,8.525,9.936,6.355,8.42,9.021,9.325,8.58,9.963,,,,,,,,,,,,,,,,,8.065,9.125
20-Nov-20,8.28,8.9,8.29,8.19,8.54,8.39,8.46,7.78,8.49,9.901,6.38,8.445,8.986,9.29,8.545,9.933,,,,,,,,,,,,,,,,,8.03,9.09
21-Nov-20,8.28,8.9,8.29,8.19,8.54,8.39,8.46,7.78,8.49,9.901,6.38,8.445,8.986,9.29,8.545,9.933,,,,,,,,,,,,,,,,,8.03,9.09
22-Nov-20,8.28,8.9,8.29,8.19,8.54,8.39,8.46,7.78,8.49,9.901,6.38,8.445,8.986,9.29,8.545,9.933,,,,,,,,,,,,,,,,,8.03,9.09
23-Nov-20,8.34,8.96,8.35,8.25,8.6,8.45,8.52,7.785,8.55,9.961,6.385,8.45,9.046,9.35,8.605,9.998,,,,,,,,,,,,,,,,,8.09,9.15
24-Nov-20,8.315,8.935,8.325,8.225,8.575,8.425,8.495,7.74,8.525,9.936,6.34,8.405,9.021,9.325,8.58,9.973,,,,,,,,,,,,,,,,,8.065,9.125
25-Nov-20,8.335,8.95,8.325,8.225,8.575,8.425,8.495,7.72,8.535,10.25,6.32,8.6,9.36,9.325,8.58,10.5,,,,,,,,,,,,,,,,,8.085,9.125
26-Nov-20,8.64,9.675,8.35,8.25,8.6,8.45,8.52,7.905,8.75,10.275,7.005,8.785,9.385,10.325,8.605,10.505,,,,,,,,,,,,,,,,,8.39,9.15
27-Nov-20,8.725,9.76,8.435,8.335,8.685,8.535,8.605,7.97,8.835,10.36,7.07,8.85,9.47,10.41,8.69,10.6,,,,,,,,,,,,,,,,,8.475,9.235
28-Nov-20,8.725,9.76,8.435,8.335,8.685,8.535,8.605,7.97,8.835,10.36,7.07,8.85,9.47,10.41,8.69,10.6,,,,,,,,,,,,,,,,,8.475,9.235
29-Nov-20,8.725,9.76,8.435,8.335,8.685,8.535,8.605,7.97,8.835,10.36,7.07,8.85,9.47,10.41,8.69,10.6,,,,,,,,,,,,,,,,,8.475,9.235
30-Nov-20,8.745,9.78,8.455,8.355,8.705,8.555,8.625,7.905,8.855,10.38,7.55,8.785,9.49,10.43,8.71,10.605,,,,,,,,,,,,,,,,,8.495,9.255
1-Dec-20,8.705,9.74,8.415,8.315,8.665,8.515,8.585,7.995,8.815,10.34,8.095,8.875,9.45,10.39,8.67,10.62,,,,,,,,,,,,,,,,,8.455,9.215
2-Dec-20,8.695,9.73,8.405,8.305,8.655,8.505,8.575,8.11,8.805,10.33,8.21,8.99,9.44,10.38,8.66,10.615,,,,,,,,,,,,,,,,,8.445,9.205
3-Dec-20,8.71,9.745,8.42,8.32,8.67,8.52,8.59,8.195,8.82,10.345,8.295,9.075,9.455,10.395,8.675,10.645,,,,,,,,,,,,,,,,,8.46,9.22
4-Dec-20,8.635,9.67,8.345,8.245,8.595,8.445,8.515,8.155,8.745,10.27,8.255,9.035,9.38,10.32,8.6,10.575,,,,,,,,,,,,,,,,,8.385,9.145
5-Dec-20,8.635,9.67,8.345,8.245,8.595,8.445,8.515,8.155,8.745,10.27,8.255,9.035,9.38,10.32,8.6,10.575,,,,,,,,,,,,,,,,,8.385,9.145
6-Dec-20,8.635,9.67,8.345,8.245,8.595,8.445,8.515,8.155,8.745,10.27,8.255,9.035,9.38,10.32,8.6,10.575,,,,,,,,,,,,,,,,,8.385,9.145
7-Dec-20,8.585,9.62,8.295,8.195,8.545,8.395,8.465,8.19,8.695,10.22,8.29,9.07,9.33,10.27,8.55,10.55,,,,,,,,,,,,,,,,,8.335,9.095
8-Dec-20,8.515,9.55,8.225,8.125,8.475,8.325,8.395,8.185,8.625,10.15,8.285,9.065,9.26,10.2,8.48,10.49,,,,,,,,,,,,,,,,,8.265,9.025
9-Dec-20,8.57,9.605,8.28,8.18,8.53,8.38,8.45,8.205,8.68,10.205,8.305,9.085,9.315,10.255,8.535,10.52,,,,,,,,,,,,,,,,,8.32,9.08
10-Dec-20,8.57,9.605,8.28,8.18,8.53,8.38,8.45,8.175,8.68,10.205,8.275,9.055,9.315,10.255,8.535,10.5,,,,,,,,,,,,,,,,,8.32,9.08
11-Dec-20,8.53,9.565,8.24,8.14,8.49,8.34,8.41,8.28,8.64,10.165,8.38,9.16,9.275,10.215,8.495,10.425,,,,,,,,,,,,,,,,,8.28,9.04
12-Dec-20,8.53,9.565,8.24,8.14,8.49,8.34,8.41,8.28,8.64,10.165,8.38,9.16,9.275,10.215,8.495,10.425,,,,,,,,,,,,,,,,,8.28,9.04
13-Dec-20,8.53,9.565,8.24,8.14,8.49,8.34,8.41,8.28,8.64,10.165,8.38,9.16,9.275,10.215,8.495,10.425,,,,,,,,,,,,,,,,,8.28,9.04
14-Dec-20,8.505,9.54,8.215,8.115,8.465,8.315,8.385,8.255,8.615,10.14,8.355,9.135,9.25,10.19,8.47,10.395,,,,,,,,,,,,,,,,,8.255,9.015
15-Dec-20,8.46,9.495,8.17,8.07,8.42,8.27,8.34,8.265,8.57,10.095,8.365,9.145,9.205,10.145,8.425,10.38,,,,,,,,,,,,,,,,,8.21,8.97
16-Dec-20,8.512,9.45,8.13,8.151,8.47,8.13,8.45,8.41,8.69,10.124,8.243,9.139,9.205,10.245,8.45,10.273,,,,,,,,,,,,,,,,,8.262,9.02
17-Dec-20,8.385,9.42,8.095,7.995,8.345,8.195,8.265,8.225,8.495,10.02,8.325,9.105,9.13,10.07,8.35,10.3,,,,,,,,,,,,,,,,,8.135,8.895
18-Dec-20,8.37,9.405,8.08,7.98,8.33,8.18,8.25,8.235,8.48,10.005,8.335,9.115,9.115,10.055,8.335,10.28,,,,,,,,,,,,,,,,,8.12,8.88
19-Dec-20,8.37,9.405,8.08,7.98,8.33,8.18,8.25,8.235,8.48,10.005,8.335,9.115,9.115,10.055,8.335,10.28,,,,,,,,,,,,,,,,,8.12,8.88
20-Dec-20,8.37,9.405,8.08,7.98,8.33,8.18,8.25,8.235,8.48,10.005,8.335,9.115,9.115,10.055,8.335,10.28,,,,,,,,,,,,,,,,,8.12,8.88
21-Dec-20,8.505,9.54,8.215,8.115,8.465,8.315,8.385,8.33,8.615,10.14,8.43,9.21,9.25,10.19,8.47,10.435,,,,,,,,,,,,,,,,,8.255,9.015
22-Dec-20,8.395,9.43,8.105,8.005,8.355,8.205,8.275,8.245,8.505,10.03,8.345,9.125,9.14,10.08,8.36,10.34,,,,,,,,,,,,,,,,,8.145,8.905
23-Dec-20,8.38,9.415,8.09,7.99,8.34,8.19,8.26,8.25,8.49,10.015,8.35,9.13,9.125,10.065,8.345,10.335,,,,,,,,,,,,,,,,,8.13,8.89
24-Dec-20,8.39,9.425,8.1,8,8.35,8.2,8.27,8.255,8.5,10.025,8.355,9.135,9.135,10.075,8.355,10.35,,,,,,,,,,,,,,,,,8.14,8.9
25-Dec-20,8.39,9.425,8.1,8,8.35,8.2,8.27,8.255,8.5,10.025,8.355,9.135,9.135,10.075,8.355,10.35,,,,,,,,,,,,,,,,,8.14,8.9
26-Dec-20,8.39,9.425,8.1,8,8.35,8.2,8.27,8.255,8.5,10.025,8.355,9.135,9.135,10.075,8.355,10.35,,,,,,,,,,,,,,,,,8.14,8.9
27-Dec-20,8.39,9.425,8.1,8,8.35,8.2,8.27,8.255,8.5,10.025,8.355,9.135,9.135,10.075,8.355,10.35,,,,,,,,,,,,,,,,,8.14,8.9
28-Dec-20,8.385,9.42,8.095,7.995,8.345,8.195,8.265,8.24,8.495,10.02,8.34,9.12,9.13,10.07,8.35,10.345,,,,,,,,,,,,,,,,,8.135,8.895
29-Dec-20,8.475,9.51,8.185,8.085,8.435,8.285,8.355,8.255,8.585,10.11,8.355,9.135,9.22,10.16,8.44,10.45,,,,,,,,,,,,,,,,,8.225,8.985
30-Dec-20,8.325,9.36,8.035,7.935,8.285,8.135,8.205,8.115,8.435,9.96,8.215,8.995,9.07,10.01,8.29,10.34,,,,,,,,,,,,,,,,,8.075,8.835
31-Dec-20,8.305,9.34,8.015,7.915,8.265,8.115,8.185,8.11,8.415,9.94,8.21,8.99,9.05,9.99,8.27,10.32,,,,,,,,,,,,,,,,,8.055,8.815
1-Jan-21,8.305,9.34,8.015,7.915,8.265,8.115,8.185,8.11,8.415,9.94,8.21,8.99,9.05,9.99,8.27,10.32,,,,,,,,,,,,,,,,,8.055,8.815
2-Jan-21,8.305,9.34,8.015,7.915,8.265,8.115,8.185,8.11,8.415,9.94,8.21,8.99,9.05,9.99,8.27,10.32,,,,,,,,,,,,,,,,,8.055,8.815
3-Jan-21,8.305,9.34,8.015,7.915,8.265,8.115,8.185,8.11,8.415,9.94,8.21,8.99,9.05,9.99,8.27,10.32,,,,,,,,,,,,,,,,,8.055,8.815
4-Jan-21,8.22,9.255,7.93,7.83,8.18,8.03,8.1,8.04,8.33,9.855,8.14,8.92,8.965,9.905,8.185,10.25,,,,,,,,,,,,,,,,,7.97,8.73
5-Jan-21,8.235,9.27,7.945,7.845,8.195,8.045,8.115,8.035,8.345,9.87,8.135,8.915,8.98,9.92,8.2,10.295,,,,,,,,,,,,,,,,,7.985,8.745
6-Jan-21,8.265,9.3,7.975,7.875,8.225,8.075,8.145,8.075,8.375,9.9,8.175,8.955,9.01,9.95,8.23,10.3,,,,,,,,,,,,,,,,,8.015,8.775
7-Jan-21,8.385,9.42,8.095,7.995,8.345,8.195,8.265,8.1,8.495,10.02,8.2,8.98,9.13,10.07,8.35,10.415,,,,,,,,,,,,,,,,,8.135,8.895
8-Jan-21,8.37,9.405,8.08,7.98,8.33,8.18,8.25,8.12,8.48,10.005,8.22,9,9.115,10.055,8.335,10.425,,,,,,,,,,,,,,,,,8.12,8.88
9-Jan-21,8.37,9.405,8.08,7.98,8.33,8.18,8.25,8.12,8.48,10.005,8.22,9,9.115,10.055,8.335,10.425,,,,,,,,,,,,,,,,,8.12,8.88
10-Jan-21,8.37,9.405,8.08,7.98,8.33,8.18,8.25,8.12,8.48,10.005,8.22,9,9.115,10.055,8.335,10.425,,,,,,,,,,,,,,,,,8.12,8.88
11-Jan-21,8.37,9.405,8.08,7.98,8.33,8.18,8.25,8.095,8.48,10.005,8.195,8.975,9.115,10.055,8.335,10.43,,,,,,,,,,,,,,,,,8.12,8.88
12-Jan-21,8.355,9.39,8.065,7.965,8.315,8.165,8.235,8.085,8.465,9.99,8.185,8.965,9.1,10.04,8.32,10.415,,,,,,,,,,,,,,,,,8.105,8.865
13-Jan-21,8.29,9.325,8,7.9,8.25,8.1,8.17,8.055,8.4,9.925,8.155,8.935,9.035,9.975,8.255,10.39,,,,,,,,,,,,,,,,,8.04,8.8
14-Jan-21,8.23,9.265,7.94,7.84,8.19,8.04,8.11,8.045,8.34,9.865,8.145,8.925,8.975,9.915,8.195,10.39,,,,,,,,,,,,,,,,,7.98,8.74
15-Jan-21,8.305,9.34,8.015,7.915,8.265,8.115,8.185,8.05,8.415,9.94,8.15,8.93,9.05,9.99,8.27,10.45,,,,,,,,,,,,,,,,,8.055,8.815
16-Jan-21,8.305,9.34,8.015,7.915,8.265,8.115,8.185,8.05,8.415,9.94,8.15,8.93,9.05,9.99,8.27,10.45,,,,,,,,,,,,,,,,,8.055,8.815
17-Jan-21,8.305,9.34,8.015,7.915,8.265,8.115,8.185,8.05,8.415,9.94,8.15,8.93,9.05,9.99,8.27,10.45,,,,,,,,,,,,,,,,,8.055,8.815
18-Jan-21,8.29,9.325,8,7.9,8.25,8.1,8.17,8.06,8.4,9.925,8.16,8.94,9.035,9.975,8.255,10.455,,,,,,,,,,,,,,,,,8.04,8.8
19-Jan-21,8.24,9.275,7.95,7.85,8.2,8.05,8.12,8.055,8.35,9.875,8.155,8.935,8.985,9.925,8.205,10.36,,,,,,,,,,,,,,,,,7.99,8.75
20-Jan-21,8.205,9.24,7.915,7.815,8.165,8.015,8.085,8.035,8.315,9.84,8.135,8.915,8.95,9.89,8.17,10.34,,,,,,,,,,,,,,,,,7.955,8.715
21-Jan-21,8.28,9.315,7.99,7.89,8.24,8.09,8.16,8.085,8.39,9.915,8.185,8.965,9.025,9.965,8.245,10.33,,,,,,,,,,,,,,,,,8.03,8.79
22-Jan-21,8.31,9.345,8.02,7.92,8.27,8.12,8.19,8.085,8.42,9.945,8.185,8.965,9.055,9.995,8.275,10.375,,,,,,,,,,,,,,,,,8.06,8.82
23-Jan-21,8.31,9.345,8.02,7.92,8.27,8.12,8.19,8.085,8.42,9.945,8.185,8.965,9.055,9.995,8.275,10.375,,,,,,,,,,,,,,,,,8.06,8.82
24-Jan-21,8.31,9.345,8.02,7.92,8.27,8.12,8.19,8.085,8.42,9.945,8.185,8.965,9.055,9.995,8.275,10.375,,,,,,,,,,,,,,,,,8.06,8.82
25-Jan-21,8.32,9.355,8.03,7.93,8.28,8.13,8.2,8.105,8.43,9.955,8.205,8.985,9.065,10.005,8.285,10.395,,,,,,,,,,,,,,,,,8.07,8.83
26-Jan-21,8.33,9.365,8.04,7.94,8.29,8.14,8.21,8.16,8.44,9.965,8.26,9.04,9.075,10.015,8.295,10.38,,,,,,,,,,,,,,,,,8.08,8.84
27-Jan-21,8.34,9.375,8.05,7.95,8.3,8.15,8.22,8.17,8.45,9.975,8.27,9.05,9.085,10.025,8.305,10.38,,,,,,,,,,,,,,,,,8.09,8.85
28-Jan-21,8.35,9.385,8.06,7.96,8.31,8.16,8.23,8.2,8.46,9.985,8.3,9.08,9.095,10.035,8.315,10.38,,,,,,,,,,,,,,,,,8.1,8.86
29-Jan-21,8.325,9.36,8.035,7.935,8.285,8.135,8.205,8.235,8.435,9.96,8.335,9.115,9.07,10.01,8.29,10.385,,,,,,,,,,,,,,,,,8.075,8.835
30-Jan-21,8.325,9.36,8.035,7.935,8.285,8.135,8.205,8.235,8.435,9.96,8.335,9.115,9.07,10.01,8.29,10.385,,,,,,,,,,,,,,,,,8.075,8.835
31-Jan-21,8.325,9.36,8.035,7.935,8.285,8.135,8.205,8.235,8.435,9.96,8.335,9.115,9.07,10.01,8.29,10.385,,,,,,,,,,,,,,,,,8.075,8.835
1-Feb-21,8.28,9.315,7.99,7.89,8.24,8.09,8.16,8.275,8.39,9.915,8.375,9.155,9.025,9.965,8.245,10.31,,,,,,,,,,,,,,,,,8.03,8.79
2-Feb-21,8.26,9.295,7.97,7.87,8.22,8.07,8.14,8.17,8.37,9.895,8.27,9.05,9.005,9.945,8.225,10.18,,,,,,,,,,,,,,,,,8.01,8.77
3-Feb-21,8.27,9.305,7.98,7.88,8.23,8.08,8.15,8.19,8.38,9.905,8.29,9.07,9.015,9.955,8.235,10.04,,,,,,,,,,,,,,,,,8.02,8.78
4-Feb-21,8.275,9.31,7.985,7.885,8.235,8.085,8.155,8.215,8.385,9.91,8.315,9.095,9.02,9.96,8.24,10.05,,,,,,,,,,,,,,,,,8.025,8.785
5-Feb-21,8.265,9.3,7.975,7.875,8.225,8.075,8.145,8.215,8.375,9.9,8.315,9.095,9.01,9.95,8.23,10.065,,,,,,,,,,,,,,,,,8.015,8.775
6-Feb-21,8.265,9.3,7.975,7.875,8.225,8.075,8.145,8.215,8.375,9.9,8.315,9.095,9.01,9.95,8.23,10.065,,,,,,,,,,,,,,,,,8.015,8.775
7-Feb-21,8.265,9.3,7.975,7.875,8.225,8.075,8.145,8.215,8.375,9.9,8.315,9.095,9.01,9.95,8.23,10.065,,,,,,,,,,,,,,,,,8.015,8.775
8-Feb-21,8.32,9.355,8.03,7.93,8.28,8.13,8.2,8.23,8.43,9.955,8.33,9.11,9.065,10.005,8.285,10.14,8.203,8.848,9.692,10.287,,,,,,,,,,,,,8.07,8.83
9-Feb-21,8.375,9.41,8.085,7.985,8.335,8.185,8.255,8.275,8.485,10.01,8.375,9.155,9.12,10.06,8.34,10.21,8.248,8.903,9.747,10.357,,,,,,,,,,,,,8.125,8.885
10-Feb-21,8.335,9.37,8.045,7.945,8.295,8.145,8.215,8.265,8.445,9.97,8.365,9.145,9.08,10.02,8.3,10.175,8.238,8.863,9.707,10.322,,,,,,,,,,,,,8.085,8.845
11-Feb-21,8.3,9.335,8.01,7.91,8.26,8.11,8.18,8.23,8.41,9.935,8.33,9.11,9.045,9.985,8.265,10.08,8.203,8.828,9.672,10.227,,,,,,,,,,,,,8.05,8.81
12-Feb-21,8.345,9.38,8.055,7.955,8.305,8.155,8.225,8.26,8.455,9.98,8.36,9.14,9.09,10.03,8.31,10.105,8.233,8.873,9.717,10.252,,,,,,,,,,,,,8.095,8.855
13-Feb-21,8.345,9.38,8.055,7.955,8.305,8.155,8.225,8.26,8.455,9.98,8.36,9.14,9.09,10.03,8.31,10.105,8.233,8.873,9.717,10.252,,,,,,,,,,,,,8.095,8.855
14-Feb-21,8.345,9.38,8.055,7.955,8.305,8.155,8.225,8.26,8.455,9.98,8.36,9.14,9.09,10.03,8.31,10.105,8.233,8.873,9.717,10.252,,,,,,,,,,,,,8.095,8.855
15-Feb-21,8.42,9.455,8.13,8.03,8.38,8.23,8.3,8.28,8.53,10.055,8.38,9.16,9.165,10.105,8.385,10.13,8.253,8.948,9.792,10.277,,,,,,,,,,,,,8.17,8.93
16-Feb-21,8.54,9.575,8.25,8.15,8.5,8.35,8.42,8.36,8.65,10.175,8.46,9.24,9.285,10.225,8.505,10.205,8.333,9.068,9.912,10.352,,,,,,,,,,,,,8.29,9.05
17-Feb-21,8.64,9.675,8.35,8.25,8.6,8.45,8.52,8.39,8.75,10.275,8.49,9.27,9.385,10.325,8.605,10.3,8.363,9.168,10.012,10.447,,,,,,,,,,,,,8.39,9.15
18-Feb-21,8.655,9.69,8.365,8.265,8.615,8.465,8.535,8.41,8.765,10.29,8.51,9.29,9.4,10.34,8.62,10.355,8.383,9.183,10.027,10.502,,,,,,,,,,,,,8.405,9.165
19-Feb-21,8.755,9.79,8.465,8.365,8.715,8.565,8.635,8.535,8.865,10.39,8.635,9.415,9.5,10.44,8.72,10.475,8.508,9.283,10.127,10.622,,,,,,,,,,,,,8.505,9.265
20-Feb-21,8.755,9.79,8.465,8.365,8.715,8.565,8.635,8.535,8.865,10.39,8.635,9.415,9.5,10.44,8.72,10.475,8.508,9.283,10.127,10.622,,,,,,,,,,,,,8.505,9.265
21-Feb-21,8.755,9.79,8.465,8.365,8.715,8.565,8.635,8.535,8.865,10.39,8.635,9.415,9.5,10.44,8.72,10.475,8.508,9.283,10.127,10.622,,,,,,,,,,,,,8.505,9.265
22-Feb-21,8.84,9.875,8.55,8.45,8.8,8.65,8.72,8.63,8.95,10.475,8.73,9.51,9.585,10.525,8.805,10.58,8.603,9.368,10.212,10.727,,,,,,,,,,,,,8.59,9.35
23-Feb-21,8.755,9.79,8.465,8.365,8.715,8.565,8.635,8.68,8.865,10.39,8.78,9.56,9.5,10.44,8.72,10.455,8.653,9.283,10.127,10.602,,,,,,,,,,,,,8.505,9.265
24-Feb-21,8.815,9.85,8.525,8.425,8.775,8.625,8.695,8.77,8.925,10.45,8.87,9.65,9.56,10.5,8.78,10.43,8.743,9.343,10.187,10.577,,,,,,,,,,,,,8.565,9.325
25-Feb-21,8.95,9.985,8.66,8.56,8.91,8.76,8.83,8.905,9.06,10.585,9.005,9.785,9.695,10.635,8.915,10.565,8.878,9.478,10.322,10.712,,,,,,,,,,,,,8.7,9.46
26-Feb-21,8.98,10.015,8.69,8.59,8.94,8.79,8.86,8.825,9.09,10.615,8.925,9.705,9.725,10.665,8.945,10.56,8.798,9.508,10.352,10.707,,,,,,,,,,,,,8.73,9.49
27-Feb-21,8.98,10.015,8.69,8.59,8.94,8.79,8.86,8.825,9.09,10.615,8.925,9.705,9.725,10.665,8.945,10.56,8.798,9.508,10.352,10.707,,,,,,,,,,,,,8.73,9.49
28-Feb-21,8.98,10.015,8.69,8.59,8.94,8.79,8.86,8.825,9.09,10.615,8.925,9.705,9.725,10.665,8.945,10.56,8.798,9.508,10.352,10.707,,,,,,,,,,,,,8.73,9.49
1-Mar-21,8.905,9.94,8.615,8.515,8.865,8.715,8.785,8.81,9.015,10.54,8.91,9.69,9.65,10.59,8.87,10.49,8.783,9.433,10.277,10.637,,,,,,,,,,,,,8.655,9.415
2-Mar-21,8.935,9.97,8.645,8.545,8.895,8.745,8.815,8.785,9.045,10.57,8.885,9.665,9.68,10.62,8.9,10.525,8.758,9.463,10.307,10.672,,,,,,,,,,,,,8.685,9.445
3-Mar-21,8.96,9.995,8.67,8.57,8.92,8.77,8.84,8.83,9.07,10.595,8.93,9.71,9.705,10.645,8.925,10.555,8.803,9.488,10.332,10.702,,,,,,,,,,,,,8.71,9.47
4-Mar-21,9.035,10.07,8.745,8.645,8.995,8.845,8.915,8.83,9.145,10.67,8.93,9.71,9.78,10.72,9,10.625,8.803,9.563,10.407,10.772,,,,,,,,,,,,,8.785,9.545
5-Mar-21,9.24,10.275,8.95,8.85,9.2,9.05,9.12,8.985,9.35,10.875,9.085,9.865,9.985,10.925,9.205,10.79,8.958,9.768,10.612,10.937,,,,,,,,,,,,,8.99,9.75
6-Mar-21,9.24,10.275,8.95,8.85,9.2,9.05,9.12,8.985,9.35,10.875,9.085,9.865,9.985,10.925,9.205,10.79,8.958,9.768,10.612,10.937,,,,,,,,,,,,,8.99,9.75
7-Mar-21,9.24,10.275,8.95,8.85,9.2,9.05,9.12,8.985,9.35,10.875,9.085,9.865,9.985,10.925,9.205,10.79,8.958,9.768,10.612,10.937,,,,,,,,,,,,,8.99,9.75
8-Mar-21,9.4,10.435,9.11,9.01,9.36,9.21,9.28,9.065,9.51,11.035,9.165,9.945,10.145,11.085,9.365,10.96,9.038,9.928,10.772,11.107,,,,,,,,,,,,,9.15,9.91
9-Mar-21,9.33,10.365,9.04,8.94,9.29,9.14,9.21,8.985,9.44,10.965,9.085,9.865,10.075,11.015,9.295,10.915,8.958,9.858,10.702,11.062,,,,,,,,,,,,,9.08,9.84
10-Mar-21,9.205,10.24,8.915,8.815,9.165,9.015,9.085,8.945,9.315,10.84,9.045,9.825,9.95,10.89,9.17,10.87,8.918,9.733,10.577,11.017,,,,,,,,,,,,,8.955,9.715
11-Mar-21,9.05,10.085,8.76,8.66,9.01,8.86,8.93,8.935,9.16,10.685,9.035,9.815,9.795,10.735,9.015,10.74,8.908,9.578,10.422,10.887,,,,,,,,,,,,,8.8,9.56
12-Mar-21,9.16,10.195,8.87,8.77,9.12,8.97,9.04,8.94,9.27,10.795,9.04,9.82,9.905,10.845,9.125,10.855,8.913,9.688,10.532,11.002,,,,,,,,,,,,,8.91,9.67
13-Mar-21,9.16,10.195,8.87,8.77,9.12,8.97,9.04,8.94,9.27,10.795,9.04,9.82,9.905,10.845,9.125,10.855,8.913,9.688,10.532,11.002,,,,,,,,,,,,,8.91,9.67
14-Mar-21,9.16,10.195,8.87,8.77,9.12,8.97,9.04,8.94,9.27,10.795,9.04,9.82,9.905,10.845,9.125,10.855,8.913,9.688,10.532,11.002,,,,,,,,,,,,,8.91,9.67
15-Mar-21,9.08,10.115,8.79,8.69,9.04,8.89,8.96,8.915,9.19,10.715,9.015,9.795,9.825,10.765,9.045,10.765,8.888,9.608,10.452,10.912,,,,,,,,,,,,,8.83,9.59
16-Mar-21,8.95,9.985,8.66,8.56,8.91,8.76,8.83,8.88,9.06,10.585,8.98,9.76,9.695,10.635,8.915,10.7,8.853,9.478,10.322,10.847,,,,,,,,,,,,,8.7,9.46
17-Mar-21,9.05,10.085,8.76,8.66,9.01,8.86,8.93,8.925,9.16,10.685,9.025,9.805,9.795,10.735,9.015,10.865,8.898,9.578,10.422,11.012,,,,,,,,,,,,,8.8,9.56
18-Mar-21,9.04,10.075,8.75,8.65,9,8.85,8.92,8.935,9.15,10.675,9.035,9.815,9.785,10.725,9.005,10.99,8.908,9.568,10.412,11.137,,,,,,,,,,,,,8.79,9.55
19-Mar-21,8.975,10.01,8.685,8.585,8.935,8.785,8.855,9.005,9.085,10.61,9.105,9.885,9.72,10.66,8.94,10.88,8.978,9.503,10.347,11.027,,,,,,,,,,,,,8.725,9.485
20-Mar-21,8.975,10.01,8.685,8.585,8.935,8.785,8.855,9.005,9.085,10.61,9.105,9.885,9.72,10.66,8.94,10.88,8.978,9.503,10.347,11.027,,,,,,,,,,,,,8.725,9.485
21-Mar-21,8.975,10.01,8.685,8.585,8.935,8.785,8.855,9.005,9.085,10.61,9.105,9.885,9.72,10.66,8.94,10.88,8.978,9.503,10.347,11.027,,,,,,,,,,,,,8.725,9.485
22-Mar-21,8.995,10.099,8.71,8.612,8.943,8.83,8.912,9,9.154,10.7,9.105,9.9,9.72,10.66,8.99,10.89,8.978,9.551,10.44,11,,,,,,,,,,,,,8.745,9.493
23-Mar-21,9.08,10.115,8.79,8.69,9.04,8.89,8.96,9.03,9.19,10.715,9.13,9.91,9.825,10.765,9.045,10.94,9.003,9.608,10.452,11.087,,,,,,,,,,,,,8.83,9.59
24-Mar-21,9.105,10.14,8.815,8.715,9.065,8.915,8.985,8.98,9.215,10.74,9.08,9.86,9.85,10.79,9.07,11.005,8.953,9.633,10.477,11.152,,,,,,,,,,,,,8.855,9.615
25-Mar-21,9.19,10.225,8.9,8.8,9.15,9,9.07,8.955,9.3,10.825,9.055,9.835,9.935,10.875,9.155,11.11,8.928,9.718,10.562,11.257,,,,,,,,,,,,,8.94,9.7
26-Mar-21,9.125,10.16,8.835,8.735,9.085,8.935,9.005,8.955,9.235,10.76,9.055,9.835,9.87,10.81,9.09,11.07,8.928,9.653,10.497,11.217,,,,,,,,,,,,,8.875,9.635
27-Mar-21,9.125,10.16,8.835,8.735,9.085,8.935,9.005,8.955,9.235,10.76,9.055,9.835,9.87,10.81,9.09,11.07,8.928,9.653,10.497,11.217,,,,,,,,,,,,,8.875,9.635
28-Mar-21,9.125,10.16,8.835,8.735,9.085,8.935,9.005,8.955,9.235,10.76,9.055,9.835,9.87,10.81,9.09,11.07,8.928,9.653,10.497,11.217,,,,,,,,,,,,,8.875,9.635
29-Mar-21,9.065,10.1,8.775,8.675,9.025,8.875,8.945,8.93,9.175,10.7,9.03,9.81,9.81,10.75,9.03,11.05,8.903,9.593,10.437,11.197,,,,,,,,,,,,,8.815,9.575
30-Mar-21,9.18,10.215,8.89,8.79,9.14,8.99,9.06,8.97,9.29,10.815,9.07,9.85,9.925,10.865,9.145,11.14,8.943,9.708,10.552,11.287,,,,,,,,,,,,,8.93,9.69
31-Mar-21,9.115,10.15,8.825,8.725,9.075,8.925,8.995,8.885,9.225,10.75,8.985,9.765,9.86,10.8,9.08,11.065,8.858,9.643,10.487,11.212,,,,,,,,,,,,,8.865,9.625
1-Apr-21,9.19,10.225,8.9,8.8,9.15,9,9.07,8.905,9.3,10.825,9.005,9.785,9.935,10.875,9.155,11.15,8.878,9.718,10.562,11.297,,,,,,,,,,,,,8.94,9.7
2-Apr-21,9.19,10.225,8.9,8.8,9.15,9,9.07,8.905,9.3,10.825,9.005,9.785,9.935,10.875,9.155,11.15,8.878,9.718,10.562,11.297,,,,,,,,,,,,,8.94,9.7
3-Apr-21,9.19,10.225,8.9,8.8,9.15,9,9.07,8.905,9.3,10.825,9.005,9.785,9.935,10.875,9.155,11.15,8.878,9.718,10.562,11.297,,,,,,,,,,,,,8.94,9.7
4-Apr-21,9.19,10.225,8.9,8.8,9.15,9,9.07,8.905,9.3,10.825,9.005,9.785,9.935,10.875,9.155,11.15,8.878,9.718,10.562,11.297,,,,,,,,,,,,,8.94,9.7
5-Apr-21,9.19,10.225,8.9,8.8,9.15,9,9.07,8.905,9.3,10.825,9.005,9.785,9.935,10.875,9.155,11.15,8.878,9.718,10.562,11.297,,,,,,,,,,,,,8.94,9.7
6-Apr-21,9.115,10.15,8.825,8.725,9.075,8.925,8.995,8.785,9.225,10.75,8.885,9.665,9.86,10.8,9.08,11.045,8.758,9.643,10.487,11.192,,,,,,,,,,,,,8.865,9.625
7-Apr-21,9.025,10.06,8.735,8.635,8.985,8.835,8.905,8.775,9.135,10.66,8.875,9.655,9.77,10.71,8.99,10.895,8.748,9.553,10.397,11.042,,,,,,,,,,,,,8.775,9.535
8-Apr-21,8.99,10.025,8.7,8.6,8.95,8.8,8.87,8.745,9.1,10.625,8.845,9.625,9.735,10.675,8.955,10.8,8.718,9.518,10.362,10.947,,,,,,,,,,,,,8.74,9.5
9-Apr-21,9.075,10.11,8.785,8.685,9.035,8.885,8.955,8.74,9.185,10.71,8.84,9.62,9.82,10.76,9.04,10.875,8.713,9.603,10.447,11.022,,,,,,,,,,,,,8.825,9.585
10-Apr-21,9.075,10.11,8.785,8.685,9.035,8.885,8.955,8.74,9.185,10.71,8.84,9.62,9.82,10.76,9.04,10.875,8.713,9.603,10.447,11.022,,,,,,,,,,,,,8.825,9.585
11-Apr-21,9.075,10.11,8.785,8.685,9.035,8.885,8.955,8.74,9.185,10.71,8.84,9.62,9.82,10.76,9.04,10.875,8.713,9.603,10.447,11.022,,,,,,,,,,,,,8.825,9.585
12-Apr-21,9.19,10.225,8.9,8.8,9.15,9,9.07,8.73,9.3,10.825,8.83,9.61,9.935,10.875,9.155,10.925,8.703,9.718,10.562,11.072,,,,,,,,,,,,,8.94,9.7
13-Apr-21,9.12,10.155,8.83,8.73,9.08,8.93,9,8.725,9.23,10.755,8.825,9.605,9.865,10.805,9.085,10.9,8.698,9.648,10.492,11.047,,,,,,,,,,,,,8.87,9.63
14-Apr-21,9.015,10.05,8.725,8.625,8.975,8.825,8.895,8.58,9.125,10.65,8.68,9.46,9.76,10.7,8.98,10.8,8.553,9.543,10.387,10.947,,,,,,,,,,,,,8.765,9.525
15-Apr-21,8.905,9.94,8.615,8.515,8.865,8.715,8.785,8.565,9.015,10.54,8.665,9.445,9.65,10.59,8.87,10.67,8.538,9.433,10.277,10.817,,,,,,,,,,,,,8.655,9.415
16-Apr-21,8.815,9.85,8.525,8.425,8.775,8.625,8.695,8.48,8.925,10.45,8.58,9.36,9.56,10.5,8.78,10.635,8.453,9.343,10.187,10.782,,,,,,,,,,,,,8.565,9.325
17-Apr-21,8.815,9.85,8.525,8.425,8.775,8.625,8.695,8.48,8.925,10.45,8.58,9.36,9.56,10.5,8.78,10.635,8.453,9.343,10.187,10.782,,,,,,,,,,,,,8.565,9.325
18-Apr-21,8.815,9.85,8.525,8.425,8.775,8.625,8.695,8.48,8.925,10.45,8.58,9.36,9.56,10.5,8.78,10.635,8.453,9.343,10.187,10.782,,,,,,,,,,,,,8.565,9.325
19-Apr-21,8.815,9.85,8.525,8.425,8.775,8.625,8.695,8.48,8.925,10.45,8.58,9.36,9.56,10.5,8.78,10.635,8.453,9.343,10.187,10.782,,,,,,,,,,,,,8.565,9.325
20-Apr-21,8.85,9.885,8.56,8.46,8.81,8.66,8.73,8.49,8.96,10.485,8.59,9.37,9.595,10.535,8.815,10.64,8.463,9.378,10.222,10.787,,,,,,,,,,,,,8.6,9.36
21-Apr-21,8.86,9.895,8.57,8.47,8.82,8.67,8.74,8.395,8.97,10.495,8.495,9.275,9.605,10.545,8.825,10.645,8.368,9.388,10.232,10.792,,,,,,,,,,,,,8.61,9.37
22-Apr-21,8.905,9.94,8.615,8.515,8.865,8.715,8.785,8.27,9.015,10.54,8.37,9.15,9.65,10.59,8.87,10.68,8.243,9.433,10.277,10.827,,,,,,,,,,,,,8.655,9.365
23-Apr-21,8.945,9.98,8.655,8.555,8.905,8.755,8.825,8.295,9.055,10.58,8.395,9.175,9.69,10.63,8.91,10.775,8.268,9.473,10.317,10.922,,,,,,,,,,,,,8.695,9.455
24-Apr-21,8.945,9.98,8.655,8.555,8.905,8.755,8.825,8.295,9.055,10.58,8.395,9.175,9.69,10.63,8.91,10.775,8.268,9.473,10.317,10.922,,,,,,,,,,,,,8.695,9.455
25-Apr-21,8.945,9.98,8.655,8.555,8.905,8.755,8.825,8.295,9.055,10.58,8.395,9.175,9.69,10.63,8.91,10.775,8.268,9.473,10.317,10.922,,,,,,,,,,,,,8.695,9.455
26-Apr-21,8.945,9.98,8.655,8.555,8.905,8.755,8.825,8.295,9.055,10.58,8.395,9.175,9.69,10.63,8.91,10.775,8.268,9.473,10.317,10.922,,,,,,,,,,,,,8.695,9.455
27-Apr-21,8.895,9.93,8.605,8.505,8.855,8.705,8.775,8.265,9.005,10.53,8.365,9.145,9.64,10.58,8.86,10.72,8.238,9.423,10.267,10.867,,,,,,,,,,,,,8.645,9.405
28-Apr-21,8.95,9.985,8.66,8.56,8.91,8.76,8.83,8.275,9.06,10.585,8.375,9.155,9.695,10.635,8.915,10.79,8.248,9.478,10.322,10.937,,,,,,,,,,,,,8.7,9.46
29-Apr-21,8.995,10.03,8.705,8.605,8.955,8.805,8.875,8.31,9.105,10.63,8.41,9.19,9.74,10.68,8.96,10.825,8.283,9.523,10.367,10.972,,,,,,,,,,,,,8.745,9.505
30-Apr-21,9.03,10.065,8.74,8.64,8.99,8.84,8.91,8.28,9.14,10.665,8.38,9.16,9.775,10.715,8.995,10.86,8.253,9.558,10.402,11.007,,,,,,,,,,,,,8.78,9.54
1-May-21,9.03,10.065,8.74,8.64,8.99,8.84,8.91,8.28,9.14,10.665,8.38,9.16,9.775,10.715,8.995,10.86,8.253,9.558,10.402,11.007,,,,,,,,,,,,,8.78,9.54
2-May-21,9.03,10.065,8.74,8.64,8.99,8.84,8.91,8.28,9.14,10.665,8.38,9.16,9.775,10.715,8.995,10.86,8.253,9.558,10.402,11.007,,,,,,,,,,,,,8.78,9.54
3-May-21,8.92,9.955,8.63,8.53,8.88,8.73,8.8,8.19,9.03,10.555,8.29,9.07,9.665,10.605,8.885,10.705,8.163,9.448,10.292,10.852,,,,,,,,,,,,,8.67,9.43
4-May-21,8.97,10.005,8.68,8.58,8.93,8.78,8.85,8.235,9.08,10.605,8.335,9.115,9.715,10.655,8.935,10.72,8.208,9.498,10.342,10.867,,,,,,,,,,,,,8.72,9.48
5-May-21,8.99,10.025,8.7,8.6,8.95,8.8,8.87,8.255,9.1,10.625,8.355,9.135,9.735,10.675,8.955,10.69,8.228,9.518,10.362,10.837,,,,,,,,,,,,,8.74,9.5
6-May-21,8.945,9.98,8.655,8.555,8.905,8.755,8.825,8.27,9.055,10.58,8.37,9.15,9.69,10.63,8.91,10.625,8.243,9.473,10.317,10.772,,,,,,,,,,,,,8.695,9.455
7-May-21,8.91,9.945,8.62,8.52,8.87,8.72,8.79,8.24,9.02,10.545,8.34,9.12,9.655,10.595,8.875,10.59,8.213,9.438,10.282,10.737,,,,,,,,,,,,,8.66,9.42
8-May-21,8.91,9.945,8.62,8.52,8.87,8.72,8.79,8.24,9.02,10.545,8.34,9.12,9.655,10.595,8.875,10.59,8.213,9.438,10.282,10.737,,,,,,,,,,,,,8.66,9.42
9-May-21,8.91,9.945,8.62,8.52,8.87,8.72,8.79,8.24,9.02,10.545,8.34,9.12,9.655,10.595,8.875,10.59,8.213,9.438,10.282,10.737,,,,,,,,,,,,,8.66,9.42
10-May-21,8.895,9.93,8.605,8.505,8.855,8.705,8.775,8.225,9.005,10.53,8.325,9.105,9.64,10.58,8.86,10.52,8.198,9.423,10.267,10.667,,,,,,,,,,,,,8.645,9.405
11-May-21,8.97,10.005,8.68,8.58,8.93,8.78,8.85,8.28,9.08,10.605,8.38,9.16,9.715,10.655,8.935,10.525,8.253,9.498,10.342,10.672,,,,,,,,,,,,,8.72,9.48
12-May-21,9.025,10.06,8.735,8.635,8.985,8.835,8.905,8.33,9.135,10.66,8.43,9.21,9.77,10.71,8.99,10.6,8.303,9.553,10.397,10.747,,,,,,,,,,,,,8.775,9.535
13-May-21,9.025,10.06,8.735,8.635,8.985,8.835,8.905,8.33,9.135,10.66,8.43,9.21,9.77,10.71,8.99,10.6,8.303,9.553,10.397,10.747,,,,,,,,,,,,,8.775,9.535
14-May-21,9.035,10.07,8.745,8.645,8.995,8.845,8.915,8.365,9.145,10.67,8.465,9.245,9.78,10.72,9,10.635,8.338,9.563,10.407,10.782,,,,,,,,,,,,,8.785,9.545
15-May-21,9.035,10.07,8.745,8.645,8.995,8.845,8.915,8.365,9.145,10.67,8.465,9.245,9.78,10.72,9,10.635,8.338,9.563,10.407,10.782,,,,,,,,,,,,,8.785,9.545
16-May-21,9.035,10.07,8.745,8.645,8.995,8.845,8.915,8.365,9.145,10.67,8.465,9.245,9.78,10.72,9,10.635,8.338,9.563,10.407,10.782,,,,,,,,,,,,,8.785,9.545
17-May-21,9.045,10.08,8.755,8.655,9.005,8.855,8.925,8.39,9.155,10.68,8.49,9.27,9.79,10.73,9.01,10.66,8.363,9.573,10.417,10.807,,,,,,,,,,,,,8.795,9.555
18-May-21,9.02,10.055,8.73,8.63,8.98,8.83,8.9,8.41,9.13,10.655,8.51,9.29,9.765,10.705,8.985,10.625,8.383,9.548,10.392,10.772,,,,,,,,,,,,,8.77,9.53
19-May-21,9.065,10.1,8.775,8.675,9.025,8.875,8.945,8.49,9.175,10.7,8.59,9.37,9.81,10.75,9.03,10.635,8.463,9.593,10.437,10.782,,,,,,,,,,,,,8.815,9.575
20-May-21,8.995,10.03,8.705,8.605,8.955,8.805,8.875,8.435,9.105,10.63,8.535,9.315,9.74,10.68,8.96,10.565,8.408,9.523,10.367,10.712,,,,,,,,,,,,,8.745,9.505
21-May-21,8.95,9.985,8.66,8.56,8.91,8.76,8.83,8.45,9.06,10.585,8.55,9.33,9.695,10.635,8.915,10.515,8.423,9.478,10.322,10.662,,,,,,,,,,,,,8.7,9.46
22-May-21,8.95,9.985,8.66,8.56,8.91,8.76,8.83,8.45,9.06,10.585,8.55,9.33,9.695,10.635,8.915,10.515,8.423,9.478,10.322,10.662,,,,,,,,,,,,,8.7,9.46
23-May-21,8.95,9.985,8.66,8.56,8.91,8.76,8.83,8.45,9.06,10.585,8.55,9.33,9.695,10.635,8.915,10.515,8.423,9.478,10.322,10.662,,,,,,,,,,,,,8.7,9.46
24-May-21,8.905,9.94,8.615,8.515,8.865,8.715,8.785,8.44,9.015,10.54,8.54,9.32,9.65,10.59,8.87,10.48,8.413,9.433,10.277,10.627,,,,,,,,,,,,,8.655,9.415
25-May-21,8.915,9.95,8.625,8.525,8.875,8.725,8.795,8.49,9.025,10.55,8.59,9.37,9.66,10.6,8.88,10.375,8.463,9.443,10.287,10.522,,,,,,,,,,,,,8.665,9.425
26-May-21,8.501,9.309,8.612,8.97,9.367,8.77,9.157,8.495,8.879,9.828,8.678,8.501,9.038,9.925,9.217,10.14,8.5,9.036,9.76,10.25,,,,,,,,,,,,,8.251,9.917
27-May-21,8.541,9.349,8.652,9.01,9.407,8.81,9.197,8.535,8.919,9.868,8.718,8.541,9.078,9.965,9.257,10.18,8.54,9.076,9.8,10.3,,,,,,,,,,,,,8.291,9.957
28-May-21,8.566,9.334,8.677,9.035,9.392,8.835,9.182,8.56,8.944,9.853,8.743,8.566,9.063,9.95,9.242,10.165,8.565,9.061,9.785,10.31,,,,,,,,,,,,,8.316,9.942
29-May-21,8.566,9.334,8.677,9.035,9.392,8.835,9.182,8.56,8.944,9.853,8.743,8.566,9.063,9.95,9.242,10.165,8.565,9.061,9.785,10.31,,,,,,,,,,,,,8.316,9.942
30-May-21,8.566,9.334,8.677,9.035,9.392,8.835,9.182,8.56,8.944,9.853,8.743,8.566,9.063,9.95,9.242,10.165,8.565,9.061,9.785,10.31,,,,,,,,,,,,,8.316,9.942
31-May-21,8.586,9.314,8.697,9.055,9.372,8.855,9.162,8.58,8.964,9.833,8.763,8.586,9.043,9.93,9.222,10.145,8.585,9.041,9.765,10.28,,,,,,,,,,,,,8.336,9.922
1-Jun-21,8.561,9.324,8.672,9.03,9.382,8.83,9.172,8.555,8.939,9.843,8.738,8.561,9.053,9.94,9.232,10.155,8.56,9.051,9.775,10.27,,,,,,,,,,,,,8.311,9.932
2-Jun-21,8.561,9.334,8.672,9.03,9.392,8.83,9.182,8.555,8.939,9.853,8.738,8.561,9.063,9.95,9.242,10.165,8.56,9.061,9.785,10.255,,,,,,,,,,,,,8.311,9.942
3-Jun-21,8.536,9.294,8.647,9.005,9.352,8.805,9.142,8.53,8.914,9.813,8.713,8.536,9.023,9.91,9.202,10.125,8.535,9.021,9.745,10.21,,,,,,,,,,,,,8.286,9.902
4-Jun-21,8.581,9.259,8.692,9.05,9.317,8.85,9.107,8.575,8.959,9.778,8.758,8.581,8.988,9.875,9.167,10.09,8.58,8.986,9.71,10.14,,,,,,,,,,,,,8.331,9.867
5-Jun-21,8.581,9.259,8.692,9.05,9.317,8.85,9.107,8.575,8.959,9.778,8.758,8.581,8.988,9.875,9.167,10.09,8.58,8.986,9.71,10.14,,,,,,,,,,,,,8.331,9.867
6-Jun-21,8.581,9.259,8.692,9.05,9.317,8.85,9.107,8.575,8.959,9.778,8.758,8.581,8.988,9.875,9.167,10.09,8.58,8.986,9.71,10.14,,,,,,,,,,,,,8.331,9.867
7-Jun-21,8.596,9.254,8.707,9.065,9.312,8.865,9.102,8.59,8.974,9.773,8.773,8.596,8.983,9.87,9.162,10.085,8.595,8.981,9.705,10.07,,,,,,,,,,,,,8.346,9.862
8-Jun-21,8.611,9.272,8.722,9.08,9.33,8.88,9.12,8.605,8.989,9.713,8.788,8.611,8.999,9.81,9.18,10.025,8.61,8.999,9.645,10.04,,,,,,,,,,,,,8.361,9.88
9-Jun-21,8.606,9.317,8.717,9.035,9.375,8.875,9.165,8.17,8.984,9.623,8.783,8.606,9.044,9.72,9.225,9.935,8.605,9.044,9.555,10,,,,,,,,,,,,,8.356,9.925
10-Jun-21,8.636,9.389,8.747,9.105,9.448,8.905,9.237,8.199,9.014,9.603,8.813,8.636,9.116,9.7,9.298,9.915,8.635,9.116,9.535,9.975,,,,,,,,,,,,,8.386,9.998
11-Jun-21,8.666,9.277,8.777,9.012,9.335,8.935,9.125,8.227,9.044,9.613,8.843,8.666,9.004,9.71,9.185,9.925,8.665,9.004,9.545,9.985,,,,,,,,,,,,,8.416,9.885
12-Jun-21,8.666,9.277,8.777,9.012,9.335,8.935,9.125,8.227,9.044,9.613,8.843,8.666,9.004,9.71,9.185,9.925,8.665,9.004,9.545,9.985,,,,,,,,,,,,,8.416,9.885
13-Jun-21,8.666,9.277,8.777,9.012,9.335,8.935,9.125,8.227,9.044,9.613,8.843,8.666,9.004,9.71,9.185,9.925,8.665,9.004,9.545,9.985,,,,,,,,,,,,,8.416,9.885
14-Jun-21,8.661,9.297,8.772,9.029,9.355,8.93,9.145,8.222,9.039,9.633,8.838,8.661,9.024,9.73,9.205,9.945,8.66,9.024,9.565,10.01,,,,,,,,,,,,,8.411,9.905
15-Jun-21,8.666,9.382,8.777,9.104,9.44,8.935,9.23,8.227,9.044,9.718,8.843,8.666,9.109,9.815,9.29,10.03,8.665,9.109,9.65,10.12,,,,,,,,,,,,,8.416,9.99
16-Jun-21,8.666,9.382,8.777,9.104,9.44,8.935,9.23,8.227,9.044,9.718,8.843,8.666,9.109,9.815,9.29,10.03,8.665,9.109,9.65,10.12,,,,,,,,,,,,,8.416,9.99
17-Jun-21,8.756,9.522,8.867,9.238,9.58,9.025,9.37,8.313,9.134,9.858,8.933,8.756,9.249,9.955,9.43,10.17,8.755,9.249,9.79,10.26,,,,,,,,,,,,,8.506,10.13
18-Jun-21,8.811,9.597,8.922,9.311,9.655,9.08,9.445,8.365,9.189,9.933,8.988,8.811,9.324,10.03,9.505,10.245,8.81,9.324,9.865,10.265,,,,,,,,,,,,,8.561,10.205
19-Jun-21,8.811,9.597,8.922,9.311,9.655,9.08,9.445,8.365,9.189,9.933,8.988,8.811,9.324,10.03,9.505,10.245,8.81,9.324,9.865,10.265,,,,,,,,,,,,,8.561,10.205
20-Jun-21,8.811,9.597,8.922,9.311,9.655,9.08,9.445,8.365,9.189,9.933,8.988,8.811,9.324,10.03,9.505,10.245,8.81,9.324,9.865,10.265,,,,,,,,,,,,,8.561,10.205
21-Jun-21,8.861,9.642,8.972,9.356,9.7,9.13,9.49,8.365,9.239,9.978,9.038,8.861,9.369,10.075,9.55,10.29,8.86,9.369,9.91,10.395,,,,,,,,,,,,,8.611,10.25
22-Jun-21,8.841,9.642,8.952,9.31,9.65,9.11,9.44,8.345,9.219,9.928,9.018,8.841,9.319,10.025,9.5,10.24,8.84,9.319,9.86,10.37,,,,,,,,,,,,,8.591,10.2
23-Jun-21,8.761,9.537,8.872,9.208,9.545,9.03,9.335,8.265,9.139,9.823,8.938,8.761,9.214,9.92,9.395,10.135,8.76,9.214,9.755,10.285,,,,,,,,,,,,,8.511,10.095
24-Jun-21,8.766,9.532,8.877,9.204,9.54,9.035,9.33,8.27,9.144,9.818,8.943,8.766,9.209,9.915,9.39,10.13,8.765,9.209,9.75,10.265,,,,,,,,,,,,,8.516,10.09
25-Jun-21,8.811,9.687,8.922,9.346,9.695,9.08,9.485,8.315,9.189,9.973,8.988,8.811,9.364,10.07,9.545,10.285,8.81,9.364,9.905,10.31,,,,,,,,,,,,,8.561,10.245
26-Jun-21,8.811,9.687,8.922,9.346,9.695,9.08,9.485,8.315,9.189,9.973,8.988,8.811,9.364,10.07,9.545,10.285,8.81,9.364,9.905,10.31,,,,,,,,,,,,,8.561,10.245
27-Jun-21,8.811,9.687,8.922,9.346,9.695,9.08,9.485,8.315,9.189,9.973,8.988,8.811,9.364,10.07,9.545,10.285,8.81,9.364,9.905,10.31,,,,,,,,,,,,,8.561,10.245
28-Jun-21,8.811,9.627,8.922,9.293,9.635,9.08,9.425,8.315,9.189,9.913,8.988,8.811,9.304,10.01,9.485,10.225,8.81,9.304,9.845,10.33,,,,,,,,,,,,,8.561,10.185
29-Jun-21,8.811,9.652,8.922,9.315,9.66,9.08,9.45,8.315,9.189,9.938,8.988,8.811,9.329,10.035,9.51,10.25,8.81,9.329,9.87,10.315,,,,,,,,,,,,,8.561,10.21
30-Jun-21,8.836,9.632,8.947,9.301,9.64,9.105,9.43,8.34,9.214,9.918,9.013,8.836,9.309,10.015,9.49,10.23,8.835,9.309,9.85,10.315,,,,,,,,,,,,,8.586,10.19
1-Jul-21,8.864,9.752,8.975,9.409,9.76,9.133,9.55,8.368,9.242,10.038,9.041,8.864,9.429,10.135,9.61,10.35,8.863,9.429,9.97,10.315,,,,,,,,,,,,,8.614,10.31
2-Jul-21,8.924,9.737,9.035,9.404,9.745,9.193,9.535,8.428,9.302,10.023,9.101,8.924,9.414,10.12,9.595,10.335,8.923,9.414,9.955,10.29,,,,,,,,,,,,,8.674,10.295
3-Jul-21,8.924,9.737,9.035,9.404,9.745,9.193,9.535,8.428,9.302,10.023,9.101,8.924,9.414,10.12,9.595,10.335,8.923,9.414,9.955,10.29,,,,,,,,,,,,,8.674,10.295
4-Jul-21,8.924,9.737,9.035,9.404,9.745,9.193,9.535,8.428,9.302,10.023,9.101,8.924,9.414,10.12,9.595,10.335,8.923,9.414,9.955,10.29,,,,,,,,,,,,,8.674,10.295
5-Jul-21,8.899,9.732,9.01,9.396,9.74,9.168,9.53,8.403,9.277,10.018,9.076,8.899,9.409,10.115,9.59,10.33,8.898,9.409,9.95,10.255,,,,,,,,,,,,,8.649,10.29
6-Jul-21,8.874,9.737,8.985,9.397,9.745,9.143,9.535,8.378,9.252,10.023,9.051,8.874,9.414,10.12,9.595,10.335,8.873,9.414,9.955,10.265,,,,,,,,,,,,,8.624,10.295
7-Jul-21,8.884,9.717,8.995,9.381,9.725,9.153,9.515,8.388,9.262,10.003,9.061,8.884,9.394,10.1,9.575,10.315,8.883,9.394,9.935,10.26,,,,,,,,,,,,,8.634,10.275
8-Jul-21,8.754,9.672,8.865,9.326,9.68,9.023,9.47,8.258,9.132,9.958,8.931,8.754,9.349,10.055,9.53,10.27,8.753,9.349,9.89,10.26,,,,,,,,,,,,,8.504,10.23
9-Jul-21,8.759,9.652,8.87,9.309,9.66,9.028,9.45,8.263,9.137,9.938,8.936,8.759,9.329,10.035,9.51,10.25,8.758,9.329,9.87,10.26,,,,,,,,,,,,,8.509,10.21
10-Jul-21,8.759,9.652,8.87,9.309,9.66,9.028,9.45,8.263,9.137,9.938,8.936,8.759,9.329,10.035,9.51,10.25,8.758,9.329,9.87,10.26,,,,,,,,,,,,,8.509,10.21
11-Jul-21,8.759,9.652,8.87,9.309,9.66,9.028,9.45,8.263,9.137,9.938,8.936,8.759,9.329,10.035,9.51,10.25,8.758,9.329,9.87,10.26,,,,,,,,,,,,,8.509,10.21
12-Jul-21,8.774,9.682,8.885,9.337,9.69,9.043,9.48,8.278,9.152,9.968,8.951,8.774,9.359,10.065,9.54,10.28,8.773,9.359,9.9,10.255,,,,,,,,,,,,,8.524,10.24
13-Jul-21,8.774,9.787,8.885,9.429,9.795,9.043,9.585,8.278,9.152,10.073,8.951,8.774,9.464,10.17,9.645,10.385,8.773,9.464,10.005,10.365,,,,,,,,,,,,,8.524,10.345
14-Jul-21,8.779,9.822,8.89,9.46,9.83,9.048,9.62,8.283,9.157,10.108,8.956,8.779,9.499,10.205,9.68,10.42,8.778,9.499,10.04,10.375,,,,,,,,,,,,,8.529,10.38
15-Jul-21,8.764,9.767,8.875,9.41,9.775,9.033,9.565,8.268,9.142,10.053,8.941,8.764,9.444,10.15,9.625,10.365,8.763,9.444,9.985,10.33,,,,,,,,,,,,,8.514,10.325
16-Jul-21,8.769,9.747,8.88,9.393,9.755,9.038,9.545,8.273,9.147,10.033,8.946,8.769,9.424,10.13,9.605,10.345,8.768,9.424,9.965,10.31,,,,,,,,,,,,,8.519,10.305
17-Jul-21,8.769,9.747,8.88,9.393,9.755,9.038,9.545,8.273,9.147,10.033,8.946,8.769,9.424,10.13,9.605,10.345,8.768,9.424,9.965,10.31,,,,,,,,,,,,,8.519,10.305
18-Jul-21,8.769,9.747,8.88,9.393,9.755,9.038,9.545,8.273,9.147,10.033,8.946,8.769,9.424,10.13,9.605,10.345,8.768,9.424,9.965,10.31,,,,,,,,,,,,,8.519,10.305
19-Jul-21,8.804,9.712,8.915,9.367,9.72,9.073,9.51,8.308,9.182,9.998,8.981,8.804,9.389,10.095,9.57,10.31,8.803,9.389,9.93,10.34,,,,,,,,,,,,,8.554,10.27
20-Jul-21,8.784,9.672,8.895,9.329,9.68,9.053,9.47,8.288,9.162,9.958,8.961,8.784,9.349,10.055,9.53,10.27,8.783,9.349,9.89,10.34,,,,,,,,,,,,,8.534,10.23
21-Jul-21,8.749,9.652,8.86,9.307,9.66,9.018,9.45,8.253,9.127,9.938,8.926,8.749,9.329,10.035,9.51,10.25,8.748,9.329,9.87,10.335,,,,,,,,,,,,,8.499,10.21
22-Jul-21,8.749,9.652,8.86,9.307,9.66,9.018,9.45,8.253,9.127,9.938,8.926,8.749,9.329,10.035,9.51,10.25,8.748,9.329,9.87,10.335,,,,,,,,,,,,,8.499,10.21
23-Jul-21,8.584,9.557,8.695,9.204,9.565,8.853,9.355,8.258,8.962,9.843,8.761,8.584,9.234,9.94,9.415,10.155,8.583,9.234,9.775,10.35,,,,,,,,,,,,,8.334,10.115
24-Jul-21,8.584,9.557,8.695,9.204,9.565,8.853,9.355,8.258,8.962,9.843,8.761,8.584,9.234,9.94,9.415,10.155,8.583,9.234,9.775,10.35,,,,,,,,,,,,,8.334,10.115
25-Jul-21,8.584,9.557,8.695,9.204,9.565,8.853,9.355,8.258,8.962,9.843,8.761,8.584,9.234,9.94,9.415,10.155,8.583,9.234,9.775,10.35,,,,,,,,,,,,,8.334,10.115
26-Jul-21,8.574,9.482,8.685,9.137,9.49,8.843,9.28,8.248,8.952,9.768,8.751,8.574,9.159,9.865,9.34,10.08,8.573,9.159,9.7,10.215,,,,,,,,,,,,,8.324,10.04
27-Jul-21,8.569,9.542,8.68,9.189,9.55,8.838,9.34,8.243,8.947,9.828,8.746,8.569,9.219,9.925,9.4,10.14,8.568,9.219,9.76,10.23,,,,,,,,,,,,,8.319,10.1
28-Jul-21,8.554,9.597,8.665,9.235,9.605,8.823,9.395,8.228,8.932,9.883,8.731,8.554,9.274,9.98,9.455,10.195,8.553,9.274,9.815,10.285,,,,,,,,,,,,,8.304,10.155
29-Jul-21,8.529,9.567,8.64,9.206,9.575,8.798,9.365,8.203,8.907,9.853,8.706,8.529,9.244,9.95,9.425,10.165,8.528,9.244,9.785,10.24,,,,,,,,,,,,,8.279,10.125
30-Jul-21,8.504,9.537,8.615,9.176,9.545,8.773,9.335,8.178,8.882,9.823,8.681,8.504,9.214,9.92,9.395,10.135,8.503,9.214,9.755,10.18,,,,,,,,,,,,,8.254,10.095
31-Jul-21,8.504,9.537,8.615,9.176,9.545,8.773,9.335,8.178,8.882,9.823,8.681,8.504,9.214,9.92,9.395,10.135,8.503,9.214,9.755,10.18,,,,,,,,,,,,,8.254,10.095
1-Aug-21,8.504,9.537,8.615,9.176,9.545,8.773,9.335,8.178,8.882,9.823,8.681,8.504,9.214,9.92,9.395,10.135,8.503,9.214,9.755,10.18,,,,,,,,,,,,,8.254,10.095
2-Aug-21,8.534,9.492,8.645,9.141,9.5,8.803,9.29,8.208,8.912,9.778,8.711,8.534,9.169,9.875,9.35,10.09,8.533,9.169,9.71,10.125,,,,,,,,,,,,,8.284,10.05
3-Aug-21,8.544,9.507,8.655,9.155,9.515,8.813,9.305,8.218,8.922,9.793,8.721,8.544,9.184,9.89,9.365,10.105,8.543,9.184,9.725,10.145,,,,,,,,,,,,,8.294,10.065
4-Aug-21,8.574,9.557,8.685,9.203,9.565,8.843,9.355,8.248,8.952,9.843,8.751,8.574,9.234,9.94,9.415,10.155,8.573,9.234,9.775,10.205,,,,,,,,,,,,,8.324,10.115
5-Aug-21,8.624,9.567,8.735,9.218,9.575,8.893,9.365,8.298,9.002,9.853,8.801,8.624,9.244,9.95,9.425,10.165,8.623,9.244,9.785,10.225,,,,,,,,,,,,,8.374,10.125
6-Aug-21,8.614,9.642,8.725,9.282,9.65,8.883,9.44,8.288,8.992,9.928,8.791,8.614,9.319,10.025,9.5,10.24,8.613,9.319,9.86,10.32,,,,,,,,,,,,,8.364,10.2
7-Aug-21,8.614,9.642,8.725,9.282,9.65,8.883,9.44,8.288,8.992,9.928,8.791,8.614,9.319,10.025,9.5,10.24,8.613,9.319,9.86,10.32,,,,,,,,,,,,,8.364,10.2
8-Aug-21,8.614,9.642,8.725,9.282,9.65,8.883,9.44,8.288,8.992,9.928,8.791,8.614,9.319,10.025,9.5,10.24,8.613,9.319,9.86,10.32,,,,,,,,,,,,,8.364,10.2
9-Aug-21,8.625,9.639,8.725,9.316,9.732,8.882,9.446,8.285,8.992,9.952,8.799,8.623,9.343,10.054,9.512,10.249,8.611,9.312,9.881,10.272,,,,,,,,,,,,,8.375,10.282
10-Aug-21,8.589,9.647,8.7,9.283,9.655,8.858,9.445,8.263,8.967,9.933,8.766,8.589,9.324,10.03,9.505,10.245,8.588,9.324,9.865,10.31,,,,,,,,,,,,,8.339,10.205
11-Aug-21,8.599,9.637,8.71,9.276,9.645,8.868,9.435,8.273,8.977,9.923,8.776,8.599,9.314,10.02,9.495,10.235,8.598,9.314,9.855,10.32,,,,,,,,,,,,,8.349,10.195
12-Aug-21,8.574,9.637,8.685,9.273,9.645,8.843,9.435,8.248,8.952,9.923,8.751,8.574,9.314,10.02,9.495,10.235,8.573,9.314,9.855,10.295,,,,,,,,,,,,,8.324,10.195
13-Aug-21,8.604,9.597,8.715,9.241,9.605,8.873,9.395,8.278,8.982,9.883,8.781,8.604,9.274,9.98,9.455,10.195,8.603,9.274,9.815,10.235,,,,,,,,,,,,,8.354,10.155
14-Aug-21,8.604,9.597,8.715,9.241,9.605,8.873,9.395,8.278,8.982,9.883,8.781,8.604,9.274,9.98,9.455,10.195,8.603,9.274,9.815,10.235,,,,,,,,,,,,,8.354,10.155
15-Aug-21,8.604,9.597,8.715,9.241,9.605,8.873,9.395,8.278,8.982,9.883,8.781,8.604,9.274,9.98,9.455,10.195,8.603,9.274,9.815,10.235,,,,,,,,,,,,,8.354,10.155
16-Aug-21,8.644,9.577,8.755,9.229,9.585,8.913,9.375,8.318,9.022,9.863,8.821,8.644,9.254,9.96,9.435,10.175,8.643,9.254,9.795,10.25,,,,,,,,,,,,,8.394,10.135
17-Aug-21,8.634,9.547,8.745,9.201,9.555,8.903,9.345,8.308,9.012,9.833,8.811,8.634,9.224,9.93,9.405,10.145,8.633,9.224,9.765,10.23,,,,,,,,,,,,,8.384,10.105
18-Aug-21,8.604,9.507,8.715,9.162,9.515,8.873,9.305,8.278,8.982,9.793,8.781,8.604,9.184,9.89,9.365,10.105,8.603,9.184,9.725,10.215,,,,,,,,,,,,,8.354,10.065
19-Aug-21,8.624,9.577,8.735,9.226,9.585,8.893,9.375,8.298,9.002,9.863,8.801,8.624,9.254,9.96,9.435,10.175,8.623,9.254,9.795,10.305,,,,,,,,,,,,,8.374,10.135
20-Aug-21,8.589,9.567,8.7,9.213,9.575,8.858,9.365,8.263,8.967,9.853,8.766,8.589,9.244,9.95,9.425,10.165,8.588,9.244,9.785,10.295,,,,,,,,,,,,,8.339,10.125
21-Aug-21,8.589,9.567,8.7,9.213,9.575,8.858,9.365,8.263,8.967,9.853,8.766,8.589,9.244,9.95,9.425,10.165,8.588,9.244,9.785,10.295,,,,,,,,,,,,,8.339,10.125
22-Aug-21,8.589,9.567,8.7,9.213,9.575,8.858,9.365,8.263,8.967,9.853,8.766,8.589,9.244,9.95,9.425,10.165,8.588,9.244,9.785,10.295,,,,,,,,,,,,,8.339,10.125
23-Aug-21,8.574,9.537,8.685,9.185,9.545,8.843,9.335,8.248,8.952,9.823,8.751,8.574,9.214,9.92,9.395,10.135,8.573,9.214,9.755,10.235,,,,,,,,,,,,,8.324,10.095
24-Aug-21,8.559,9.512,8.67,9.161,9.52,8.828,9.31,8.233,8.937,9.798,8.736,8.559,9.189,9.895,9.37,10.11,8.558,9.189,9.73,10.205,,,,,,,,,,,,,8.309,10.07
25-Aug-21,8.534,9.537,8.645,9.18,9.545,8.803,9.335,8.208,8.912,9.823,8.711,8.534,9.214,9.92,9.395,10.135,8.533,9.214,9.755,10.205,,,,,,,,,,,,,8.284,10.095
26-Aug-21,8.568,9.511,8.679,9.162,9.519,8.837,9.309,8.242,8.946,9.853,8.745,8.568,9.188,9.95,9.369,10.165,8.567,9.188,9.785,10.15,,,,,,,,,,,,,8.318,10.069
27-Aug-21,8.543,9.491,8.654,9.141,9.499,8.812,9.289,8.217,8.921,9.833,8.72,8.543,9.168,9.93,9.349,10.145,8.542,9.168,9.765,10.1,,,,,,,,,,,,,8.293,10.049
28-Aug-21,8.543,9.491,8.654,9.141,9.499,8.812,9.289,8.217,8.921,9.833,8.72,8.543,9.168,9.93,9.349,10.145,8.542,9.168,9.765,10.1,,,,,,,,,,,,,8.293,10.049
29-Aug-21,8.543,9.491,8.654,9.141,9.499,8.812,9.289,8.217,8.921,9.833,8.72,8.543,9.168,9.93,9.349,10.145,8.542,9.168,9.765,10.1,,,,,,,,,,,,,8.293,10.049
30-Aug-21,8.513,9.451,8.624,9.102,9.459,8.782,9.249,8.187,8.891,9.793,8.69,8.513,9.128,9.89,9.309,10.105,8.512,9.128,9.725,10.05,,,,,,,,,,,,,8.263,10.009
31-Aug-21,8.468,9.466,8.579,9.11,9.474,8.737,9.264,8.142,8.846,9.808,8.645,8.468,9.143,9.905,9.324,10.12,8.567,9.188,9.74,10.105,,,,,,,,,,,,,8.218,10.024
1-Sep-21,8.463,9.471,8.574,9.114,9.479,8.732,9.269,8.137,8.841,9.813,8.64,8.463,9.148,9.91,9.329,10.125,8.462,9.148,9.745,10.065,,,,,,,,,,,,,8.213,10.029
2-Sep-21,8.463,9.451,8.574,9.096,9.459,8.732,9.249,8.137,8.841,9.793,8.64,8.463,9.128,9.89,9.309,10.105,8.462,9.128,9.725,10.04,,,,,,,,,,,,,8.213,10.009
3-Sep-21,8.463,9.516,8.574,9.153,9.524,8.732,9.314,8.137,8.841,9.858,8.64,8.463,9.193,9.955,9.374,10.17,8.462,9.193,9.79,10.12,,,,,,,,,,,,,8.213,10.074
4-Sep-21,8.463,9.516,8.574,9.153,9.524,8.732,9.314,8.137,8.841,9.858,8.64,8.463,9.193,9.955,9.374,10.17,8.462,9.193,9.79,10.12,,,,,,,,,,,,,8.213,10.074
5-Sep-21,8.463,9.516,8.574,9.153,9.524,8.732,9.314,8.137,8.841,9.858,8.64,8.463,9.193,9.955,9.374,10.17,8.462,9.193,9.79,10.12,,,,,,,,,,,,,8.213,10.074
6-Sep-21,8.463,9.516,8.574,9.153,9.524,8.732,9.314,8.137,8.841,9.858,8.64,8.463,9.193,9.955,9.374,10.17,8.462,9.193,9.79,10.12,,,,,,,,,,,,,8.213,10.074
7-Sep-21,8.478,9.531,8.589,9.168,9.539,8.747,9.329,8.152,8.856,9.873,8.655,8.478,9.208,9.97,9.389,10.185,8.477,9.208,9.805,10.145,,,,,,,,,,,,,8.228,10.089
8-Sep-21,8.503,9.526,8.614,9.167,9.534,8.772,9.324,8.177,8.881,9.868,8.68,8.503,9.203,9.965,9.384,10.18,8.502,9.203,9.8,10.115,,,,,,,,,,,,,8.253,10.084
9-Sep-21,8.533,9.546,8.644,9.188,9.554,8.802,9.344,8.207,8.911,9.888,8.71,8.533,9.223,9.985,9.404,10.2,8.532,9.223,9.82,10.14,,,,,,,,,,,,,8.283,10.104
10-Sep-21,8.513,9.556,8.624,9.194,9.564,8.782,9.354,8.187,8.891,9.898,8.69,8.513,9.233,9.995,9.414,10.21,8.512,9.233,9.83,10.145,,,,,,,,,,,,,8.263,10.114
11-Sep-21,8.513,9.556,8.624,9.194,9.564,8.782,9.354,8.187,8.891,9.898,8.69,8.513,9.233,9.995,9.414,10.21,8.512,9.233,9.83,10.145,,,,,,,,,,,,,8.263,10.114
12-Sep-21,8.513,9.556,8.624,9.194,9.564,8.782,9.354,8.187,8.891,9.898,8.69,8.513,9.233,9.995,9.414,10.21,8.512,9.233,9.83,10.145,,,,,,,,,,,,,8.263,10.114
13-Sep-21,8.523,9.581,8.634,9.217,9.589,8.792,9.379,8.197,8.901,9.923,8.7,8.523,9.258,10.02,9.439,10.235,8.522,9.258,9.855,10.19,,,,,,,,,,,,,8.273,10.139
14-Sep-21,8.528,9.576,8.639,9.214,9.584,8.797,9.374,8.202,8.906,9.918,8.705,8.528,9.253,10.015,9.434,10.23,8.527,9.253,9.85,10.185,,,,,,,,,,,,,8.278,10.134
15-Sep-21,8.553,9.581,8.664,9.221,9.589,8.822,9.379,8.227,8.931,9.923,8.73,8.553,9.258,10.02,9.439,10.235,8.552,9.258,9.855,10.235,,,,,,,,,,,,,8.303,10.139
16-Sep-21,8.533,9.576,8.644,9.214,9.584,8.802,9.374,8.207,8.911,9.918,8.71,8.533,9.253,10.015,9.434,10.23,8.532,9.253,9.85,10.205,,,,,,,,,,,,,8.283,10.134
17-Sep-21,8.578,9.621,8.689,9.259,9.629,8.847,9.419,8.252,8.956,9.963,8.755,8.578,9.298,10.06,9.479,10.275,8.577,9.298,9.895,10.275,,,,,,,,,,,,,8.328,10.179
18-Sep-21,8.578,9.621,8.689,9.259,9.629,8.847,9.419,8.252,8.956,9.963,8.755,8.578,9.298,10.06,9.479,10.275,8.577,9.298,9.895,10.275,,,,,,,,,,,,,8.328,10.179
19-Sep-21,8.578,9.621,8.689,9.259,9.629,8.847,9.419,8.252,8.956,9.963,8.755,8.578,9.298,10.06,9.479,10.275,8.577,9.298,9.895,10.275,,,,,,,,,,,,,8.328,10.179
20-Sep-21,8.608,9.651,8.719,9.289,9.659,8.877,9.449,8.282,8.986,9.993,8.785,8.608,9.328,10.09,9.509,10.305,8.607,9.328,9.925,10.355,,,,,,,,,,,,,8.358,10.209
21-Sep-21,8.638,9.651,8.749,9.293,9.659,8.907,9.449,8.312,9.016,9.993,8.815,8.638,9.328,10.09,9.509,10.305,8.637,9.328,9.925,10.365,,,,,,,,,,,,,8.388,10.209
22-Sep-21,8.638,9.666,8.749,9.306,9.674,8.907,9.464,8.312,9.016,10.008,8.815,8.638,9.343,10.105,9.524,10.32,8.637,9.343,9.94,10.38,,,,,,,,,,,,,8.388,10.224
23-Sep-21,8.633,9.711,8.744,9.345,9.719,8.902,9.509,8.307,9.011,10.053,8.81,8.633,9.388,10.15,9.569,10.365,8.632,9.388,9.985,10.445,,,,,,,,,,,,,8.383,10.269
24-Sep-21,8.593,9.706,8.704,9.336,9.714,8.862,9.504,8.267,8.971,10.048,8.77,8.593,9.383,10.145,9.564,10.36,8.592,9.383,9.98,10.44,,,,,,,,,,,,,8.343,10.264
25-Sep-21,8.593,9.706,8.704,9.336,9.714,8.862,9.504,8.267,8.971,10.048,8.77,8.593,9.383,10.145,9.564,10.36,8.592,9.383,9.98,10.44,,,,,,,,,,,,,8.343,10.264
26-Sep-21,8.593,9.706,8.704,9.336,9.714,8.862,9.504,8.267,8.971,10.048,8.77,8.593,9.383,10.145,9.564,10.36,8.592,9.383,9.98,10.44,,,,,,,,,,,,,8.343,10.264
27-Sep-21,8.763,9.771,8.874,9.414,9.779,9.032,9.569,8.437,9.141,10.113,8.94,8.763,9.448,10.21,9.629,10.425,8.762,9.448,10.045,10.535,,,,,,,,,,,,,8.513,10.329
28-Sep-21,8.768,9.821,8.879,9.458,9.829,9.037,9.619,8.442,9.146,10.163,8.945,8.768,9.498,10.26,9.679,10.475,8.767,9.498,10.095,10.605,,,,,,,,,,,,,8.518,10.379
29-Sep-21,8.758,9.776,8.869,9.417,9.784,9.027,9.574,8.432,9.136,10.118,8.935,8.758,9.453,10.215,9.634,10.43,8.757,9.453,10.05,10.57,,,,,,,,,,,,,8.508,10.334
30-Sep-21,8.713,9.751,8.824,9.39,9.759,8.982,9.549,8.387,9.091,10.093,8.89,8.713,9.428,10.19,9.609,10.405,8.712,9.428,10.025,10.535,,,,,,,,,,,,,8.463,10.309
1-Oct-21,8.733,9.771,8.844,9.41,9.779,9.002,9.569,8.407,9.111,10.113,8.91,8.733,9.448,10.21,9.629,10.425,8.732,9.448,10.045,10.52,,,,,,,,,,,,,8.483,10.329
2-Oct-21,8.733,9.771,8.844,9.41,9.779,9.002,9.569,8.407,9.111,10.113,8.91,8.733,9.448,10.21,9.629,10.425,8.732,9.448,10.045,10.52,,,,,,,,,,,,,8.483,10.329
3-Oct-21,8.733,9.771,8.844,9.41,9.779,9.002,9.569,8.407,9.111,10.113,8.91,8.733,9.448,10.21,9.629,10.425,8.732,9.448,10.045,10.52,,,,,,,,,,,,,8.483,10.329
4-Oct-21,8.723,9.876,8.834,9.501,9.884,8.992,9.674,8.397,9.101,10.218,8.9,8.723,9.553,10.315,9.734,10.53,8.722,9.553,10.15,10.705,,,,,,,,,,,,,8.473,10.434
5-Oct-21,8.723,9.961,8.834,9.575,9.969,8.992,9.759,8.397,9.101,10.303,8.9,8.723,9.638,10.4,9.819,10.615,8.722,9.638,10.235,10.805,,,,,,,,,,,,,8.473,10.519
6-Oct-21,8.763,9.996,8.874,9.611,10.004,9.032,9.794,8.437,9.141,10.338,8.94,8.763,9.673,10.435,9.854,10.65,8.762,9.673,10.27,10.81,,,,,,,,,,,,,8.513,10.554
7-Oct-21,8.813,9.951,8.924,9.578,9.959,9.082,9.749,8.487,9.191,10.293,8.99,8.813,9.628,10.39,9.809,10.605,8.812,9.628,10.225,10.735,,,,,,,,,,,,,8.563,10.509
8-Oct-21,9.038,10.091,9.149,9.728,10.099,9.307,9.889,8.712,9.416,10.433,9.215,9.038,9.768,10.53,9.949,10.745,9.037,9.768,10.365,10.81,,,,,,,,,,,,,8.788,10.649
9-Oct-21,9.038,10.091,9.149,9.728,10.099,9.307,9.889,8.712,9.416,10.433,9.215,9.038,9.768,10.53,9.949,10.745,9.037,9.768,10.365,10.81,,,,,,,,,,,,,8.788,10.649
10-Oct-21,9.038,10.091,9.149,9.728,10.099,9.307,9.889,8.712,9.416,10.433,9.215,9.038,9.768,10.53,9.949,10.745,9.037,9.768,10.365,10.81,,,,,,,,,,,,,8.788,10.649
11-Oct-21,8.953,10.101,9.064,9.726,10.109,9.222,9.899,8.627,9.331,10.443,9.13,8.953,9.778,10.54,9.959,10.755,8.952,9.778,10.375,10.825,,,,,,,,,,,,,8.703,10.659
12-Oct-21,8.903,10.066,9.014,9.689,10.074,9.172,9.864,8.577,9.281,10.408,9.08,8.903,9.743,10.505,9.924,10.72,8.902,9.743,10.34,10.815,,,,,,,,,,,,,8.653,10.624
13-Oct-21,8.893,9.961,9.004,9.596,9.969,9.162,9.759,8.567,9.271,10.303,9.07,8.893,9.638,10.4,9.819,10.615,8.892,9.638,10.235,10.68,,,,,,,,,,,,,8.643,10.519
14-Oct-21,8.913,10.031,9.024,9.66,10.039,9.182,9.829,8.587,9.291,10.373,9.09,8.913,9.708,10.47,9.889,10.685,8.912,9.708,10.305,10.74,,,,,,,,,,,,,8.663,10.589
15-Oct-21,8.943,10.011,9.054,9.646,10.019,9.212,9.809,8.617,9.321,10.353,9.12,8.943,9.688,10.45,9.869,10.665,8.942,9.688,10.285,10.695,,,,,,,,,,,,,8.693,10.569
16-Oct-21,8.943,10.011,9.054,9.646,10.019,9.212,9.809,8.617,9.321,10.353,9.12,8.943,9.688,10.45,9.869,10.665,8.942,9.688,10.285,10.695,,,,,,,,,,,,,8.693,10.569
17-Oct-21,8.943,10.011,9.054,9.646,10.019,9.212,9.809,8.617,9.321,10.353,9.12,8.943,9.688,10.45,9.869,10.665,8.942,9.688,10.285,10.695,,,,,,,,,,,,,8.693,10.569
18-Oct-21,9.023,10.151,9.134,9.779,10.159,9.292,9.949,8.697,9.401,10.493,9.2,9.023,9.828,10.59,10.009,10.805,9.022,9.828,10.425,10.755,,,,,,,,,,,,,8.773,10.709
19-Oct-21,8.988,10.081,9.099,9.713,10.089,9.257,9.879,8.662,9.366,10.423,9.165,8.988,9.758,10.52,9.939,10.735,8.987,9.758,10.355,10.655,,,,,,,,,,,,,8.738,10.639
20-Oct-21,8.953,10.031,9.064,9.665,10.039,9.222,9.829,8.627,9.331,10.373,9.13,8.953,9.708,10.47,9.889,10.685,8.952,9.708,10.305,10.625,,,,,,,,,,,,,8.703,10.589
21-Oct-21,8.964,10.126,9.075,9.75,10.134,9.233,9.924,8.638,9.342,10.468,9.141,8.964,9.803,10.565,9.984,10.78,8.963,9.803,10.4,10.755,,,,,,,,,,,,,8.714,10.684
22-Oct-21,9.063,10.231,9.174,9.854,10.239,9.332,10.029,8.737,9.441,10.573,9.24,9.063,9.908,10.67,10.089,10.885,9.062,9.908,10.505,10.865,,,,,,,,,,,,,8.813,10.789
23-Oct-21,9.063,10.231,9.174,9.854,10.239,9.332,10.029,8.737,9.441,10.573,9.24,9.063,9.908,10.67,10.089,10.885,9.062,9.908,10.505,10.865,,,,,,,,,,,,,8.813,10.789
24-Oct-21,9.063,10.231,9.174,9.854,10.239,9.332,10.029,8.737,9.441,10.573,9.24,9.063,9.908,10.67,10.089,10.885,9.062,9.908,10.505,10.865,,,,,,,,,,,,,8.813,10.789
25-Oct-21,9.003,10.151,9.114,9.776,10.159,9.272,9.949,8.677,9.381,10.493,9.18,9.003,9.828,10.59,10.009,10.805,9.002,9.828,10.425,10.835,,,,,,,,,,,,,8.753,10.709
26-Oct-21,8.993,10.121,9.104,9.749,10.129,9.262,9.919,8.667,9.371,10.463,9.17,8.993,9.798,10.56,9.979,10.775,8.992,9.798,10.395,10.785,,,,,,,,,,,,,8.743,10.679
27-Oct-21,9.048,10.126,9.159,9.76,10.134,9.317,9.924,8.722,9.426,10.468,9.225,9.048,9.803,10.565,9.984,10.78,9.047,9.803,10.4,10.795,,,,,,,,,,,,,8.798,10.684
28-Oct-21,9.019,10.071,9.13,9.708,10.079,9.288,9.869,8.693,9.397,10.413,9.196,9.019,9.748,10.51,9.929,10.725,9.018,9.748,10.345,10.6,,,,,,,,,,,,,8.769,10.629
29-Oct-21,9.054,10.146,9.165,9.778,10.154,9.323,9.944,8.728,9.432,10.488,9.231,9.054,9.823,10.585,10.004,10.8,9.053,9.823,10.42,10.615,,,,,,,,,,,,,8.804,10.704
30-Oct-21,9.054,10.146,9.165,9.778,10.154,9.323,9.944,8.728,9.432,10.488,9.231,9.054,9.823,10.585,10.004,10.8,9.053,9.823,10.42,10.615,,,,,,,,,,,,,8.804,10.704
31-Oct-21,9.054,10.146,9.165,9.778,10.154,9.323,9.944,8.728,9.432,10.488,9.231,9.054,9.823,10.585,10.004,10.8,9.053,9.823,10.42,10.615,,,,,,,,,,,,,8.804,10.704
1-Nov-21,8.974,10.091,9.085,9.72,10.099,9.243,9.889,8.648,9.352,10.475,9.151,8.974,9.768,10.572,9.949,10.787,8.973,9.768,10.407,10.515,,,,,,,,,,,,,8.724,10.649
2-Nov-21,8.979,10.156,9.09,9.778,10.164,9.248,9.954,8.653,9.357,10.54,9.156,8.979,9.833,10.637,10.014,10.852,8.978,9.833,10.472,10.505,,,,,,,,,,,,,8.729,10.714
3-Nov-21,8.874,10.171,8.985,9.778,10.179,9.143,9.969,8.548,9.252,10.555,9.051,8.874,9.848,10.652,10.029,10.867,8.873,9.848,10.487,10.535,,,,,,,,,,,,,8.624,10.729
4-Nov-21,8.824,10.041,8.935,9.658,10.049,9.093,9.839,8.498,9.202,10.425,9.001,8.824,9.718,10.522,9.899,10.737,8.823,9.718,10.357,10.4,,,,,,,,,,,,,8.574,10.599
5-Nov-21,8.799,9.956,8.91,9.58,9.964,9.068,9.754,8.473,9.177,10.34,8.976,8.799,9.633,10.437,9.814,10.652,8.798,9.633,10.272,10.295,,,,,,,,,,,,,8.549,10.514
6-Nov-21,8.799,9.956,8.91,9.58,9.964,9.068,9.754,8.473,9.177,10.34,8.976,8.799,9.633,10.437,9.814,10.652,8.798,9.633,10.272,10.295,,,,,,,,,,,,,8.549,10.514
7-Nov-21,8.799,9.956,8.91,9.58,9.964,9.068,9.754,8.473,9.177,10.34,8.976,8.799,9.633,10.437,9.814,10.652,8.798,9.633,10.272,10.295,,,,,,,,,,,,,8.549,10.514
8-Nov-21,8.769,9.676,8.88,9.331,9.684,9.038,9.474,8.443,9.147,10.06,8.946,8.769,9.353,10.157,9.534,10.372,8.768,9.353,9.992,10.175,8.845,9.414,9.67,10.38,,,,,,,,,8.519,10.234
9-Nov-21,8.674,9.596,8.785,9.249,9.604,8.943,9.394,8.348,9.052,9.98,8.851,8.674,9.273,10.077,9.454,10.292,8.673,9.273,9.912,10.09,8.75,9.334,9.59,10.295,,,,,,,,,8.424,10.154
10-Nov-21,8.774,9.741,8.885,9.389,9.749,9.043,9.539,8.448,9.152,10.125,8.951,8.774,9.418,10.222,9.599,10.437,8.773,9.418,10.057,10.19,8.85,9.479,9.735,10.395,,,,,,,,,8.524,10.299
11-Nov-21,8.674,9.646,8.785,9.293,9.654,8.943,9.444,8.348,9.052,10.03,8.851,8.674,9.323,10.127,9.504,10.342,8.673,9.323,9.962,10.055,8.75,9.384,9.64,10.26,,,,,,,,,8.424,10.204
12-Nov-21,8.674,9.726,8.785,9.363,9.734,8.943,9.524,8.348,9.052,10.11,8.851,8.674,9.403,10.207,9.584,10.422,8.673,9.403,10.042,10.215,8.75,9.464,9.72,10.42,,,,,,,,,8.424,10.284
13-Nov-21,8.674,9.726,8.785,9.363,9.734,8.943,9.524,8.348,9.052,10.11,8.851,8.674,9.403,10.207,9.584,10.422,8.673,9.403,10.042,10.215,8.75,9.464,9.72,10.42,,,,,,,,,8.424,10.284
14-Nov-21,8.674,9.726,8.785,9.363,9.734,8.943,9.524,8.348,9.052,10.11,8.851,8.674,9.403,10.207,9.584,10.422,8.673,9.403,10.042,10.215,8.75,9.464,9.72,10.42,,,,,,,,,8.424,10.284
15-Nov-21,8.679,9.716,8.79,9.355,9.724,8.948,9.514,8.353,9.057,10.1,8.856,8.679,9.393,10.197,9.574,10.412,8.678,9.393,10.032,10.255,8.755,9.454,9.71,10.46,,,,,,,,,8.429,10.274
16-Nov-21,8.584,9.691,8.695,9.321,9.699,8.853,9.489,8.258,8.962,10.075,8.761,8.584,9.368,10.172,9.549,10.387,8.583,9.368,10.007,10.295,8.66,9.429,9.685,10.5,,,,,,,,,8.334,10.249
17-Nov-21,8.554,9.631,8.665,9.265,9.639,8.823,9.429,8.228,8.932,10.015,8.731,8.554,9.308,10.112,9.489,10.327,8.553,9.308,9.947,10.175,8.63,9.369,9.625,10.38,,,,,,,,,8.304,10.189
18-Nov-21,8.599,9.666,8.71,9.301,9.674,8.868,9.464,8.273,8.977,10.05,8.776,8.599,9.343,10.147,9.524,10.362,8.598,9.343,9.982,10.28,8.675,9.404,9.66,10.485,,,,,,,,,8.349,10.224
19-Nov-21,8.604,9.686,8.715,9.319,9.694,8.873,9.484,8.278,8.982,10.07,8.781,8.604,9.363,10.167,9.544,10.382,8.603,9.363,10.002,10.285,8.68,9.424,9.68,10.49,,,,,,,,,8.354,10.244
20-Nov-21,8.604,9.686,8.715,9.319,9.694,8.873,9.484,8.278,8.982,10.07,8.781,8.604,9.363,10.167,9.544,10.382,8.603,9.363,10.002,10.285,8.68,9.424,9.68,10.49,,,,,,,,,8.354,10.244
21-Nov-21,8.604,9.686,8.715,9.319,9.694,8.873,9.484,8.278,8.982,10.07,8.781,8.604,9.363,10.167,9.544,10.382,8.603,9.363,10.002,10.285,8.68,9.424,9.68,10.49,,,,,,,,,8.354,10.244
22-Nov-21,8.654,9.746,8.765,9.378,9.754,8.923,9.544,8.328,9.032,10.13,8.831,8.654,9.423,10.227,9.604,10.442,8.653,9.423,10.062,10.395,8.73,9.484,9.74,10.6,,,,,,,,,8.404,10.304
23-Nov-21,8.684,9.796,8.795,9.426,9.804,8.953,9.594,8.358,9.062,10.18,8.861,8.684,9.473,10.277,9.654,10.492,8.683,9.473,10.112,10.485,8.76,9.534,9.79,10.69,,,,,,,,,8.434,10.354
24-Nov-21,8.674,9.876,8.785,9.495,9.884,8.943,9.674,8.348,9.052,10.26,8.851,8.674,9.553,10.357,9.734,10.572,8.673,9.553,10.192,10.58,8.75,9.614,9.87,10.785,,,,,,,,,8.424,10.434
25-Nov-21,8.599,9.556,8.71,9.205,9.564,8.868,9.354,8.273,8.977,9.545,8.776,8.599,9.233,9.642,9.414,9.857,8.598,9.233,9.477,9.882,8.8,9.5,9.77,10.275,,,,,,,,,8.349,10.114
26-Nov-21,8.564,9.566,8.675,9.209,9.574,8.833,9.364,8.238,8.942,9.555,8.741,8.564,9.243,9.652,9.424,9.867,8.563,9.243,9.487,10.042,8.765,9.51,9.78,10.435,,,,,,,,,8.314,10.124
27-Nov-21,8.564,9.566,8.675,9.209,9.574,8.833,9.364,8.238,8.942,9.555,8.741,8.564,9.243,9.652,9.424,9.867,8.563,9.243,9.487,10.042,8.765,9.51,9.78,10.435,,,,,,,,,8.314,10.124
28-Nov-21,8.564,9.566,8.675,9.209,9.574,8.833,9.364,8.238,8.942,9.555,8.741,8.564,9.243,9.652,9.424,9.867,8.563,9.243,9.487,10.042,8.765,9.51,9.78,10.435,,,,,,,,,8.314,10.124
29-Nov-21,8.409,9.521,8.52,9.151,9.529,8.678,9.319,8.083,8.787,9.51,8.586,8.409,9.198,9.607,9.379,9.822,8.408,9.198,9.442,9.997,8.61,9.465,9.735,10.39,,,,,,,,,8.159,10.079
30-Nov-21,8.234,9.426,8.345,9.046,9.434,8.503,9.224,7.908,8.612,9.415,8.411,8.234,9.103,9.512,9.284,9.727,8.233,9.103,9.347,9.917,8.435,9.37,9.64,10.31,,,,,,,,,7.984,9.984
1-Dec-21,8.209,9.446,8.32,9.06,9.454,8.478,9.244,7.883,8.587,9.435,8.386,8.209,9.123,9.532,9.304,9.747,8.208,9.123,9.367,9.922,8.41,9.39,9.66,10.315,,,,,,,,,7.959,10.004
2-Dec-21,8.159,9.386,8.27,9.002,9.394,8.428,9.184,7.833,8.537,9.375,8.336,8.159,9.063,9.472,9.244,9.687,8.158,9.063,9.307,9.822,8.36,9.33,9.6,10.215,,,,,,,,,7.909,9.944
3-Dec-21,8.159,9.346,8.27,8.967,9.354,8.428,9.144,7.833,8.537,9.335,8.336,8.159,9.023,9.432,9.204,9.647,8.158,9.023,9.267,9.767,8.36,9.29,9.56,10.16,,,,,,,,,7.909,9.904
4-Dec-21,8.159,9.346,8.27,8.967,9.354,8.428,9.144,7.833,8.537,9.335,8.336,8.159,9.023,9.432,9.204,9.647,8.158,9.023,9.267,9.767,8.36,9.29,9.56,10.16,,,,,,,,,7.909,9.904
5-Dec-21,8.159,9.346,8.27,8.967,9.354,8.428,9.144,7.833,8.537,9.335,8.336,8.159,9.023,9.432,9.204,9.647,8.158,9.023,9.267,9.767,8.36,9.29,9.56,10.16,,,,,,,,,7.909,9.904
6-Dec-21,8.169,9.286,8.28,8.915,9.294,8.438,9.084,7.843,8.547,9.275,8.346,8.169,8.963,9.372,9.144,9.587,8.168,8.963,9.207,9.637,8.37,9.23,9.5,10.03,,,,,,,,,7.919,9.794
7-Dec-21,8.209,9.281,8.32,8.916,9.289,8.478,9.079,7.883,8.587,9.27,8.386,8.209,8.958,9.367,9.139,9.582,8.208,8.958,9.202,9.617,8.41,9.225,9.495,10.01,,,,,,,,,7.959,9.839
8-Dec-21,8.219,9.246,8.33,8.886,9.254,8.488,9.044,7.893,8.597,9.235,8.396,8.219,8.923,9.332,9.104,9.547,8.218,8.923,9.167,9.602,8.42,9.19,9.46,9.995,,,,,,,,,7.969,9.804
9-Dec-21,8.199,9.246,8.31,8.884,9.254,8.468,9.044,7.873,8.577,9.235,8.376,8.199,8.923,9.332,9.104,9.547,8.198,8.923,9.167,9.632,8.4,9.19,9.46,10.025,,,,,,,,,7.949,9.804
10-Dec-21,8.349,9.266,8.46,8.92,9.274,8.618,9.064,8.023,8.727,9.255,8.526,8.349,8.943,9.352,9.124,9.567,8.348,8.943,9.187,9.632,8.55,9.21,9.48,10.025,,,,,,,,,8.099,9.824
11-Dec-21,8.349,9.266,8.46,8.92,9.274,8.618,9.064,8.023,8.727,9.255,8.526,8.349,8.943,9.352,9.124,9.567,8.348,8.943,9.187,9.632,8.55,9.21,9.48,10.025,,,,,,,,,8.099,9.824
12-Dec-21,8.349,9.266,8.46,8.92,9.274,8.618,9.064,8.023,8.727,9.255,8.526,8.349,8.943,9.352,9.124,9.567,8.348,8.943,9.187,9.632,8.55,9.21,9.48,10.025,,,,,,,,,8.099,9.824
13-Dec-21,8.349,9.246,8.46,8.902,9.254,8.618,9.044,8.023,8.727,9.235,8.526,8.349,8.923,9.332,9.104,9.547,8.348,8.923,9.167,9.642,8.55,9.19,9.46,10.035,,,,,,,,,8.099,9.804
14-Dec-21,8.379,9.166,8.49,8.836,9.174,8.648,8.964,8.053,8.757,9.155,8.556,8.379,8.843,9.252,9.024,9.467,8.378,8.843,9.087,9.552,8.58,9.11,9.38,9.945,,,,,,,,,8.129,9.724
15-Dec-21,8.379,9.206,8.49,8.871,9.214,8.648,9.004,8.053,8.757,9.195,8.556,8.379,8.883,9.292,9.064,9.507,8.378,8.883,9.127,9.607,8.58,9.15,9.42,10,,,,,,,,,8.129,9.764
16-Dec-21,8.369,9.196,8.48,8.861,9.204,8.638,8.994,8.043,8.747,9.185,8.546,8.369,8.873,9.282,9.054,9.497,8.368,8.873,9.117,9.592,8.57,9.14,9.41,9.985,,,,,,,,,8.119,9.754
17-Dec-21,8.254,9.066,8.365,8.733,9.074,8.523,8.864,7.928,8.632,9.055,8.431,8.254,8.743,9.152,8.924,9.367,8.253,8.743,8.987,9.442,8.455,9.01,9.28,9.835,,,,,,,,,8.004,9.624
18-Dec-21,8.254,9.066,8.365,8.733,9.074,8.523,8.864,7.928,8.632,9.055,8.431,8.254,8.743,9.152,8.924,9.367,8.253,8.743,8.987,9.442,8.455,9.01,9.28,9.835,,,,,,,,,8.004,9.624
19-Dec-21,8.254,9.066,8.365,8.733,9.074,8.523,8.864,7.928,8.632,9.055,8.431,8.254,8.743,9.152,8.924,9.367,8.253,8.743,8.987,9.442,8.455,9.01,9.28,9.835,,,,,,,,,8.004,9.624
20-Dec-21,8.329,8.986,8.44,8.672,8.994,8.598,8.784,8.003,8.707,8.975,8.506,8.329,8.663,9.072,8.844,9.287,8.328,8.663,8.907,9.377,8.53,8.93,9.2,9.77,,,,,,,,,8.079,9.544
21-Dec-21,8.329,9.051,8.44,8.729,9.059,8.598,8.849,8.003,8.707,9.04,8.506,8.329,8.728,9.137,8.909,9.352,8.328,8.728,8.972,9.477,8.53,8.995,9.265,9.87,,,,,,,,,8.079,9.609
22-Dec-21,8.329,9.051,8.44,8.729,9.059,8.598,8.849,8.003,8.707,9.04,8.506,8.329,8.728,9.137,8.909,9.352,8.328,8.728,8.972,9.477,8.53,8.995,9.265,9.87,,,,,,,,,8.079,9.609
23-Dec-21,8.404,9.136,8.515,8.813,9.144,8.673,8.934,8.078,8.782,9.125,8.581,8.404,8.813,9.222,8.994,9.437,8.403,8.813,9.057,9.457,8.605,9.08,9.35,9.85,,,,,,,,,8.154,9.694
24-Dec-21,8.379,9.116,8.49,8.792,9.124,8.648,8.914,8.053,8.757,9.105,8.556,8.379,8.793,9.202,8.974,9.417,8.378,8.793,9.037,9.432,8.58,9.06,9.33,9.825,,,,,,,,,8.129,9.674
25-Dec-21,8.379,9.116,8.49,8.792,9.124,8.648,8.914,8.053,8.757,9.105,8.556,8.379,8.793,9.202,8.974,9.417,8.378,8.793,9.037,9.432,8.58,9.06,9.33,9.825,,,,,,,,,8.129,9.674
26-Dec-21,8.379,9.116,8.49,8.792,9.124,8.648,8.914,8.053,8.757,9.105,8.556,8.379,8.793,9.202,8.974,9.417,8.378,8.793,9.037,9.432,8.58,9.06,9.33,9.825,,,,,,,,,8.129,9.674
27-Dec-21,8.379,9.116,8.49,8.792,9.124,8.648,8.914,8.053,8.757,9.105,8.556,8.379,8.793,9.202,8.974,9.417,8.378,8.793,9.037,9.432,8.58,9.06,9.33,9.825,,,,,,,,,8.129,9.674
28-Dec-21,8.379,9.156,8.49,8.827,9.164,8.648,8.954,8.053,8.757,9.145,8.556,8.379,8.833,9.242,9.014,9.457,8.378,8.833,9.077,9.552,8.58,9.1,9.37,9.945,,,,,,,,,8.129,9.714
29-Dec-21,8.379,9.236,8.49,8.897,9.244,8.648,9.034,8.053,8.757,9.225,8.556,8.379,8.913,9.322,9.094,9.537,8.378,8.913,9.157,9.552,8.58,9.18,9.45,9.945,,,,,,,,,8.129,9.794
30-Dec-21,8.389,9.291,8.5,8.947,9.299,8.658,9.089,8.063,8.767,9.28,8.566,8.389,8.968,9.377,9.149,9.592,8.388,8.968,9.212,9.567,8.59,9.235,9.505,9.96,,,,,,,,,8.139,9.849
31-Dec-21,8.349,9.251,8.46,8.907,9.259,8.618,9.049,8.023,8.727,9.24,8.526,8.349,8.928,9.337,9.109,9.552,8.348,8.928,9.172,9.502,8.55,9.195,9.465,9.895,,,,,,,,,8.099,9.809
1-Jan-22,8.349,9.251,8.46,8.907,9.259,8.618,9.049,8.023,8.727,9.24,8.526,8.349,8.928,9.337,9.109,9.552,8.348,8.928,9.172,9.502,8.55,9.195,9.465,9.895,,,,,,,,,8.099,9.809
2-Jan-22,8.349,9.251,8.46,8.907,9.259,8.618,9.049,8.023,8.727,9.24,8.526,8.349,8.928,9.337,9.109,9.552,8.348,8.928,9.172,9.502,8.55,9.195,9.465,9.895,,,,,,,,,8.099,9.809
3-Jan-22,8.349,9.261,8.46,8.915,9.269,8.618,9.059,8.023,8.727,9.25,8.526,8.349,8.938,9.347,9.119,9.562,8.348,8.938,9.182,9.487,8.55,9.205,9.475,9.88,,,,,,,,,8.099,9.819
4-Jan-22,8.359,9.351,8.47,8.996,9.359,8.628,9.149,8.033,8.737,9.34,8.536,8.359,9.028,9.437,9.209,9.652,8.358,9.028,9.272,9.577,8.56,9.295,9.565,9.97,,,,,,,,,8.109,9.909
5-Jan-22,8.359,9.311,8.47,8.96,9.319,8.628,9.109,8.033,8.737,9.3,8.536,8.359,8.988,9.397,9.169,9.612,8.358,8.988,9.232,9.542,8.56,9.255,9.525,9.935,,,,,,,,,8.109,9.869
6-Jan-22,8.379,9.316,8.49,8.967,9.324,8.648,9.114,8.053,8.757,9.305,8.556,8.379,8.993,9.402,9.174,9.617,8.378,8.993,9.237,9.572,8.58,9.26,9.53,9.965,,,,,,,,,8.129,9.874
7-Jan-22,8.404,9.276,8.515,8.935,9.284,8.673,9.074,8.078,8.782,9.265,8.581,8.404,8.953,9.362,9.134,9.577,8.403,8.953,9.197,9.542,8.605,9.22,9.49,9.935,,,,,,,,,8.154,9.834
8-Jan-22,8.404,9.276,8.515,8.935,9.284,8.673,9.074,8.078,8.782,9.265,8.581,8.404,8.953,9.362,9.134,9.577,8.403,8.953,9.197,9.542,8.605,9.22,9.49,9.935,,,,,,,,,8.154,9.834
9-Jan-22,8.404,9.276,8.515,8.935,9.284,8.673,9.074,8.078,8.782,9.265,8.581,8.404,8.953,9.362,9.134,9.577,8.403,8.953,9.197,9.542,8.605,9.22,9.49,9.935,,,,,,,,,8.154,9.834
10-Jan-22,8.369,9.326,8.48,8.975,9.334,8.638,9.124,8.043,8.747,9.315,8.546,8.369,9.003,9.412,9.184,9.627,8.368,9.003,9.247,9.642,8.57,9.27,9.54,10.035,,,,,,,,,8.119,9.884
11-Jan-22,8.379,9.296,8.49,8.95,9.304,8.648,9.094,8.053,8.757,9.285,8.556,8.379,8.973,9.382,9.154,9.597,8.378,8.973,9.217,9.677,8.58,9.24,9.51,10.07,,,,,,,,,8.129,9.854
12-Jan-22,8.354,9.156,8.465,8.824,9.164,8.623,8.954,8.028,8.732,9.145,8.531,8.354,8.833,9.242,9.014,9.457,8.353,8.833,9.077,9.517,8.555,9.1,9.37,9.91,,,,,,,,,8.104,9.714
13-Jan-22,8.394,9.196,8.505,8.864,9.204,8.663,8.994,8.068,8.772,9.185,8.571,8.394,8.873,9.282,9.054,9.497,8.393,8.873,9.117,9.572,8.595,9.14,9.41,9.965,,,,,,,,,8.144,9.754
14-Jan-22,8.369,9.156,8.48,8.826,9.164,8.638,8.954,8.043,8.747,9.145,8.546,8.369,8.833,9.242,9.014,9.457,8.368,8.833,9.077,9.512,8.57,9.1,9.37,9.905,,,,,,,,,8.119,9.714
15-Jan-22,8.369,9.156,8.48,8.826,9.164,8.638,8.954,8.043,8.747,9.145,8.546,8.369,8.833,9.242,9.014,9.457,8.368,8.833,9.077,9.512,8.57,9.1,9.37,9.905,,,,,,,,,8.119,9.714
16-Jan-22,8.369,9.156,8.48,8.826,9.164,8.638,8.954,8.043,8.747,9.145,8.546,8.369,8.833,9.242,9.014,9.457,8.368,8.833,9.077,9.512,8.57,9.1,9.37,9.905,,,,,,,,,8.119,9.714
17-Jan-22,8.354,9.131,8.465,8.802,9.139,8.623,8.929,8.028,8.732,9.12,8.531,8.354,8.808,9.217,8.989,9.432,8.353,8.808,9.052,9.507,8.555,9.075,9.345,9.9,,,,,,,,,8.104,9.689
18-Jan-22,8.409,9.231,8.52,8.896,9.239,8.678,9.029,8.083,8.787,9.22,8.586,8.409,8.908,9.317,9.089,9.532,8.408,8.908,9.152,9.602,8.61,9.175,9.445,9.995,,,,,,,,,8.159,9.789
19-Jan-22,8.434,9.176,8.545,8.851,9.184,8.703,8.974,8.108,8.812,9.165,8.611,8.434,8.853,9.262,9.034,9.477,8.433,8.853,9.097,9.512,8.635,9.12,9.39,9.905,,,,,,,,,8.184,9.734
20-Jan-22,8.389,9.056,8.5,8.741,9.064,8.658,8.854,8.063,8.767,9.045,8.566,8.389,8.733,9.142,8.914,9.357,8.388,8.733,8.977,9.437,8.59,9,9.27,9.83,,,,,,,,,8.139,9.614
21-Jan-22,8.439,9.016,8.55,8.712,9.024,8.708,8.814,8.113,8.817,9.005,8.616,8.439,8.693,9.102,8.874,9.317,8.438,8.693,8.937,9.397,8.64,8.96,9.23,9.79,,,,,,,,,8.189,9.574
22-Jan-22,8.439,9.016,8.55,8.712,9.024,8.708,8.814,8.113,8.817,9.005,8.616,8.439,8.693,9.102,8.874,9.317,8.438,8.693,8.937,9.397,8.64,8.96,9.23,9.79,,,,,,,,,8.189,9.574
23-Jan-22,8.439,9.016,8.55,8.712,9.024,8.708,8.814,8.113,8.817,9.005,8.616,8.439,8.693,9.102,8.874,9.317,8.438,8.693,8.937,9.397,8.64,8.96,9.23,9.79,,,,,,,,,8.189,9.574
24-Jan-22,8.484,9.051,8.595,8.748,9.059,8.753,8.849,8.158,8.862,9.04,8.661,8.484,8.728,9.137,8.909,9.352,8.483,8.728,8.972,9.447,8.685,8.995,9.265,9.84,,,,,,,,,8.234,9.609
25-Jan-22,8.609,9.141,8.72,8.842,9.149,8.878,8.939,8.283,8.987,9.13,8.786,8.609,8.818,9.227,8.999,9.442,8.608,8.818,9.062,9.522,8.81,9.085,9.355,9.915,,,,,,,,,8.359,9.699
26-Jan-22,8.609,9.116,8.72,8.82,9.124,8.878,8.914,8.283,8.987,9.105,8.786,8.609,8.793,9.202,8.974,9.417,8.608,8.793,9.037,9.492,8.79,9.284,9.721,10.5,,,,,,,,,8.359,9.674
27-Jan-22,8.504,9.316,8.615,8.983,9.324,8.773,9.114,8.178,8.882,9.505,8.681,8.504,8.993,9.602,9.174,9.817,8.503,8.993,9.437,10.192,8.79,9.259,9.696,10.47,,,,,,,,,8.254,9.874
28-Jan-22,8.584,9.376,8.695,9.045,9.384,8.853,9.174,8.258,8.962,9.565,8.761,8.584,9.053,9.662,9.234,9.877,8.583,9.053,9.497,10.262,8.87,9.319,9.756,10.54,,,,,,,,,8.334,9.934
29-Jan-22,8.584,9.376,8.695,9.045,9.384,8.853,9.174,8.258,8.962,9.565,8.761,8.584,9.053,9.662,9.234,9.877,8.583,9.053,9.497,10.262,8.87,9.319,9.756,10.54,,,,,,,,,8.334,9.934
30-Jan-22,8.584,9.376,8.695,9.045,9.384,8.853,9.174,8.258,8.962,9.565,8.761,8.584,9.053,9.662,9.234,9.877,8.583,9.053,9.497,10.262,8.87,9.319,9.756,10.54,,,,,,,,,8.334,9.934
31-Jan-22,8.549,9.346,8.66,9.015,9.354,8.818,9.144,8.223,8.927,9.535,8.726,8.549,9.023,9.632,9.204,9.847,8.548,9.023,9.467,10.232,8.835,9.289,9.726,10.51,,,,,,,,,8.299,9.904
1-Feb-22,8.549,9.266,8.66,8.944,9.274,8.818,9.064,8.223,8.927,9.455,8.726,8.549,8.943,9.552,9.124,9.767,8.548,8.943,9.387,10.137,8.835,9.209,9.646,10.415,,,,,,,,,8.299,9.824
2-Feb-22,8.544,9.226,8.655,8.909,9.234,8.813,9.024,8.218,8.922,9.415,8.721,8.544,8.903,9.512,9.084,9.727,8.543,8.903,9.347,10.097,8.83,9.169,9.606,10.375,,,,,,,,,8.294,9.784
3-Feb-22,8.504,9.216,8.615,8.895,9.224,8.773,9.014,8.178,8.882,9.405,8.681,8.504,8.893,9.502,9.074,9.717,8.503,8.893,9.337,10.067,8.79,9.159,9.596,10.345,,,,,,,,,8.254,9.774
4-Feb-22,8.544,9.291,8.655,8.966,9.299,8.813,9.089,8.218,8.922,9.48,8.721,8.544,8.968,9.577,9.149,9.792,8.543,8.968,9.412,10.137,8.83,9.234,9.671,10.415,,,,,,,,,8.294,9.849
5-Feb-22,8.544,9.291,8.655,8.966,9.299,8.813,9.089,8.218,8.922,9.48,8.721,8.544,8.968,9.577,9.149,9.792,8.543,8.968,9.412,10.137,8.83,9.234,9.671,10.415,,,,,,,,,8.294,9.849
6-Feb-22,8.544,9.291,8.655,8.966,9.299,8.813,9.089,8.218,8.922,9.48,8.721,8.544,8.968,9.577,9.149,9.792,8.543,8.968,9.412,10.137,8.83,9.234,9.671,10.415,,,,,,,,,8.294,9.849
7-Feb-22,8.484,9.391,8.595,9.046,9.399,8.753,9.189,8.158,8.862,9.58,8.661,8.484,9.068,9.677,9.249,9.892,8.483,9.068,9.512,10.177,8.77,9.334,9.771,10.455,,,,,,,,,8.234,9.949
8-Feb-22,8.479,9.381,8.59,9.037,9.389,8.748,9.179,8.153,8.857,9.57,8.656,8.479,9.058,9.667,9.239,9.882,8.478,9.058,9.502,10.167,8.765,9.324,9.761,10.445,,,,,,,,,8.229,9.939
9-Feb-22,8.454,9.326,8.565,8.985,9.334,8.723,9.124,8.128,8.832,9.515,8.631,8.454,9.003,9.612,9.184,9.827,8.453,9.003,9.447,10.107,8.74,9.269,9.706,10.385,,,,,,,,,8.204,9.884
10-Feb-22,8.529,9.316,8.64,8.986,9.324,8.798,9.114,8.203,8.907,9.505,8.706,8.529,8.993,9.602,9.174,9.817,8.528,8.993,9.437,10.027,8.815,9.259,9.696,10.305,,,,,,,,,8.279,9.874
11-Feb-22,8.529,9.356,8.64,9.021,9.364,8.798,9.154,8.203,8.907,9.545,8.706,8.529,9.033,9.642,9.214,9.857,8.528,9.033,9.477,10.027,8.815,9.299,9.736,10.305,,,,,,,,,8.279,9.914
12-Feb-22,8.529,9.356,8.64,9.021,9.364,8.798,9.154,8.203,8.907,9.545,8.706,8.529,9.033,9.642,9.214,9.857,8.528,9.033,9.477,10.027,8.815,9.299,9.736,10.305,,,,,,,,,8.279,9.914
13-Feb-22,8.529,9.356,8.64,9.021,9.364,8.798,9.154,8.203,8.907,9.545,8.706,8.529,9.033,9.642,9.214,9.857,8.528,9.033,9.477,10.027,8.815,9.299,9.736,10.305,,,,,,,,,8.279,9.914
14-Feb-22,8.489,9.376,8.6,9.033,9.384,8.758,9.174,8.163,8.867,9.565,8.666,8.489,9.053,9.662,9.234,9.877,8.488,9.053,9.497,10.052,8.775,9.319,9.756,10.33,,,,,,,,,8.239,9.934
15-Feb-22,8.449,9.386,8.56,9.037,9.394,8.718,9.184,8.123,8.827,9.575,8.626,8.449,9.063,9.672,9.244,9.887,8.448,9.063,9.507,10.022,8.735,9.329,9.766,10.3,,,,,,,,,8.199,9.944
16-Feb-22,8.414,9.251,8.525,8.915,9.259,8.683,9.049,8.088,8.792,9.44,8.591,8.414,8.928,9.537,9.109,9.752,8.413,8.928,9.372,9.962,8.7,9.194,9.631,10.24,,,,,,,,,8.164,9.809
17-Feb-22,8.394,9.206,8.505,8.873,9.214,8.663,9.004,8.068,8.772,9.395,8.571,8.394,8.883,9.492,9.064,9.707,8.393,8.883,9.327,9.922,8.68,9.149,9.586,10.2,,,,,,,,,8.144,9.764
18-Feb-22,8.409,9.236,8.52,8.901,9.244,8.678,9.034,8.083,8.787,9.425,8.586,8.409,8.913,9.522,9.094,9.737,8.408,8.913,9.357,9.922,8.695,9.179,9.616,10.2,,,,,,,,,8.159,9.794
19-Feb-22,8.409,9.236,8.52,8.901,9.244,8.678,9.034,8.083,8.787,9.425,8.586,8.409,8.913,9.522,9.094,9.737,8.408,8.913,9.357,9.922,8.695,9.179,9.616,10.2,,,,,,,,,8.159,9.794
20-Feb-22,8.409,9.236,8.52,8.901,9.244,8.678,9.034,8.083,8.787,9.425,8.586,8.409,8.913,9.522,9.094,9.737,8.408,8.913,9.357,9.922,8.695,9.179,9.616,10.2,,,,,,,,,8.159,9.794
21-Feb-22,8.404,9.291,8.515,8.948,9.299,8.673,9.089,8.078,8.782,9.48,8.581,8.404,8.968,9.577,9.149,9.792,8.403,8.968,9.412,9.962,8.69,9.234,9.671,10.24,,,,,,,,,8.154,9.849
22-Feb-22,8.454,9.276,8.565,8.941,9.284,8.723,9.074,8.128,8.832,9.465,8.631,8.454,8.953,9.562,9.134,9.777,8.453,8.953,9.397,10.017,8.74,9.219,9.656,10.295,,,,,,,,,8.204,9.834
23-Feb-22,8.454,9.326,8.565,8.985,9.334,8.723,9.124,8.128,8.832,9.515,8.631,8.454,9.003,9.612,9.184,9.827,8.453,9.003,9.447,10.087,8.74,9.269,9.706,10.365,,,,,,,,,8.204,9.884
24-Feb-22,8.454,9.481,8.565,9.121,9.489,8.723,9.279,8.128,8.832,9.67,8.631,8.454,9.158,9.767,9.339,9.982,8.453,9.158,9.602,10.277,8.74,9.424,9.861,10.555,,,,,,,,,8.204,10.039
25-Feb-22,8.449,9.356,8.56,9.011,9.364,8.718,9.154,8.123,8.827,9.545,8.626,8.449,9.033,9.642,9.214,9.857,8.448,9.033,9.477,10.112,8.735,9.299,9.736,10.39,,,,,,,,,8.199,9.914
26-Feb-22,8.449,9.356,8.56,9.011,9.364,8.718,9.154,8.123,8.827,9.545,8.626,8.449,9.033,9.642,9.214,9.857,8.448,9.033,9.477,10.112,8.735,9.299,9.736,10.39,,,,,,,,,8.199,9.914
27-Feb-22,8.449,9.356,8.56,9.011,9.364,8.718,9.154,8.123,8.827,9.545,8.626,8.449,9.033,9.642,9.214,9.857,8.448,9.033,9.477,10.112,8.735,9.299,9.736,10.39,,,,,,,,,8.199,9.914
28-Feb-22,8.474,9.486,8.585,9.128,9.494,8.743,9.284,8.148,8.852,9.675,8.651,8.474,9.163,9.772,9.344,9.987,8.473,9.163,9.607,10.272,8.76,9.429,9.866,10.55,,,,,,,,,8.224,10.044
1-Mar-22,8.539,9.536,8.65,9.18,9.544,8.808,9.334,8.213,8.917,9.725,8.716,8.539,9.213,9.822,9.394,10.037,8.538,9.213,9.657,10.342,8.825,9.479,9.916,10.62,,,,,,,,,8.289,10.094
2-Mar-22,8.584,9.631,8.695,9.269,9.639,8.853,9.429,8.258,8.962,9.82,8.761,8.584,9.308,9.917,9.489,10.132,8.583,9.308,9.752,10.447,8.87,9.574,10.011,10.725,,,,,,,,,8.334,10.189
3-Mar-22,8.519,9.591,8.63,9.226,9.599,8.788,9.389,8.193,8.897,9.78,8.696,8.519,9.268,9.877,9.449,10.092,8.518,9.268,9.712,10.402,8.805,9.534,9.971,10.68,,,,,,,,,8.269,10.149
4-Mar-22,8.569,9.751,8.68,9.372,9.759,8.838,9.549,8.243,8.947,9.94,8.746,8.569,9.428,10.037,9.609,10.252,8.568,9.428,9.872,10.497,8.855,9.694,10.131,10.775,,,,,,,,,8.319,10.309
5-Mar-22,8.569,9.751,8.68,9.372,9.759,8.838,9.549,8.243,8.947,9.94,8.746,8.569,9.428,10.037,9.609,10.252,8.568,9.428,9.872,10.497,8.855,9.694,10.131,10.775,,,,,,,,,8.319,10.309
6-Mar-22,8.569,9.751,8.68,9.372,9.759,8.838,9.549,8.243,8.947,9.94,8.746,8.569,9.428,10.037,9.609,10.252,8.568,9.428,9.872,10.497,8.855,9.694,10.131,10.775,,,,,,,,,8.319,10.309
7-Mar-22,8.679,9.901,8.79,9.517,9.909,8.948,9.699,8.353,9.057,10.09,8.856,8.679,9.578,10.187,9.759,10.402,8.678,9.578,10.022,10.767,8.965,9.844,10.281,11.045,,,,,,,,,8.429,10.459
8-Mar-22,8.769,10.096,8.88,9.699,10.104,9.038,9.894,8.443,9.147,10.285,8.946,8.769,9.773,10.382,9.954,10.597,8.768,9.773,10.217,10.887,9.055,10.039,10.476,11.165,,,,,,,,,8.519,10.654
9-Mar-22,8.604,10.041,8.715,9.631,10.049,8.873,9.839,8.278,8.982,10.23,8.781,8.604,9.718,10.327,9.899,10.542,8.603,9.718,10.162,10.677,8.89,9.984,10.421,10.955,,,,,,,,,8.354,10.599
10-Mar-22,8.679,10.086,8.79,9.679,10.094,8.948,9.884,8.353,9.057,10.275,8.856,8.679,9.763,10.372,9.944,10.587,8.678,9.763,10.207,10.712,8.965,10.029,10.466,10.99,,,,,,,,,8.429,10.644
11-Mar-22,8.679,9.931,8.79,9.543,9.939,8.948,9.729,8.353,9.057,10.12,8.856,8.679,9.608,10.217,9.789,10.432,8.678,9.608,10.052,10.562,8.965,9.874,10.311,10.84,,,,,,,,,8.429,10.489
12-Mar-22,8.679,9.931,8.79,9.543,9.939,8.948,9.729,8.353,9.057,10.12,8.856,8.679,9.608,10.217,9.789,10.432,8.678,9.608,10.052,10.562,8.965,9.874,10.311,10.84,,,,,,,,,8.429,10.489
13-Mar-22,8.679,9.931,8.79,9.543,9.939,8.948,9.729,8.353,9.057,10.12,8.856,8.679,9.608,10.217,9.789,10.432,8.678,9.608,10.052,10.562,8.965,9.874,10.311,10.84,,,,,,,,,8.429,10.489
14-Mar-22,8.709,10.041,8.82,9.644,10.049,8.978,9.839,8.383,9.087,10.23,8.886,8.709,9.718,10.327,9.899,10.542,8.708,9.718,10.162,10.677,8.995,9.984,10.421,10.955,,,,,,,,,8.459,10.599
15-Mar-22,8.674,9.951,8.785,9.56,9.959,8.943,9.749,8.348,9.052,10.14,8.851,8.674,9.628,10.237,9.809,10.452,8.673,9.628,10.072,10.617,8.96,9.894,10.331,10.895,,,,,,,,,8.424,10.509
16-Mar-22,8.659,9.816,8.77,9.44,9.824,8.928,9.614,8.333,9.037,10.005,8.836,8.659,9.493,10.102,9.674,10.317,8.658,9.493,9.937,10.432,8.945,9.759,10.196,10.71,,,,,,,,,8.409,10.374
17-Mar-22,8.654,9.856,8.765,9.475,9.864,8.923,9.654,8.328,9.032,10.045,8.831,8.654,9.533,10.142,9.714,10.357,8.653,9.533,9.977,10.417,8.94,9.799,10.236,10.695,,,,,,,,,8.404,10.414
18-Mar-22,8.699,9.926,8.81,9.542,9.934,8.968,9.724,8.373,9.077,10.115,8.876,8.699,9.603,10.212,9.784,10.427,8.698,9.603,10.047,10.487,8.985,9.869,10.306,10.765,,,,,,,,,8.449,10.484
19-Mar-22,8.699,9.926,8.81,9.542,9.934,8.968,9.724,8.373,9.077,10.115,8.876,8.699,9.603,10.212,9.784,10.427,8.698,9.603,10.047,10.487,8.985,9.869,10.306,10.765,,,,,,,,,8.449,10.484
20-Mar-22,8.699,9.926,8.81,9.542,9.934,8.968,9.724,8.373,9.077,10.115,8.876,8.699,9.603,10.212,9.784,10.427,8.698,9.603,10.047,10.487,8.985,9.869,10.306,10.765,,,,,,,,,8.449,10.484
21-Mar-22,8.604,9.931,8.715,9.534,9.939,8.873,9.729,8.278,8.982,10.12,8.781,8.604,9.608,10.217,9.789,10.432,8.603,9.608,10.052,10.497,8.89,9.874,10.311,10.775,,,,,,,,,8.354,10.489
22-Mar-22,8.679,10.116,8.79,9.706,10.124,8.948,9.914,8.353,9.057,10.305,8.856,8.679,9.793,10.402,9.974,10.617,8.678,9.793,10.237,10.612,8.965,10.059,10.496,10.89,,,,,,,,,8.429,10.674
23-Mar-22,8.664,10.051,8.775,9.647,10.059,8.933,9.849,8.338,9.042,10.24,8.841,8.664,9.728,10.337,9.909,10.552,8.663,9.728,10.172,10.562,8.95,9.994,10.431,10.84,,,,,,,,,8.414,10.609
24-Mar-22,8.669,10.006,8.78,9.608,10.014,8.938,9.804,8.343,9.047,10.195,8.846,8.669,9.683,10.292,9.864,10.507,8.668,9.683,10.127,10.467,8.955,9.949,10.386,10.745,,,,,,,,,8.419,10.564
25-Mar-22,8.699,10.046,8.81,9.647,10.054,8.968,9.844,8.373,9.077,10.235,8.876,8.699,9.723,10.332,9.904,10.547,8.698,9.723,10.167,10.517,8.985,9.989,10.426,10.795,,,,,,,,,8.449,10.604
26-Mar-22,8.699,10.046,8.81,9.647,10.054,8.968,9.844,8.373,9.077,10.235,8.876,8.699,9.723,10.332,9.904,10.547,8.698,9.723,10.167,10.517,8.985,9.989,10.426,10.795,,,,,,,,,8.449,10.604
27-Mar-22,8.699,10.046,8.81,9.647,10.054,8.968,9.844,8.373,9.077,10.235,8.876,8.699,9.723,10.332,9.904,10.547,8.698,9.723,10.167,10.517,8.985,9.989,10.426,10.795,,,,,,,,,8.449,10.604
28-Mar-22,8.634,10.006,8.745,9.604,10.014,8.903,9.804,8.308,9.012,10.195,8.811,8.634,9.683,10.292,9.864,10.507,8.633,9.683,10.127,10.482,8.92,9.949,10.386,10.76,,,,,,,,,8.384,10.564
29-Mar-22,8.589,9.826,8.7,9.44,9.834,8.858,9.624,8.263,8.967,10.015,8.766,8.589,9.503,10.112,9.684,10.327,8.588,9.503,9.947,10.337,8.875,9.769,10.206,10.615,,,,,,,,,8.339,10.384
30-Mar-22,8.569,9.796,8.68,9.412,9.804,8.838,9.594,8.243,8.947,9.985,8.746,8.569,9.473,10.082,9.654,10.297,8.568,9.473,9.917,10.382,8.855,9.739,10.176,10.66,,,,,,,,,8.319,10.354
31-Mar-22,8.569,9.736,8.68,9.359,9.744,8.838,9.534,8.243,8.947,9.925,8.746,8.569,9.413,10.022,9.594,10.237,8.568,9.413,9.857,10.422,8.855,9.679,10.116,10.7,,,,,,,,,8.319,10.294
1-Apr-22,8.584,9.751,8.695,9.374,9.759,8.853,9.549,8.258,8.962,9.94,8.761,8.584,9.428,10.037,9.609,10.252,8.583,9.428,9.872,10.427,8.87,9.694,10.131,10.705,,,,,,,,,8.334,10.309
2-Apr-22,8.584,9.751,8.695,9.374,9.759,8.853,9.549,8.258,8.962,9.94,8.761,8.584,9.428,10.037,9.609,10.252,8.583,9.428,9.872,10.427,8.87,9.694,10.131,10.705,,,,,,,,,8.334,10.309
3-Apr-22,8.584,9.751,8.695,9.374,9.759,8.853,9.549,8.258,8.962,9.94,8.761,8.584,9.428,10.037,9.609,10.252,8.583,9.428,9.872,10.427,8.87,9.694,10.131,10.705,,,,,,,,,8.334,10.309
4-Apr-22,8.624,9.676,8.735,9.313,9.684,8.893,9.474,8.298,9.002,9.865,8.801,8.624,9.353,9.962,9.534,10.177,8.623,9.353,9.797,10.367,8.91,9.619,10.056,10.645,,,,,,,,,8.374,10.234
5-Apr-22,8.674,9.821,8.785,9.446,9.829,8.943,9.619,8.348,9.052,10.01,8.851,8.674,9.498,10.107,9.679,10.322,8.673,9.498,9.942,10.387,8.96,9.764,10.201,10.665,,,,,,,,,8.424,10.379
6-Apr-22,8.664,9.836,8.775,9.458,9.844,8.933,9.634,8.338,9.042,10.025,8.841,8.664,9.513,10.122,9.694,10.337,8.663,9.513,9.957,10.392,8.95,9.779,10.216,10.67,,,,,,,,,8.414,10.394
7-Apr-22,8.644,9.711,8.755,9.346,9.719,8.913,9.509,8.318,9.022,9.9,8.821,8.644,9.388,9.997,9.569,10.212,8.643,9.388,9.832,10.342,8.93,9.654,10.091,10.62,,,,,,,,,8.394,10.269
8-Apr-22,8.664,9.676,8.775,9.318,9.684,8.933,9.474,8.338,9.042,9.865,8.841,8.664,9.353,9.962,9.534,10.177,8.663,9.353,9.797,10.402,8.95,9.619,10.056,10.68,,,,,,,,,8.414,10.234
9-Apr-22,8.664,9.676,8.775,9.318,9.684,8.933,9.474,8.338,9.042,9.865,8.841,8.664,9.353,9.962,9.534,10.177,8.663,9.353,9.797,10.402,8.95,9.619,10.056,10.68,,,,,,,,,8.414,10.234
10-Apr-22,8.664,9.676,8.775,9.318,9.684,8.933,9.474,8.338,9.042,9.865,8.841,8.664,9.353,9.962,9.534,10.177,8.663,9.353,9.797,10.402,8.95,9.619,10.056,10.68,,,,,,,,,8.414,10.234
11-Apr-22,8.654,9.676,8.765,9.317,9.684,8.923,9.474,8.328,9.032,9.865,8.831,8.654,9.353,9.962,9.534,10.177,8.653,9.353,9.797,10.447,8.94,9.619,10.056,10.725,,,,,,,,,8.404,10.234
12-Apr-22,8.659,9.671,8.77,9.313,9.679,8.928,9.469,8.333,9.037,9.86,8.836,8.659,9.348,9.957,9.529,10.172,8.658,9.348,9.792,10.462,8.945,9.614,10.051,10.74,,,,,,,,,8.409,10.229
13-Apr-22,8.694,9.686,8.805,9.331,9.694,8.963,9.484,8.368,9.072,9.875,8.871,8.694,9.363,9.972,9.544,10.187,8.693,9.363,9.807,10.512,8.98,9.629,10.066,10.79,,,,,,,,,8.444,10.244
14-Apr-22,8.654,9.736,8.765,9.369,9.744,8.923,9.534,8.328,9.032,9.925,8.831,8.654,9.413,10.022,9.594,10.237,8.653,9.413,9.857,10.577,8.94,9.679,10.116,10.855,,,,,,,,,8.404,10.294
15-Apr-22,8.654,9.736,8.765,9.369,9.744,8.923,9.534,8.328,9.032,9.925,8.831,8.654,9.413,10.022,9.594,10.237,8.653,9.413,9.857,10.577,8.94,9.679,10.116,10.855,,,,,,,,,8.404,10.294
16-Apr-22,8.654,9.736,8.765,9.369,9.744,8.923,9.534,8.328,9.032,9.925,8.831,8.654,9.413,10.022,9.594,10.237,8.653,9.413,9.857,10.577,8.94,9.679,10.116,10.855,,,,,,,,,8.404,10.294
17-Apr-22,8.654,9.736,8.765,9.369,9.744,8.923,9.534,8.328,9.032,9.925,8.831,8.654,9.413,10.022,9.594,10.237,8.653,9.413,9.857,10.577,8.94,9.679,10.116,10.855,,,,,,,,,8.404,10.294
18-Apr-22,8.654,9.736,8.765,9.369,9.744,8.923,9.534,8.328,9.032,9.925,8.831,8.654,9.413,10.022,9.594,10.237,8.653,9.413,9.857,10.577,8.94,9.679,10.116,10.855,,,,,,,,,8.404,10.294
19-Apr-22,8.654,9.736,8.765,9.369,9.744,8.923,9.534,8.328,9.032,9.925,8.831,8.654,9.413,10.022,9.594,10.237,8.653,9.413,9.857,10.577,8.94,9.679,10.116,10.855,,,,,,,,,8.404,10.294
20-Apr-22,8.694,9.781,8.805,9.414,9.789,8.963,9.579,8.368,9.072,9.97,8.871,8.694,9.458,10.067,9.639,10.282,8.693,9.458,9.902,10.707,8.98,9.724,10.161,10.985,,,,,,,,,8.444,10.339
21-Apr-22,8.664,9.781,8.775,9.41,9.789,8.933,9.579,8.338,9.042,9.97,8.841,8.664,9.458,10.067,9.639,10.282,8.663,9.458,9.902,10.677,8.95,9.724,10.161,10.955,,,,,,,,,8.414,10.339
22-Apr-22,8.659,9.831,8.77,9.453,9.839,8.928,9.629,8.333,9.037,10.02,8.836,8.659,9.508,10.117,9.689,10.332,8.658,9.508,9.952,10.677,8.945,9.774,10.211,10.955,,,,,,,,,8.409,10.389
23-Apr-22,8.659,9.831,8.77,9.453,9.839,8.928,9.629,8.333,9.037,10.02,8.836,8.659,9.508,10.117,9.689,10.332,8.658,9.508,9.952,10.677,8.945,9.774,10.211,10.955,,,,,,,,,8.409,10.389
24-Apr-22,8.659,9.831,8.77,9.453,9.839,8.928,9.629,8.333,9.037,10.02,8.836,8.659,9.508,10.117,9.689,10.332,8.658,9.508,9.952,10.677,8.945,9.774,10.211,10.955,,,,,,,,,8.409,10.389
25-Apr-22,8.659,9.831,8.77,9.453,9.839,8.928,9.629,8.333,9.037,10.02,8.836,8.659,9.508,10.117,9.689,10.332,8.658,9.508,9.952,10.677,8.945,9.774,10.211,10.955,,,,,,,,,8.409,10.389
26-Apr-22,8.634,9.801,8.745,9.424,9.809,8.903,9.599,8.308,9.012,9.99,8.811,8.634,9.478,10.087,9.659,10.302,8.633,9.478,9.922,10.712,8.82,9.644,10.081,10.89,,,,,,,,,8.384,10.359
27-Apr-22,8.644,9.66,8.755,9.302,9.668,8.913,9.458,8.318,9.022,9.9,8.821,8.644,9.337,9.997,9.518,10.212,8.643,9.337,9.832,10.582,8.83,9.503,9.991,10.76,,,,,,,,,8.394,10.218
28-Apr-22,8.529,9.665,8.64,9.292,9.673,8.798,9.463,8.203,8.907,9.905,8.706,8.529,9.342,10.002,9.523,10.217,8.528,9.342,9.837,10.617,8.715,9.508,9.996,10.795,,,,,,,,,8.279,10.223
29-Apr-22,8.564,9.675,8.675,9.305,9.683,8.833,9.473,8.238,8.942,9.915,8.741,8.564,9.352,10.012,9.533,10.227,8.563,9.352,9.847,10.552,8.75,9.518,10.006,10.73,,,,,,,,,8.314,10.233
30-Apr-22,8.564,9.675,8.675,9.305,9.683,8.833,9.473,8.238,8.942,9.915,8.741,8.564,9.352,10.012,9.533,10.227,8.563,9.352,9.847,10.552,8.75,9.518,10.006,10.73,,,,,,,,,8.314,10.233
1-May-22,8.564,9.675,8.675,9.305,9.683,8.833,9.473,8.238,8.942,9.915,8.741,8.564,9.352,10.012,9.533,10.227,8.563,9.352,9.847,10.552,8.75,9.518,10.006,10.73,,,,,,,,,8.314,10.233
2-May-22,8.564,9.675,8.675,9.305,9.683,8.833,9.473,8.238,8.942,9.915,8.741,8.564,9.352,10.012,9.533,10.227,8.563,9.352,9.847,10.552,8.75,9.518,10.006,10.73,,,,,,,,,8.314,10.233
3-May-22,8.564,9.655,8.675,9.287,9.663,8.833,9.453,8.238,8.942,9.895,8.741,8.564,9.332,9.992,9.513,10.207,8.563,9.332,9.827,10.512,8.75,9.498,9.986,10.69,,,,,,,,,8.314,10.213
4-May-22,8.564,9.675,8.675,9.305,9.683,8.833,9.473,8.238,8.942,9.915,8.741,8.564,9.352,10.012,9.533,10.227,8.563,9.352,9.847,10.492,8.75,9.518,10.006,10.67,,,,,,,,,8.314,10.233
5-May-22,8.514,9.725,8.625,9.343,9.733,8.783,9.523,8.188,8.892,9.965,8.691,8.514,9.402,10.062,9.583,10.277,8.513,9.402,9.897,10.567,8.7,9.568,10.056,10.745,,,,,,,,,8.264,10.283
6-May-22,8.559,9.825,8.67,9.436,9.833,8.828,9.623,8.233,8.937,10.065,8.736,8.559,9.502,10.162,9.683,10.377,8.558,9.502,9.997,10.667,8.745,9.668,10.156,10.845,,,,,,,,,8.309,10.383
7-May-22,8.559,9.825,8.67,9.436,9.833,8.828,9.623,8.233,8.937,10.065,8.736,8.559,9.502,10.162,9.683,10.377,8.558,9.502,9.997,10.667,8.745,9.668,10.156,10.845,,,,,,,,,8.309,10.383
8-May-22,8.559,9.825,8.67,9.436,9.833,8.828,9.623,8.233,8.937,10.065,8.736,8.559,9.502,10.162,9.683,10.377,8.558,9.502,9.997,10.667,8.745,9.668,10.156,10.845,,,,,,,,,8.309,10.383
9-May-22,8.589,9.975,8.7,9.571,9.983,8.858,9.773,8.263,8.967,10.215,8.766,8.589,9.652,10.312,9.833,10.527,8.588,9.652,10.147,10.787,8.775,9.818,10.306,10.965,,,,,,,,,8.339,10.533
10-May-22,8.589,10.005,8.7,9.597,10.013,8.858,9.803,8.263,8.967,10.245,8.766,8.589,9.682,10.342,9.863,10.557,8.588,9.682,10.177,10.807,8.775,9.848,10.336,10.985,,,,,,,,,8.339,10.563
11-May-22,8.569,9.85,8.68,9.459,9.858,8.838,9.648,8.243,8.947,10.09,8.746,8.569,9.527,10.187,9.708,10.402,8.568,9.527,10.022,10.647,8.755,9.693,10.181,10.825,,,,,,,,,8.319,10.408
12-May-22,8.479,9.685,8.59,9.303,9.693,8.748,9.483,8.153,8.857,9.925,8.656,8.479,9.362,10.022,9.543,10.237,8.478,9.362,9.857,10.577,8.665,9.528,10.016,10.755,,,,,,,,,8.229,10.243
13-May-22,8.539,9.705,8.65,9.328,9.713,8.808,9.503,8.213,8.917,9.945,8.716,8.539,9.382,10.042,9.563,10.257,8.538,9.382,9.877,10.612,8.725,9.548,10.036,10.79,,,,,,,,,8.289,10.263
14-May-22,8.539,9.705,8.65,9.328,9.713,8.808,9.503,8.213,8.917,9.945,8.716,8.539,9.382,10.042,9.563,10.257,8.538,9.382,9.877,10.612,8.725,9.548,10.036,10.79,,,,,,,,,8.289,10.263
15-May-22,8.539,9.705,8.65,9.328,9.713,8.808,9.503,8.213,8.917,9.945,8.716,8.539,9.382,10.042,9.563,10.257,8.538,9.382,9.877,10.612,8.725,9.548,10.036,10.79,,,,,,,,,8.289,10.263
16-May-22,8.679,9.73,8.79,9.367,9.738,8.948,9.528,8.353,9.057,9.97,8.856,8.679,9.407,10.067,9.588,10.282,8.678,9.407,9.902,10.607,8.865,9.573,10.061,10.785,,,,,,,,,8.429,10.288
17-May-22,8.704,9.765,8.815,9.401,9.773,8.973,9.563,8.378,9.082,10.005,8.881,8.704,9.442,10.102,9.623,10.317,8.703,9.442,9.937,10.607,8.89,9.608,10.096,10.785,,,,,,,,,8.454,10.323
18-May-22,8.714,9.73,8.825,9.372,9.738,8.983,9.528,8.388,9.092,9.97,8.891,8.714,9.407,10.067,9.588,10.282,8.713,9.407,9.902,10.592,8.9,9.573,10.061,10.77,,,,,,,,,8.464,10.288
19-May-22,8.739,9.625,8.85,9.283,9.633,9.008,9.423,8.413,9.117,9.865,8.916,8.739,9.302,9.962,9.483,10.177,8.738,9.302,9.797,10.507,8.925,9.468,9.956,10.685,,,,,,,,,8.489,10.183
20-May-22,8.709,9.555,8.82,9.217,9.563,8.978,9.353,8.383,9.087,9.795,8.886,8.709,9.232,9.892,9.413,10.107,8.708,9.232,9.727,10.397,8.895,9.398,9.886,10.575,,,,,,,,,8.459,10.113
21-May-22,8.709,9.555,8.82,9.217,9.563,8.978,9.353,8.383,9.087,9.795,8.886,8.709,9.232,9.892,9.413,10.107,8.708,9.232,9.727,10.397,8.895,9.398,9.886,10.575,,,,,,,,,8.459,10.113
22-May-22,8.709,9.555,8.82,9.217,9.563,8.978,9.353,8.383,9.087,9.795,8.886,8.709,9.232,9.892,9.413,10.107,8.708,9.232,9.727,10.397,8.895,9.398,9.886,10.575,,,,,,,,,8.459,10.113
23-May-22,8.694,9.565,8.805,9.224,9.573,8.963,9.363,8.368,9.072,9.805,8.871,8.694,9.242,9.902,9.423,10.117,8.693,9.242,9.737,10.367,8.88,9.408,9.896,10.545,,,,,,,,,8.444,10.123
24-May-22,8.764,9.63,8.875,9.29,9.638,9.033,9.428,8.438,9.142,9.87,8.941,8.764,9.307,9.967,9.488,10.182,8.763,9.307,9.802,10.367,8.95,9.473,9.961,10.545,,,,,,,,,8.514,10.188
25-May-22,8.612,9.657,8.723,9.295,9.665,8.881,9.455,8.286,8.99,9.87,8.789,8.612,9.334,9.967,9.515,10.182,8.611,9.334,9.802,10.367,8.798,9.5,9.961,10.545,,,,,,,,,8.362,10.215
26-May-22,8.612,9.657,8.723,9.295,9.665,8.881,9.455,8.286,8.99,9.87,8.789,8.612,9.334,9.967,9.515,10.182,8.611,9.334,9.802,10.367,8.798,9.5,9.961,10.545,,,,,,,,,8.362,10.215
27-May-22,8.582,9.632,8.693,9.269,9.64,8.851,9.43,8.256,8.96,9.845,8.759,8.582,9.309,9.942,9.49,10.157,8.581,9.309,9.777,10.332,8.768,9.475,9.936,10.51,,,,,,,,,8.332,10.19
28-May-22,8.582,9.632,8.693,9.269,9.64,8.851,9.43,8.256,8.96,9.845,8.759,8.582,9.309,9.942,9.49,10.157,8.581,9.309,9.777,10.332,8.768,9.475,9.936,10.51,,,,,,,,,8.332,10.19
29-May-22,8.582,9.632,8.693,9.269,9.64,8.851,9.43,8.256,8.96,9.845,8.759,8.582,9.309,9.942,9.49,10.157,8.581,9.309,9.777,10.332,8.768,9.475,9.936,10.51,,,,,,,,,8.332,10.19
30-May-22,8.532,9.527,8.643,9.171,9.535,8.801,9.325,8.206,8.91,9.74,8.709,8.532,9.204,9.837,9.385,10.052,8.531,9.204,9.672,10.282,8.718,9.37,9.831,10.46,,,,,,,,,8.282,10.085
31-May-22,8.502,9.662,8.613,9.286,9.67,8.771,9.46,8.176,8.88,9.875,8.679,8.502,9.339,9.972,9.52,10.187,8.501,9.339,9.807,10.452,8.688,9.505,9.966,10.63,,,,,,,,,8.252,10.22
1-Jun-22,8.532,9.697,8.643,9.32,9.705,8.801,9.495,8.206,8.91,9.91,8.709,8.532,9.374,10.007,9.555,10.222,8.531,9.374,9.842,10.502,8.718,9.54,10.001,10.68,,,,,,,,,8.282,10.255
2-Jun-22,8.477,9.667,8.588,9.287,9.675,8.746,9.465,8.151,8.855,9.88,8.654,8.477,9.344,9.977,9.525,10.192,8.476,9.344,9.812,10.467,8.663,9.51,9.971,10.645,,,,,,,,,8.227,10.225
3-Jun-22,8.482,9.682,8.593,9.301,9.69,8.751,9.48,8.156,8.86,9.895,8.659,8.482,9.359,9.992,9.54,10.207,8.481,9.359,9.827,10.447,8.668,9.525,9.986,10.625,,,,,,,,,8.232,10.24
4-Jun-22,8.482,9.682,8.593,9.301,9.69,8.751,9.48,8.156,8.86,9.895,8.659,8.482,9.359,9.992,9.54,10.207,8.481,9.359,9.827,10.447,8.668,9.525,9.986,10.625,,,,,,,,,8.232,10.24
5-Jun-22,8.482,9.682,8.593,9.301,9.69,8.751,9.48,8.156,8.86,9.895,8.659,8.482,9.359,9.992,9.54,10.207,8.481,9.359,9.827,10.447,8.668,9.525,9.986,10.625,,,,,,,,,8.232,10.24
6-Jun-22,8.497,9.712,8.608,9.329,9.72,8.766,9.51,8.171,8.875,9.925,8.674,8.497,9.389,10.022,9.57,10.237,8.496,9.389,9.857,10.457,8.683,9.555,10.016,10.635,,,,,,,,,8.247,10.27
7-Jun-22,8.497,9.812,8.608,9.417,9.82,8.766,9.61,8.171,8.875,10.025,8.674,8.497,9.489,10.122,9.67,10.337,8.496,9.489,9.957,10.602,8.683,9.655,10.116,10.78,,,,,,,,,8.247,10.37
8-Jun-22,8.482,9.812,8.593,9.415,9.82,8.751,9.61,8.156,8.86,10.025,8.659,8.482,9.489,10.122,9.67,10.337,8.481,9.489,9.957,10.572,8.668,9.655,10.116,10.75,,,,,,,,,8.232,10.37
9-Jun-22,8.472,9.887,8.583,9.479,9.895,8.741,9.685,8.146,8.85,10.1,8.649,8.472,9.564,10.197,9.745,10.412,8.471,9.564,10.032,10.602,8.658,9.73,10.191,10.78,,,,,,,,,8.222,10.445
10-Jun-22,8.542,10.087,8.653,9.663,10.095,8.811,9.885,8.216,8.92,10.3,8.719,8.542,9.764,10.397,9.945,10.612,8.541,9.764,10.232,10.832,8.728,9.93,10.391,11.01,,,,,,,,,8.292,10.645
11-Jun-22,8.542,10.087,8.653,9.663,10.095,8.811,9.885,8.216,8.92,10.3,8.719,8.542,9.764,10.397,9.945,10.612,8.541,9.764,10.232,10.832,8.728,9.93,10.391,11.01,,,,,,,,,8.292,10.645
12-Jun-22,8.542,10.087,8.653,9.663,10.095,8.811,9.885,8.216,8.92,10.3,8.719,8.542,9.764,10.397,9.945,10.612,8.541,9.764,10.232,10.832,8.728,9.93,10.391,11.01,,,,,,,,,8.292,10.645
13-Jun-22,8.732,10.337,8.843,9.906,10.345,9.001,10.135,8.406,9.11,10.55,8.909,8.732,10.014,10.647,10.195,10.862,8.731,10.014,10.482,11.082,8.918,10.18,10.641,11.26,,,,,,,,,8.482,10.895
14-Jun-22,8.737,10.292,8.848,9.867,10.3,9.006,10.09,8.411,9.115,10.505,8.914,8.737,9.969,10.602,10.15,10.817,8.736,9.969,10.437,10.992,8.923,10.135,10.596,11.17,,,,,,,,,8.487,10.85
15-Jun-22,8.607,10.137,8.718,9.715,10.145,8.876,9.935,8.281,8.985,10.35,8.784,8.607,9.814,10.447,9.995,10.662,8.606,9.814,10.282,10.872,8.793,9.98,10.441,11.05,,,,,,,,,8.357,10.695
16-Jun-22,8.587,10.117,8.698,9.695,10.125,8.856,9.915,8.261,8.965,10.33,8.764,8.587,9.794,10.427,9.975,10.642,8.586,9.794,10.262,10.832,8.773,9.96,10.421,11.01,,,,,,,,,8.337,10.675
17-Jun-22,8.582,10.092,8.693,9.673,10.1,8.851,9.89,8.256,8.96,10.305,8.759,8.582,9.769,10.402,9.95,10.617,8.581,9.769,10.237,10.862,8.768,9.935,10.396,11.04,,,,,,,,,8.332,10.65
18-Jun-22,8.582,10.092,8.693,9.673,10.1,8.851,9.89,8.256,8.96,10.305,8.759,8.582,9.769,10.402,9.95,10.617,8.581,9.769,10.237,10.862,8.768,9.935,10.396,11.04,,,,,,,,,8.332,10.65
19-Jun-22,8.582,10.092,8.693,9.673,10.1,8.851,9.89,8.256,8.96,10.305,8.759,8.582,9.769,10.402,9.95,10.617,8.581,9.769,10.237,10.862,8.768,9.935,10.396,11.04,,,,,,,,,8.332,10.65
20-Jun-22,8.602,10.072,8.713,9.658,10.08,8.871,9.87,8.276,8.98,10.285,8.779,8.602,9.749,10.382,9.93,10.597,8.601,9.749,10.217,10.847,8.788,9.915,10.376,11.025,,,,,,,,,8.352,10.63
21-Jun-22,8.607,9.987,8.718,9.584,9.995,8.876,9.785,8.281,8.985,10.2,8.784,8.607,9.664,10.297,9.845,10.512,8.606,9.664,10.132,10.802,8.793,9.83,10.291,10.98,,,,,,,,,8.357,10.545
22-Jun-22,8.592,9.982,8.703,9.578,9.99,8.861,9.78,8.266,8.97,10.195,8.769,8.592,9.659,10.292,9.84,10.507,8.591,9.659,10.127,10.752,8.778,9.825,10.286,10.93,,,,,,,,,8.342,10.54
23-Jun-22,8.692,9.977,8.803,9.585,9.985,8.961,9.775,8.366,9.07,10.19,8.869,8.692,9.654,10.287,9.835,10.502,8.691,9.654,10.122,10.722,8.878,9.82,10.281,10.9,,,,,,,,,8.442,10.535
24-Jun-22,8.682,10.142,8.793,9.729,10.15,8.951,9.94,8.356,9.06,10.355,8.859,8.682,9.819,10.452,10,10.667,8.681,9.819,10.287,10.842,8.868,9.985,10.446,11.02,,,,,,,,,8.432,10.7
25-Jun-22,8.682,10.142,8.793,9.729,10.15,8.951,9.94,8.356,9.06,10.355,8.859,8.682,9.819,10.452,10,10.667,8.681,9.819,10.287,10.842,8.868,9.985,10.446,11.02,,,,,,,,,8.432,10.7
26-Jun-22,8.682,10.142,8.793,9.729,10.15,8.951,9.94,8.356,9.06,10.355,8.859,8.682,9.819,10.452,10,10.667,8.681,9.819,10.287,10.842,8.868,9.985,10.446,11.02,,,,,,,,,8.432,10.7
27-Jun-22,8.629,10.046,8.74,9.638,10.054,8.898,9.844,8.303,9.007,10.305,8.806,8.629,9.723,10.402,9.904,10.617,8.628,9.723,10.237,10.817,8.778,9.903,10.387,10.985,,,,,,,,,8.379,10.604
28-Jun-22,8.609,10.116,8.72,9.697,10.124,8.878,9.914,8.283,8.987,10.375,8.786,8.609,9.793,10.472,9.974,10.687,8.608,9.793,10.307,10.922,8.758,9.973,10.457,11.09,,,,,,,,,8.359,10.674
29-Jun-22,8.604,9.991,8.715,9.587,9.999,8.873,9.789,8.278,8.982,10.25,8.781,8.604,9.668,10.347,9.849,10.562,8.603,9.668,10.182,10.907,8.753,9.848,10.332,11.075,,,,,,,,,8.354,10.549
30-Jun-22,8.604,10.086,8.715,9.67,10.094,8.873,9.884,8.278,8.982,10.345,8.781,8.604,9.763,10.442,9.944,10.657,8.603,9.763,10.277,11.037,8.753,9.943,10.427,11.205,,,,,,,,,8.354,10.644
1-Jul-22,9.059,10.001,9.17,9.652,10.009,9.328,9.799,8.733,9.437,10.26,9.236,9.059,9.678,10.357,9.859,10.572,9.058,9.678,10.192,10.907,9.208,9.858,10.342,11.075,,,,,,,,,9.609,10.559
2-Jul-22,9.059,10.001,9.17,9.652,10.009,9.328,9.799,8.733,9.437,10.26,9.236,9.059,9.678,10.357,9.859,10.572,9.058,9.678,10.192,10.907,9.208,9.858,10.342,11.075,,,,,,,,,9.609,10.559
3-Jul-22,9.059,10.001,9.17,9.652,10.009,9.328,9.799,8.733,9.437,10.26,9.236,9.059,9.678,10.357,9.859,10.572,9.058,9.678,10.192,10.907,9.208,9.858,10.342,11.075,,,,,,,,,9.609,10.559
4-Jul-22,9.154,10.011,9.265,9.672,10.019,9.423,9.809,8.828,9.532,10.27,9.331,9.154,9.688,10.367,9.869,10.582,9.153,9.688,10.202,10.952,9.303,9.868,10.352,11.12,,,,,,,,,8.904,10.569
5-Jul-22,9.184,10.156,9.295,9.803,10.164,9.453,9.954,8.858,9.562,10.415,9.361,9.184,9.833,10.512,10.014,10.727,9.183,9.833,10.347,11.087,9.333,10.013,10.497,11.255,,,,,,,,,8.934,10.714
6-Jul-22,9.194,10.336,9.305,9.962,10.344,9.463,10.134,8.868,9.572,10.595,9.371,9.194,10.013,10.692,10.194,10.907,9.193,10.013,10.527,11.192,9.343,10.193,10.677,11.36,,,,,,,,,8.944,10.894
7-Jul-22,9.279,10.201,9.39,9.854,10.209,9.548,9.999,8.953,9.657,10.46,9.456,9.279,9.878,10.557,10.059,10.772,9.278,9.878,10.392,11.077,9.428,10.058,10.542,11.245,,,,,,,,,9.029,10.759
8-Jul-22,9.254,10.246,9.365,9.891,10.254,9.523,10.044,8.928,9.632,10.505,9.431,9.254,9.923,10.602,10.104,10.817,9.253,9.923,10.437,11.127,9.403,10.103,10.587,11.295,,,,,,,,,9.004,10.804
9-Jul-22,9.254,10.246,9.365,9.891,10.254,9.523,10.044,8.928,9.632,10.505,9.431,9.254,9.923,10.602,10.104,10.817,9.253,9.923,10.437,11.127,9.403,10.103,10.587,11.295,,,,,,,,,9.004,10.804
10-Jul-22,9.254,10.246,9.365,9.891,10.254,9.523,10.044,8.928,9.632,10.505,9.431,9.254,9.923,10.602,10.104,10.817,9.253,9.923,10.437,11.127,9.403,10.103,10.587,11.295,,,,,,,,,9.004,10.804
11-Jul-22,9.354,10.356,9.465,9.999,10.364,9.623,10.154,9.028,9.732,10.615,9.531,9.354,10.033,10.712,10.214,10.927,9.353,10.033,10.547,11.212,9.503,10.213,10.697,11.38,,,,,,,,,9.104,10.914
12-Jul-22,9.334,10.476,9.445,10.102,10.484,9.603,10.274,9.008,9.712,10.735,9.511,9.334,10.153,10.832,10.334,11.047,9.333,10.153,10.667,11.342,9.483,10.333,10.817,11.51,,,,,,,,,9.084,11.034
13-Jul-22,9.454,10.401,9.565,10.051,10.409,9.723,10.199,9.128,9.832,10.66,9.631,9.454,10.078,10.757,10.259,10.972,9.453,10.078,10.592,11.277,9.603,10.258,10.742,11.445,,,,,,,,,9.204,10.959
14-Jul-22,9.454,10.696,9.565,10.31,10.704,9.723,10.494,9.128,9.832,10.955,9.631,9.454,10.373,11.052,10.554,11.267,9.453,10.373,10.887,11.577,9.603,10.553,11.037,11.745,,,,,,,,,9.204,11.254
15-Jul-22,9.454,10.681,9.565,10.297,10.689,9.723,10.479,9.128,9.832,10.94,9.631,9.454,10.358,11.037,10.539,11.252,9.453,10.358,10.872,11.512,9.603,10.538,11.022,11.68,,,,,,,,,9.204,10.439
16-Jul-22,9.454,10.681,9.565,10.297,10.689,9.723,10.479,9.128,9.832,10.94,9.631,9.454,10.358,11.037,10.539,11.252,9.453,10.358,10.872,11.512,9.603,10.538,11.022,11.68,,,,,,,,,9.204,10.439
17-Jul-22,9.454,10.681,9.565,10.297,10.689,9.723,10.479,9.128,9.832,10.94,9.631,9.454,10.358,11.037,10.539,11.252,9.453,10.358,10.872,11.512,9.603,10.538,11.022,11.68,,,,,,,,,9.204,10.439
18-Jul-22,9.484,10.751,9.595,10.362,10.759,9.753,10.549,9.158,9.862,11.01,9.661,9.484,10.428,11.107,10.609,11.322,9.483,10.428,10.942,11.572,9.633,10.608,11.092,11.74,,,,,,,,,9.234,11.309
19-Jul-22,9.529,10.741,9.64,10.358,10.749,9.798,10.539,9.203,9.907,11,9.706,9.529,10.418,11.097,10.599,11.312,9.528,10.418,10.932,11.607,9.678,10.598,11.082,11.775,,,,,,,,,9.279,11.299
20-Jul-22,9.479,10.621,9.59,10.247,10.629,9.748,10.419,9.153,9.857,10.88,9.656,9.479,10.298,10.977,10.479,11.192,9.478,10.298,10.812,11.442,9.628,10.478,10.962,11.61,,,,,,,,,9.229,11.179
21-Jul-22,9.504,10.526,9.615,10.167,10.534,9.773,10.324,9.178,9.882,10.785,9.681,9.504,10.203,10.882,10.384,11.097,9.503,10.203,10.717,11.212,9.653,10.383,10.867,11.38,,,,,,,,,9.254,11.084
22-Jul-22,9.504,10.526,9.615,10.167,10.534,9.773,10.324,9.178,9.882,10.785,9.681,9.504,10.203,10.882,10.384,11.097,9.503,10.203,10.717,11.212,9.653,10.383,10.867,11.38,,,,,,,,,9.254,11.084
23-Jul-22,9.504,10.526,9.615,10.167,10.534,9.773,10.324,9.178,9.882,10.785,9.681,9.504,10.203,10.882,10.384,11.097,9.503,10.203,10.717,11.212,9.653,10.383,10.867,11.38,,,,,,,,,9.254,11.084
24-Jul-22,9.504,10.526,9.615,10.167,10.534,9.773,10.324,9.178,9.882,10.785,9.681,9.504,10.203,10.882,10.384,11.097,9.503,10.203,10.717,11.212,9.653,10.383,10.867,11.38,,,,,,,,,9.254,11.084
25-Jul-22,9.579,10.301,9.69,9.979,10.309,9.848,10.099,9.253,9.957,10.56,9.756,9.579,9.978,10.657,10.159,10.872,9.578,9.978,10.492,10.997,9.728,10.158,10.642,11.165,,,,,,,,,9.329,10.859
26-Jul-22,9.494,9.706,9.605,9.447,9.714,9.763,9.504,9.168,9.872,10.103,9.671,9.494,9.383,10.2,9.564,10.415,9.493,9.383,10.035,10.503,9.643,9.563,10.185,10.671,,,,,,,,,9.244,9.464
27-Jul-22,9.469,9.711,9.58,9.448,9.719,9.738,9.509,9.143,9.847,10.108,9.646,9.469,9.388,10.205,9.569,10.42,9.468,9.388,10.04,10.468,9.618,9.568,10.19,10.636,,,,,,,,,9.219,10.269
28-Jul-22,9.444,9.481,9.555,9.243,9.489,9.713,9.279,9.118,9.822,9.878,9.621,9.444,9.158,9.975,9.339,10.19,9.443,9.158,9.81,10.248,9.593,9.338,9.96,10.416,,,,,,,,,9.194,10.039
29-Jul-22,9.454,9.456,9.565,9.222,9.464,9.723,9.254,9.128,9.832,9.853,9.631,9.454,9.133,9.95,9.314,10.165,9.453,9.133,9.785,10.168,9.603,9.313,9.935,10.336,,,,,,,,,9.204,10.014
30-Jul-22,9.454,9.456,9.565,9.222,9.464,9.723,9.254,9.128,9.832,9.853,9.631,9.454,9.133,9.95,9.314,10.165,9.453,9.133,9.785,10.168,9.603,9.313,9.935,10.336,,,,,,,,,9.204,10.014
31-Jul-22,9.454,9.456,9.565,9.222,9.464,9.723,9.254,9.128,9.832,9.853,9.631,9.454,9.133,9.95,9.314,10.165,9.453,9.133,9.785,10.168,9.603,9.313,9.935,10.336,,,,,,,,,9.204,10.014
1-Aug-22,9.359,9.621,9.47,9.355,9.629,9.628,9.419,9.033,9.737,10.018,9.536,9.359,9.298,10.115,9.479,10.33,9.358,9.298,9.95,10.303,9.508,9.478,10.1,10.471,,,,,,,,,9.109,10.179
2-Aug-22,9.324,9.496,9.435,9.241,9.504,9.593,9.294,8.998,9.702,9.893,9.501,9.324,9.173,9.99,9.354,10.205,9.323,9.173,9.825,10.163,9.473,9.353,9.975,10.331,,,,,,,,,9.074,10.054
3-Aug-22,9.179,9.561,9.29,9.281,9.569,9.448,9.359,8.853,9.557,9.958,9.356,9.179,9.238,10.055,9.419,10.27,9.178,9.238,9.89,10.178,9.328,9.418,10.04,10.346,,,,,,,,,8.929,10.119
4-Aug-22,9.004,9.351,9.115,9.075,9.359,9.273,9.149,8.678,9.382,9.748,9.181,9.004,9.028,9.845,9.209,10.06,9.003,9.028,9.68,10.023,9.153,9.208,9.83,10.191,,,,,,,,,8.754,9.909
5-Aug-22,9.009,9.441,9.12,9.154,9.449,9.278,9.239,8.683,9.387,9.838,9.186,9.009,9.118,9.935,9.299,10.15,9.008,9.118,9.77,10.113,9.158,9.298,9.92,10.281,,,,,,,,,8.759,9.999
6-Aug-22,9.009,9.441,9.12,9.154,9.449,9.278,9.239,8.683,9.387,9.838,9.186,9.009,9.118,9.935,9.299,10.15,9.008,9.118,9.77,10.113,9.158,9.298,9.92,10.281,,,,,,,,,8.759,9.999
7-Aug-22,9.009,9.441,9.12,9.154,9.449,9.278,9.239,8.683,9.387,9.838,9.186,9.009,9.118,9.935,9.299,10.15,9.008,9.118,9.77,10.113,9.158,9.298,9.92,10.281,,,,,,,,,8.759,9.999
8-Aug-22,8.929,9.411,9.04,9.118,9.419,9.198,9.209,8.603,9.307,9.808,9.106,8.929,9.088,9.905,9.269,10.12,8.928,9.088,9.74,10.093,9.078,9.268,9.89,10.261,,,,,,,,,8.679,9.969
9-Aug-22,8.979,9.511,9.09,9.212,9.519,9.248,9.309,8.653,9.357,9.808,9.156,8.979,9.188,9.905,9.369,10.12,8.978,9.188,9.74,10.017,9.128,9.368,9.89,10.185,,,,,,,,,8.729,10.069
10-Aug-22,8.954,9.361,9.065,9.078,9.369,9.223,9.159,8.628,9.332,9.558,9.131,8.954,9.038,9.655,9.219,9.87,8.953,9.038,9.49,9.787,9.103,9.218,9.64,9.955,,,,,,,,,8.704,9.919
11-Aug-22,8.754,9.226,8.865,8.935,9.234,9.023,9.024,8.428,9.132,9.423,8.931,8.754,8.903,9.52,9.084,9.735,8.753,8.903,9.355,9.572,8.903,9.083,9.505,9.74,,,,,,,,,8.504,9.784
12-Aug-22,8.654,9.351,8.765,9.032,9.359,8.923,9.149,8.328,9.032,9.548,8.831,8.654,9.028,9.645,9.209,9.86,8.653,9.028,9.48,9.672,8.803,9.208,9.63,9.84,,,,,,,,,8.404,9.909
13-Aug-22,8.654,9.351,8.765,9.032,9.359,8.923,9.149,8.328,9.032,9.548,8.831,8.654,9.028,9.645,9.209,9.86,8.653,9.028,9.48,9.672,8.803,9.208,9.63,9.84,,,,,,,,,8.404,9.909
14-Aug-22,8.654,9.351,8.765,9.032,9.359,8.923,9.149,8.328,9.032,9.548,8.831,8.654,9.028,9.645,9.209,9.86,8.653,9.028,9.48,9.672,8.803,9.208,9.63,9.84,,,,,,,,,8.404,9.909
15-Aug-22,8.654,9.361,8.765,9.041,9.369,8.923,9.159,8.328,9.032,9.558,8.831,8.654,9.038,9.655,9.219,9.87,8.653,9.038,9.49,9.762,8.803,9.218,9.64,9.93,,,,,,,,,8.404,9.919
16-Aug-22,8.694,9.406,8.805,9.085,9.414,8.963,9.204,8.368,9.072,9.603,8.871,8.694,9.083,9.7,9.264,9.915,8.693,9.083,9.535,9.842,8.843,9.263,9.685,10.01,,,,,,,,,8.444,9.964
17-Aug-22,8.694,9.511,8.805,9.177,9.519,8.963,9.309,8.368,9.072,9.708,8.871,8.694,9.188,9.805,9.369,10.02,8.693,9.188,9.64,9.912,8.843,9.368,9.79,10.08,,,,,,,,,8.444,10.069
18-Aug-22,8.734,9.531,8.845,9.2,9.539,9.003,9.329,8.408,9.112,9.728,8.911,8.734,9.208,9.825,9.389,10.04,8.733,9.208,9.66,9.932,8.883,9.388,9.81,10.1,,,,,,,,,8.484,10.089
19-Aug-22,8.734,9.661,8.845,9.314,9.669,9.003,9.459,8.408,9.112,9.858,8.911,8.734,9.338,9.955,9.519,10.17,8.733,9.338,9.79,10.057,8.883,9.518,9.94,10.225,,,,,,,,,8.484,10.219
20-Aug-22,8.734,9.661,8.845,9.314,9.669,9.003,9.459,8.408,9.112,9.858,8.911,8.734,9.338,9.955,9.519,10.17,8.733,9.338,9.79,10.057,8.883,9.518,9.94,10.225,,,,,,,,,8.484,10.219
21-Aug-22,8.734,9.661,8.845,9.314,9.669,9.003,9.459,8.408,9.112,9.858,8.911,8.734,9.338,9.955,9.519,10.17,8.733,9.338,9.79,10.057,8.883,9.518,9.94,10.225,,,,,,,,,8.484,10.219
22-Aug-22,8.734,9.646,8.845,9.3,9.654,9.003,9.444,8.408,9.112,9.843,8.911,8.734,9.323,9.94,9.504,10.155,8.733,9.323,9.775,10.072,8.883,9.503,9.925,10.24,,,,,,,,,8.484,10.204
23-Aug-22,8.779,9.681,8.89,9.337,9.689,9.048,9.479,8.453,9.157,9.878,8.956,8.779,9.358,9.975,9.539,10.19,8.778,9.358,9.81,10.082,8.928,9.538,9.96,10.25,,,,,,,,,8.529,10.239
24-Aug-22,8.779,9.586,8.89,9.253,9.594,9.048,9.384,8.453,9.157,9.783,8.956,8.779,9.263,9.88,9.444,10.095,8.778,9.263,9.715,10.052,8.928,9.443,9.865,10.22,,,,,,,,,8.529,10.144
25-Aug-22,8.769,9.496,8.88,9.173,9.504,9.038,9.294,8.443,9.147,9.693,8.946,8.769,9.173,9.79,9.354,10.005,8.768,9.173,9.625,9.972,8.918,9.353,9.775,10.14,,,,,,,,,8.519,10.054
26-Aug-22,8.734,9.476,8.845,9.151,9.484,9.003,9.274,8.408,9.112,9.673,8.911,8.734,9.153,9.77,9.334,9.985,8.733,9.153,9.605,9.952,8.883,9.333,9.755,10.12,,,,,,,,,8.484,10.034
27-Aug-22,8.734,9.476,8.845,9.151,9.484,9.003,9.274,8.408,9.112,9.673,8.911,8.734,9.153,9.77,9.334,9.985,8.733,9.153,9.605,9.952,8.883,9.333,9.755,10.12,,,,,,,,,8.484,10.034
28-Aug-22,8.734,9.476,8.845,9.151,9.484,9.003,9.274,8.408,9.112,9.673,8.911,8.734,9.153,9.77,9.334,9.985,8.733,9.153,9.605,9.952,8.883,9.333,9.755,10.12,,,,,,,,,8.484,10.034
29-Aug-22,8.734,9.531,8.845,9.2,9.539,9.003,9.329,8.408,9.112,9.728,8.911,8.734,9.208,9.825,9.389,10.04,8.733,9.208,9.66,10.007,8.883,9.388,9.81,10.175,,,,,,,,,8.484,10.089
30-Aug-22,8.729,9.641,8.84,9.295,9.649,8.998,9.439,8.403,9.107,9.838,8.906,8.729,9.318,9.935,9.499,10.15,8.728,9.318,9.77,10.117,8.878,9.498,9.92,10.285,,,,,,,,,8.479,10.199
31-Aug-22,8.734,9.711,8.845,9.357,9.719,9.003,9.509,8.408,9.112,9.908,8.911,8.734,9.388,10.005,9.569,10.22,8.733,9.388,9.84,10.197,8.883,9.568,9.99,10.365,,,,,,,,,8.484,10.269
1-Sep-22,8.789,9.791,8.9,9.434,9.799,9.058,9.589,8.463,9.167,9.988,8.966,8.789,9.468,10.085,9.649,10.3,8.788,9.468,9.92,10.307,8.938,9.648,10.07,10.475,,,,,,,,,8.539,10.349
2-Sep-22,8.819,9.586,8.93,9.258,9.594,9.088,9.384,8.493,9.197,9.783,8.996,8.819,9.263,9.88,9.444,10.095,8.818,9.263,9.715,10.082,8.968,9.443,9.865,10.25,,,,,,,,,8.569,10.144
3-Sep-22,8.819,9.586,8.93,9.258,9.594,9.088,9.384,8.493,9.197,9.783,8.996,8.819,9.263,9.88,9.444,10.095,8.818,9.263,9.715,10.082,8.968,9.443,9.865,10.25,,,,,,,,,8.569,10.144
4-Sep-22,8.819,9.586,8.93,9.258,9.594,9.088,9.384,8.493,9.197,9.783,8.996,8.819,9.263,9.88,9.444,10.095,8.818,9.263,9.715,10.082,8.968,9.443,9.865,10.25,,,,,,,,,8.569,10.144
5-Sep-22,8.819,9.586,8.93,9.258,9.594,9.088,9.384,8.493,9.197,9.783,8.996,8.819,9.263,9.88,9.444,10.095,8.818,9.263,9.715,10.082,8.968,9.443,9.865,10.25,,,,,,,,,8.569,10.144
6-Sep-22,8.819,9.586,8.93,9.258,9.594,9.088,9.384,8.493,9.197,9.783,8.996,8.819,9.263,9.88,9.444,10.095,8.818,9.263,9.715,10.082,8.968,9.443,9.865,10.25,,,,,,,,,8.569,10.144
7-Sep-22,8.829,9.616,8.94,9.286,9.624,9.098,9.414,8.503,9.207,9.813,9.006,8.829,9.293,9.91,9.474,10.125,8.828,9.293,9.745,10.137,8.978,9.473,9.895,10.305,,,,,,,,,8.579,10.174
8-Sep-22,8.864,9.631,8.975,9.303,9.639,9.133,9.429,8.538,9.242,9.828,9.041,8.864,9.308,9.925,9.489,10.14,8.863,9.308,9.76,10.152,9.013,9.488,9.91,10.32,,,,,,,,,8.614,10.189
9-Sep-22,8.839,9.556,8.95,9.234,9.564,9.108,9.354,8.513,9.217,9.753,9.016,8.839,9.233,9.85,9.414,10.065,8.838,9.233,9.685,10.072,8.988,9.413,9.835,10.24,,,,,,,,,8.589,10.114
10-Sep-22,8.839,9.556,8.95,9.234,9.564,9.108,9.354,8.513,9.217,9.753,9.016,8.839,9.233,9.85,9.414,10.065,8.838,9.233,9.685,10.072,8.988,9.413,9.835,10.24,,,,,,,,,8.589,10.114
11-Sep-22,8.839,9.556,8.95,9.234,9.564,9.108,9.354,8.513,9.217,9.753,9.016,8.839,9.233,9.85,9.414,10.065,8.838,9.233,9.685,10.072,8.988,9.413,9.835,10.24,,,,,,,,,8.589,10.114
12-Sep-22,8.829,9.486,8.94,9.172,9.494,9.098,9.284,8.503,9.207,9.683,9.006,8.829,9.163,9.78,9.344,9.995,8.828,9.163,9.615,9.957,8.978,9.343,9.765,10.125,,,,,,,,,8.579,10.044
13-Sep-22,8.809,9.586,8.92,9.257,9.594,9.078,9.384,8.483,9.187,9.783,8.986,8.809,9.263,9.88,9.444,10.095,8.808,9.263,9.715,9.962,8.958,9.443,9.865,10.13,,,,,,,,,8.559,10.144
14-Sep-22,8.794,9.706,8.905,9.36,9.714,9.063,9.504,8.468,9.172,9.903,8.971,8.794,9.383,10,9.564,10.215,8.793,9.383,9.835,10.082,8.943,9.563,9.985,10.25,,,,,,,,,8.544,10.264
15-Sep-22,8.819,9.711,8.93,9.368,9.719,9.088,9.509,8.493,9.197,9.908,8.996,8.819,9.388,10.005,9.569,10.22,8.818,9.388,9.84,10.057,8.968,9.568,9.99,10.225,,,,,,,,,8.569,10.269
16-Sep-22,8.804,9.721,8.915,9.375,9.729,9.073,9.519,8.478,9.182,9.918,8.981,8.804,9.398,10.015,9.579,10.23,8.803,9.398,9.85,10.087,8.953,9.578,10,10.255,,,,,,,,,8.554,10.279
17-Sep-22,8.804,9.721,8.915,9.375,9.729,9.073,9.519,8.478,9.182,9.918,8.981,8.804,9.398,10.015,9.579,10.23,8.803,9.398,9.85,10.087,8.953,9.578,10,10.255,,,,,,,,,8.554,10.279
18-Sep-22,8.804,9.721,8.915,9.375,9.729,9.073,9.519,8.478,9.182,9.918,8.981,8.804,9.398,10.015,9.579,10.23,8.803,9.398,9.85,10.087,8.953,9.578,10,10.255,,,,,,,,,8.554,10.279
19-Sep-22,8.804,9.806,8.915,9.449,9.814,9.073,9.604,8.478,9.182,10.003,8.981,8.804,9.483,10.1,9.664,10.315,8.803,9.483,9.935,10.217,8.953,9.663,10.085,10.385,,,,,,,,,8.554,10.364
20-Sep-22,8.824,9.886,8.935,9.522,9.894,9.093,9.684,8.498,9.202,10.083,9.001,8.824,9.563,10.18,9.744,10.395,8.823,9.563,10.015,10.322,8.973,9.743,10.165,10.49,,,,,,,,,8.574,10.444
21-Sep-22,8.824,9.836,8.935,9.478,9.844,9.093,9.634,8.498,9.202,10.033,9.001,8.824,9.513,10.13,9.694,10.345,8.823,9.513,9.965,10.287,8.973,9.693,10.115,10.455,,,,,,,,,8.574,10.394
22-Sep-22,8.824,9.921,8.935,9.553,9.929,9.093,9.719,8.498,9.202,10.118,9.001,8.824,9.598,10.215,9.779,10.43,8.823,9.598,10.05,10.352,8.973,9.778,10.2,10.52,,,,,,,,,8.574,10.479
23-Sep-22,8.824,10.081,8.935,9.693,10.089,9.093,9.879,8.498,9.202,10.278,9.001,8.824,9.758,10.375,9.939,10.59,8.823,9.758,10.21,10.557,8.973,9.938,10.36,10.725,,,,,,,,,8.574,10.639
24-Sep-22,8.824,10.081,8.935,9.693,10.089,9.093,9.879,8.498,9.202,10.278,9.001,8.824,9.758,10.375,9.939,10.59,8.823,9.758,10.21,10.557,8.973,9.938,10.36,10.725,,,,,,,,,8.574,10.639
25-Sep-22,8.824,10.081,8.935,9.693,10.089,9.093,9.879,8.498,9.202,10.278,9.001,8.824,9.758,10.375,9.939,10.59,8.823,9.758,10.21,10.557,8.973,9.938,10.36,10.725,,,,,,,,,8.574,10.639
26-Sep-22,9.154,10.181,9.265,9.821,10.189,9.423,9.979,8.828,9.532,10.378,9.331,9.154,9.858,10.475,10.039,10.69,9.153,9.858,10.31,10.652,9.303,10.038,10.46,10.82,,,,,,,,,8.904,10.739
27-Sep-22,9.054,10.106,9.165,9.743,10.114,9.323,9.904,8.728,9.432,10.303,9.231,9.054,9.783,10.4,9.964,10.615,9.053,9.783,10.235,10.557,9.203,9.963,10.385,10.725,,,,,,,,,8.804,10.664
28-Sep-22,9.084,10.151,9.195,9.786,10.159,9.353,9.949,8.758,9.462,10.348,9.261,9.084,9.828,10.445,10.009,10.66,9.083,9.828,10.28,10.602,9.233,10.008,10.43,10.77,,,,,,,,,8.834,10.709
29-Sep-22,9.084,10.286,9.195,9.905,10.294,9.353,10.084,8.758,9.462,10.483,9.261,9.084,9.963,10.58,10.144,10.795,9.083,9.963,10.415,10.787,9.233,10.143,10.565,10.955,,,,,,,,,8.834,10.844
30-Sep-22,9.074,10.191,9.185,9.82,10.199,9.343,9.989,8.748,9.452,10.388,9.251,9.074,9.868,10.485,10.049,10.7,9.073,9.868,10.32,10.672,9.223,10.048,10.47,10.84,,,,,,,,,8.824,10.749
1-Oct-22,9.074,10.191,9.185,9.82,10.199,9.343,9.989,8.748,9.452,10.388,9.251,9.074,9.868,10.485,10.049,10.7,9.073,9.868,10.32,10.672,9.223,10.048,10.47,10.84,,,,,,,,,8.824,10.749
2-Oct-22,9.074,10.191,9.185,9.82,10.199,9.343,9.989,8.748,9.452,10.388,9.251,9.074,9.868,10.485,10.049,10.7,9.073,9.868,10.32,10.672,9.223,10.048,10.47,10.84,,,,,,,,,8.824,10.749
3-Oct-22,9.084,9.986,9.195,9.642,9.994,9.353,9.784,8.758,9.462,10.183,9.261,9.084,9.663,10.28,9.844,10.495,9.083,9.663,10.115,10.472,9.233,9.843,10.265,10.64,,,,,,,,,8.834,10.544
4-Oct-22,9.034,9.896,9.145,9.557,9.904,9.303,9.694,8.708,9.412,10.093,9.211,9.034,9.573,10.19,9.754,10.405,9.033,9.573,10.025,10.427,9.183,9.753,10.175,10.595,,,,,,,,,8.784,10.454
5-Oct-22,9.024,9.916,9.135,9.573,9.924,9.293,9.714,8.698,9.402,10.113,9.201,9.024,9.593,10.21,9.774,10.425,9.023,9.593,10.045,10.107,9.173,9.773,10.195,10.275,,,,,,,,,8.774,10.474
6-Oct-22,9.024,9.896,9.135,9.555,9.904,9.293,9.694,8.698,9.402,10.093,9.201,9.024,9.573,10.19,9.754,10.405,9.023,9.573,10.025,10.422,9.173,9.753,10.175,10.59,,,,,,,,,8.774,10.454
7-Oct-22,9.044,9.926,9.155,9.584,9.934,9.313,9.724,8.718,9.422,10.123,9.221,9.044,9.603,10.22,9.784,10.435,9.043,9.603,10.055,10.422,9.193,9.783,10.205,10.59,,,,,,,,,8.794,10.484
8-Oct-22,9.044,9.926,9.155,9.584,9.934,9.313,9.724,8.718,9.422,10.123,9.221,9.044,9.603,10.22,9.784,10.435,9.043,9.603,10.055,10.422,9.193,9.783,10.205,10.59,,,,,,,,,8.794,10.484
9-Oct-22,9.044,9.926,9.155,9.584,9.934,9.313,9.724,8.718,9.422,10.123,9.221,9.044,9.603,10.22,9.784,10.435,9.043,9.603,10.055,10.422,9.193,9.783,10.205,10.59,,,,,,,,,8.794,10.484
10-Oct-22,9.119,9.966,9.23,9.628,9.974,9.388,9.764,8.793,9.497,10.163,9.296,9.119,9.643,10.26,9.824,10.475,9.118,9.643,10.095,10.492,9.268,9.823,10.245,10.66,9.269,9.753,10.472,10.992,,,,,8.869,10.524
11-Oct-22,9.079,9.916,9.19,9.58,9.924,9.348,9.714,8.753,9.457,10.113,9.256,9.079,9.593,10.21,9.774,10.425,9.078,9.593,10.045,10.517,9.228,9.773,10.195,10.685,9.3,9.815,10.556,11.023,,,,,8.829,10.474
12-Oct-22,9.054,9.951,9.165,9.607,9.959,9.323,9.749,8.728,9.432,10.148,9.231,9.054,9.628,10.245,9.809,10.46,9.053,9.628,10.08,10.617,9.203,9.808,10.23,10.785,9.351,9.84,10.6,11.234,,,,,8.804,10.509
13-Oct-22,9.074,9.936,9.185,9.597,9.944,9.343,9.734,8.748,9.452,10.133,9.251,9.074,9.613,10.23,9.794,10.445,9.073,9.613,10.065,10.637,9.223,9.793,10.215,10.805,9.297,9.8,10.55,11.25,,,,,8.824,10.494
14-Oct-22,9.109,9.926,9.22,9.592,9.934,9.378,9.724,8.783,9.487,10.123,9.286,9.109,9.603,10.22,9.784,10.435,9.108,9.603,10.055,10.617,9.258,9.783,10.205,10.785,9.275,9.675,10.448,11.2,,,,,8.859,10.484
15-Oct-22,9.109,9.926,9.22,9.592,9.934,9.378,9.724,8.783,9.487,10.123,9.286,9.109,9.603,10.22,9.784,10.435,9.108,9.603,10.055,10.617,9.258,9.783,10.205,10.785,9.275,9.675,10.448,11.2,,,,,8.859,10.484
16-Oct-22,9.109,9.926,9.22,9.592,9.934,9.378,9.724,8.783,9.487,10.123,9.286,9.109,9.603,10.22,9.784,10.435,9.108,9.603,10.055,10.617,9.258,9.783,10.205,10.785,9.275,9.675,10.448,11.2,,,,,8.859,10.484
17-Oct-22,9.064,9.891,9.175,9.556,9.899,9.333,9.689,8.738,9.442,10.088,9.241,9.064,9.568,10.185,9.749,10.4,9.063,9.568,10.02,10.577,9.213,9.748,10.17,10.745,9.23,9.64,10.413,11.16,,,,,8.814,10.449
18-Oct-22,9.044,9.931,9.155,9.588,9.939,9.313,9.729,8.718,9.422,10.128,9.221,9.044,9.608,10.225,9.789,10.44,9.043,9.608,10.06,10.607,9.193,9.788,10.21,10.775,9.21,9.68,10.453,11.19,,,,,8.794,10.489
19-Oct-22,9.044,9.986,9.155,9.637,9.994,9.313,9.784,8.718,9.422,10.183,9.221,9.044,9.663,10.28,9.844,10.495,9.043,9.663,10.115,10.662,9.193,9.843,10.265,10.83,9.319,9.898,10.32,10.985,,,,,8.794,10.544
20-Oct-22,9.054,10.066,9.165,9.708,10.074,9.323,9.864,8.728,9.432,10.263,9.231,9.054,9.743,10.36,9.924,10.575,9.053,9.743,10.195,10.742,9.203,9.923,10.345,10.91,9.329,9.978,10.4,11.065,,,,,8.804,10.624
21-Oct-22,9.069,10.096,9.18,9.736,10.104,9.338,9.894,8.743,9.447,10.293,9.246,9.069,9.773,10.39,9.954,10.605,9.068,9.773,10.225,10.817,9.218,9.953,10.375,10.985,9.344,10.008,10.43,11.14,,,,,8.819,10.654
22-Oct-22,9.069,10.096,9.18,9.736,10.104,9.338,9.894,8.743,9.447,10.293,9.246,9.069,9.773,10.39,9.954,10.605,9.068,9.773,10.225,10.817,9.218,9.953,10.375,10.985,9.344,10.008,10.43,11.14,,,,,8.819,10.654
23-Oct-22,9.069,10.096,9.18,9.736,10.104,9.338,9.894,8.743,9.447,10.293,9.246,9.069,9.773,10.39,9.954,10.605,9.068,9.773,10.225,10.817,9.218,9.953,10.375,10.985,9.344,10.008,10.43,11.14,,,,,8.819,10.654
24-Oct-22,9.094,10.141,9.205,9.779,10.149,9.363,9.939,8.768,9.472,10.338,9.271,9.094,9.818,10.435,9.999,10.65,9.093,9.818,10.27,10.847,9.243,9.998,10.42,11.015,9.369,10.053,10.475,11.17,,,,,8.844,10.699
25-Oct-22,9.104,9.951,9.215,9.613,9.959,9.373,9.749,8.778,9.482,10.148,9.281,9.104,9.628,10.245,9.809,10.46,9.103,9.628,10.08,10.652,9.253,9.808,10.23,10.82,9.379,9.863,10.285,10.975,,,,,8.854,10.509
26-Oct-22,9.094,9.741,9.205,9.428,9.749,9.363,9.539,8.768,9.472,9.938,9.271,9.094,9.418,10.035,9.599,10.25,9.093,9.418,9.87,10.517,9.243,9.598,10.02,10.685,9.369,9.653,10.075,10.84,,,,,8.844,10.299
27-Oct-22,9.104,9.651,9.215,9.35,9.659,9.373,9.449,8.778,9.482,9.848,9.281,9.104,9.328,9.945,9.509,10.16,9.103,9.328,9.78,10.467,9.253,9.508,9.93,10.635,9.379,9.563,9.985,10.79,,,,,8.854,10.209
28-Oct-22,8.919,9.696,9.03,9.367,9.704,9.188,9.494,8.593,9.297,9.893,9.096,8.919,9.373,9.99,9.554,10.205,8.918,9.373,9.825,10.537,9.068,9.553,9.975,10.705,9.194,9.608,10.03,10.86,,,,,8.669,10.254
29-Oct-22,8.919,9.696,9.03,9.367,9.704,9.188,9.494,8.593,9.297,9.893,9.096,8.919,9.373,9.99,9.554,10.205,8.918,9.373,9.825,10.537,9.068,9.553,9.975,10.705,9.194,9.608,10.03,10.86,,,,,8.669,10.254
30-Oct-22,8.919,9.696,9.03,9.367,9.704,9.188,9.494,8.593,9.297,9.893,9.096,8.919,9.373,9.99,9.554,10.205,8.918,9.373,9.825,10.537,9.068,9.553,9.975,10.705,9.194,9.608,10.03,10.86,,,,,8.669,10.254
31-Oct-22,9.054,9.816,9.165,9.489,9.824,9.323,9.614,8.728,9.432,10.013,9.231,9.054,9.493,10.11,9.674,10.325,9.053,9.493,9.945,10.662,9.203,9.673,10.095,10.83,9.329,9.728,10.15,10.985,,,,,8.804,10.374
1-Nov-22,9.074,9.796,9.185,9.474,9.804,9.343,9.594,8.748,9.452,9.993,9.251,9.074,9.473,10.09,9.654,10.305,9.073,9.473,9.925,10.592,9.223,9.653,10.075,10.76,9.349,9.708,10.13,10.915,,,,,8.824,10.354
2-Nov-22,9.129,9.766,9.24,9.454,9.774,9.398,9.564,8.803,9.507,9.963,9.306,9.129,9.443,10.06,9.624,10.275,9.128,9.443,9.895,10.517,9.278,9.623,10.045,10.685,9.404,9.678,10.1,10.84,,,,,8.879,10.324
3-Nov-22,9.174,9.866,9.285,9.547,9.874,9.443,9.664,8.848,9.552,10.063,9.351,9.174,9.543,10.16,9.724,10.375,9.173,9.543,9.995,10.587,9.323,9.723,10.145,10.755,9.449,9.778,10.2,10.91,,,,,8.924,10.424
4-Nov-22,9.104,9.731,9.215,9.42,9.739,9.373,9.529,8.778,9.482,9.928,9.281,9.104,9.408,10.025,9.589,10.24,9.103,9.408,9.86,10.417,9.253,9.588,10.01,10.585,9.379,9.643,10.065,10.74,,,,,8.854,10.289
5-Nov-22,9.104,9.731,9.215,9.42,9.739,9.373,9.529,8.778,9.482,9.928,9.281,9.104,9.408,10.025,9.589,10.24,9.103,9.408,9.86,10.417,9.253,9.588,10.01,10.585,9.379,9.643,10.065,10.74,,,,,8.854,10.289
6-Nov-22,9.104,9.731,9.215,9.42,9.739,9.373,9.529,8.778,9.482,9.928,9.281,9.104,9.408,10.025,9.589,10.24,9.103,9.408,9.86,10.417,9.253,9.588,10.01,10.585,9.379,9.643,10.065,10.74,,,,,8.854,10.289
7-Nov-22,9.119,9.671,9.23,9.37,9.679,9.388,9.469,8.793,9.497,9.868,9.296,9.119,9.348,9.965,9.529,10.18,9.118,9.348,9.8,10.342,9.268,9.528,9.95,10.51,9.394,9.583,10.005,10.665,,,,,8.869,10.229
8-Nov-22,9.129,9.636,9.24,9.34,9.644,9.398,9.434,8.803,9.507,9.833,9.306,9.129,9.313,9.93,9.494,10.145,9.128,9.313,9.765,10.322,9.278,9.493,9.915,10.49,9.404,9.548,9.97,10.645,,,,,8.879,10.194
9-Nov-22,9.184,9.626,9.295,9.338,9.634,9.453,9.424,8.858,9.562,9.823,9.361,9.184,9.303,9.92,9.484,10.135,9.183,9.303,9.755,10.297,9.333,9.483,9.905,10.465,9.459,9.538,9.96,10.62,,,,,8.934,10.184
10-Nov-22,9.139,9.466,9.25,9.192,9.474,9.408,9.264,8.813,9.517,9.663,9.316,9.139,9.143,9.76,9.324,9.975,9.138,9.143,9.595,10.082,9.288,9.323,9.745,10.25,9.414,9.378,9.8,10.405,,,,,8.889,10.024
11-Nov-22,9.119,9.446,9.23,9.172,9.454,9.388,9.244,8.793,9.497,9.643,9.296,9.119,9.123,9.74,9.304,9.955,9.118,9.123,9.575,10.002,9.268,9.303,9.725,10.17,9.394,9.358,9.78,10.325,,,,,8.869,10.004
12-Nov-22,9.119,9.446,9.23,9.172,9.454,9.388,9.244,8.793,9.497,9.643,9.296,9.119,9.123,9.74,9.304,9.955,9.118,9.123,9.575,10.002,9.268,9.303,9.725,10.17,9.394,9.358,9.78,10.325,,,,,8.869,10.004
13-Nov-22,9.119,9.446,9.23,9.172,9.454,9.388,9.244,8.793,9.497,9.643,9.296,9.119,9.123,9.74,9.304,9.955,9.118,9.123,9.575,10.002,9.268,9.303,9.725,10.17,9.394,9.358,9.78,10.325,,,,,8.869,10.004
14-Nov-22,9.119,9.421,9.23,9.15,9.429,9.388,9.219,8.793,9.497,9.618,9.296,9.119,9.098,9.715,9.279,9.93,9.118,9.098,9.55,10.017,9.268,9.278,9.7,10.185,9.394,9.333,9.755,10.34,,,,,8.869,9.979
15-Nov-22,9.154,9.406,9.265,9.142,9.414,9.423,9.204,8.828,9.532,9.603,9.331,9.154,9.083,9.7,9.264,9.915,9.153,9.083,9.535,10.052,9.303,9.263,9.685,10.22,9.429,9.318,9.74,10.375,,,,,8.904,9.964
16-Nov-22,9.154,9.481,9.265,9.207,9.489,9.423,9.279,8.828,9.532,9.678,9.331,9.154,9.158,9.775,9.339,9.99,9.153,9.158,9.61,10.137,9.303,9.338,9.76,10.305,9.429,9.393,9.815,10.46,,,,,8.904,10.039
17-Nov-22,9.174,9.551,9.285,9.271,9.559,9.443,9.349,8.848,9.552,9.748,9.351,9.174,9.228,9.845,9.409,10.06,9.173,9.228,9.68,10.252,9.323,9.408,9.83,10.42,9.449,9.463,9.885,10.575,,,,,8.924,10.109
18-Nov-22,9.159,9.516,9.27,9.239,9.524,9.428,9.314,8.833,9.537,9.713,9.336,9.159,9.193,9.81,9.374,10.025,9.158,9.193,9.645,10.197,9.308,9.373,9.795,10.365,9.434,9.428,9.85,10.52,,,,,8.909,10.074
19-Nov-22,9.159,9.516,9.27,9.239,9.524,9.428,9.314,8.833,9.537,9.713,9.336,9.159,9.193,9.81,9.374,10.025,9.158,9.193,9.645,10.197,9.308,9.373,9.795,10.365,9.434,9.428,9.85,10.52,,,,,8.909,10.074
20-Nov-22,9.159,9.516,9.27,9.239,9.524,9.428,9.314,8.833,9.537,9.713,9.336,9.159,9.193,9.81,9.374,10.025,9.158,9.193,9.645,10.197,9.308,9.373,9.795,10.365,9.434,9.428,9.85,10.52,,,,,8.909,10.074
21-Nov-22,9.174,9.471,9.285,9.201,9.479,9.443,9.269,8.848,9.552,9.668,9.351,9.174,9.148,9.765,9.329,9.98,9.173,9.148,9.6,10.162,9.323,9.328,9.75,10.33,9.449,9.383,9.805,10.485,,,,,8.924,10.029
22-Nov-22,9.174,9.406,9.285,9.144,9.414,9.443,9.204,8.848,9.552,9.603,9.351,9.174,9.083,9.7,9.264,9.915,9.173,9.083,9.535,10.112,9.323,9.263,9.685,10.28,9.449,9.318,9.74,10.435,,,,,8.924,9.964
23-Nov-22,9.154,9.411,9.265,9.146,9.419,9.423,9.209,8.828,9.532,9.608,9.331,9.154,9.088,9.705,9.269,9.92,9.153,9.088,9.54,10.017,9.303,9.268,9.69,10.185,9.429,9.323,9.745,10.34,,,,,8.904,9.969
24-Nov-22,9.154,9.316,9.265,9.063,9.324,9.423,9.114,8.828,9.532,9.513,9.331,9.154,8.993,9.61,9.174,9.825,9.153,8.993,9.445,9.962,9.303,9.452,9.595,10.13,9.429,9.55,9.65,10.285,,,,,8.904,9.874
25-Nov-22,9.089,9.716,9.2,9.405,9.724,9.358,9.514,8.763,9.467,9.853,9.366,9.089,9.393,9.95,9.574,10.485,9.088,9.393,9.785,10.492,9.168,9.433,9.72,10.75,9.363,9.724,10.4,10.95,,,,,8.839,10.274
26-Nov-22,9.089,9.716,9.2,9.405,9.724,9.358,9.514,8.763,9.467,9.853,9.366,9.089,9.393,9.95,9.574,10.485,9.088,9.393,9.785,10.492,9.168,9.433,9.72,10.75,9.363,9.724,10.4,10.95,,,,,8.839,10.274
27-Nov-22,9.089,9.716,9.2,9.405,9.724,9.358,9.514,8.763,9.467,9.853,9.366,9.089,9.393,9.95,9.574,10.485,9.088,9.393,9.785,10.492,9.168,9.433,9.72,10.75,9.363,9.724,10.4,10.95,,,,,8.839,10.274
28-Nov-22,9.204,9.746,9.315,9.446,9.754,9.473,9.544,8.878,9.582,9.883,9.481,9.204,9.423,9.98,9.604,10.515,9.203,9.423,9.815,10.532,9.283,9.463,9.75,10.79,9.478,9.754,10.43,10.99,,,,,8.954,10.304
29-Nov-22,9.234,9.746,9.345,9.45,9.754,9.503,9.544,8.908,9.612,9.883,9.511,9.234,9.423,9.98,9.604,10.515,9.233,9.423,9.815,10.507,9.313,9.463,9.75,10.765,9.508,9.754,10.43,10.965,,,,,8.984,10.304
30-Nov-22,9.199,9.766,9.31,9.463,9.774,9.468,9.564,8.873,9.577,9.903,9.476,9.199,9.443,10,9.624,10.535,9.198,9.443,9.835,10.542,9.278,9.483,9.77,10.8,9.473,9.774,10.45,11,,,,,8.949,10.324
1-Dec-22,9.224,10.311,9.335,9.944,10.319,9.493,10.109,8.898,9.602,10.448,9.501,9.224,9.988,10.545,10.169,11.08,9.223,9.988,10.38,11.192,9.303,10.028,10.315,11.45,9.498,10.319,10.995,11.65,,,,,8.974,10.869
2-Dec-22,9.199,10.241,9.31,9.879,10.249,9.468,10.039,8.873,9.577,10.378,9.476,9.199,9.918,10.475,10.099,11.01,9.198,9.918,10.31,11.042,9.278,9.958,10.245,11.3,9.473,10.249,10.925,11.5,,,,,8.949,10.799
3-Dec-22,9.199,10.241,9.31,9.879,10.249,9.468,10.039,8.873,9.577,10.378,9.476,9.199,9.918,10.475,10.099,11.01,9.198,9.918,10.31,11.042,9.278,9.958,10.245,11.3,9.473,10.249,10.925,11.5,,,,,8.949,10.799
4-Dec-22,9.199,10.241,9.31,9.879,10.249,9.468,10.039,8.873,9.577,10.378,9.476,9.199,9.918,10.475,10.099,11.01,9.198,9.918,10.31,11.042,9.278,9.958,10.245,11.3,9.473,10.249,10.925,11.5,,,,,8.949,10.799
5-Dec-22,9.184,10.061,9.295,9.72,10.069,9.453,9.859,8.858,9.562,10.198,9.461,9.184,9.738,10.295,9.919,10.83,9.183,9.738,10.13,10.827,9.263,9.778,10.065,11.085,9.458,10.069,10.745,11.285,,,,,8.934,10.619
6-Dec-22,9.184,10.046,9.295,9.707,10.054,9.453,9.844,8.858,9.562,10.183,9.461,9.184,9.723,10.28,9.904,10.815,9.183,9.723,10.115,10.837,9.263,9.763,10.05,11.095,9.458,10.054,10.73,11.295,,,,,8.934,10.604
7-Dec-22,9.204,9.941,9.315,9.617,9.949,9.473,9.739,8.878,9.582,10.078,9.481,9.204,9.618,10.175,9.799,10.71,9.203,9.618,10.01,10.772,9.283,9.658,9.945,11.03,9.478,9.949,10.625,11.23,,,,,8.954,10.499
8-Dec-22,9.224,9.886,9.335,9.571,9.894,9.493,9.684,8.898,9.602,10.023,9.501,9.224,9.563,10.12,9.744,10.655,9.223,9.563,9.955,10.692,9.303,9.603,9.89,10.95,9.498,9.894,10.57,11.15,,,,,8.974,10.444
9-Dec-22,9.224,9.976,9.335,9.65,9.984,9.493,9.774,8.898,9.602,10.113,9.501,9.224,9.653,10.21,9.834,10.745,9.223,9.653,10.045,10.747,9.303,9.693,9.98,11.005,9.498,9.984,10.66,11.205,,,,,8.974,10.534
10-Dec-22,9.224,9.976,9.335,9.65,9.984,9.493,9.774,8.898,9.602,10.113,9.501,9.224,9.653,10.21,9.834,10.745,9.223,9.653,10.045,10.747,9.303,9.693,9.98,11.005,9.498,9.984,10.66,11.205,,,,,8.974,10.534
11-Dec-22,9.224,9.976,9.335,9.65,9.984,9.493,9.774,8.898,9.602,10.113,9.501,9.224,9.653,10.21,9.834,10.745,9.223,9.653,10.045,10.747,9.303,9.693,9.98,11.005,9.498,9.984,10.66,11.205,,,,,8.974,10.534
12-Dec-22,9.224,10.011,9.335,9.681,10.019,9.493,9.809,8.898,9.602,10.148,9.501,9.224,9.688,10.245,9.869,10.78,9.223,9.688,10.08,10.792,9.303,9.728,10.015,11.05,9.498,10.019,10.695,11.25,,,,,8.974,10.569
13-Dec-22,9.224,9.906,9.335,9.589,9.914,9.493,9.704,8.898,9.602,10.043,9.501,9.224,9.583,10.14,9.764,10.675,9.223,9.583,9.975,10.667,9.303,9.623,9.91,10.925,9.498,9.914,10.59,11.125,,,,,8.974,10.464
14-Dec-22,9.224,9.816,9.335,9.51,9.824,9.493,9.614,8.898,9.602,9.953,9.501,9.224,9.493,10.05,9.674,10.585,9.223,9.493,9.885,10.547,9.303,9.533,9.82,10.805,9.498,9.824,10.5,11.005,,,,,8.974,10.374
15-Dec-22,9.214,9.771,9.325,9.469,9.779,9.483,9.569,8.888,9.592,9.908,9.491,9.214,9.448,10.005,9.629,10.54,9.213,9.448,9.84,10.467,9.293,9.488,9.775,10.725,9.488,9.779,10.455,10.925,,,,,8.964,10.329
16-Dec-22,9.217,9.867,9.335,9.534,9.812,9.543,9.915,8.943,9.737,9.923,9.595,9.315,9.548,10.105,9.749,10.543,9.424,9.651,9.891,10.558,9.432,9.488,9.891,10.809,9.526,9.802,10.502,11.003,,,,,8.967,10.362
17-Dec-22,9.217,9.867,9.335,9.534,9.812,9.543,9.915,8.943,9.737,9.923,9.595,9.315,9.548,10.105,9.749,10.543,9.424,9.651,9.891,10.558,9.432,9.488,9.891,10.809,9.526,9.802,10.502,11.003,,,,,8.967,10.362
18-Dec-22,9.217,9.867,9.335,9.534,9.812,9.543,9.915,8.943,9.737,9.923,9.595,9.315,9.548,10.105,9.749,10.543,9.424,9.651,9.891,10.558,9.432,9.488,9.891,10.809,9.526,9.802,10.502,11.003,,,,,8.967,10.362
19-Dec-22,9.224,9.746,9.335,9.448,9.754,9.493,9.544,8.898,9.602,9.883,9.501,9.224,9.423,9.98,9.604,10.515,9.223,9.423,9.815,10.437,9.303,9.463,9.75,10.695,9.498,9.754,10.43,10.895,,,,,8.974,10.304
20-Dec-22,9.224,9.766,9.335,9.466,9.774,9.493,9.564,8.898,9.602,9.903,9.501,9.224,9.443,10,9.624,10.535,9.223,9.443,9.835,10.452,9.303,9.483,9.77,10.71,9.498,9.774,10.45,10.91,,,,,8.974,10.324
21-Dec-22,9.289,9.806,9.4,9.509,9.814,9.558,9.604,8.963,9.667,9.943,9.566,9.289,9.483,10.04,9.664,10.575,9.288,9.483,9.875,10.502,9.368,9.523,9.81,10.76,9.563,9.814,10.49,10.96,,,,,9.039,10.364
22-Dec-22,9.339,9.771,9.45,9.484,9.779,9.608,9.569,9.013,9.717,9.908,9.616,9.339,9.448,10.005,9.629,10.54,9.338,9.448,9.84,10.457,9.418,9.488,9.775,10.715,9.613,9.779,10.455,10.915,,,,,9.089,10.329
23-Dec-22,9.314,9.756,9.425,9.468,9.764,9.583,9.554,8.988,9.692,9.893,9.591,9.314,9.433,9.99,9.614,10.525,9.313,9.433,9.825,10.457,9.393,9.473,9.76,10.715,9.588,9.764,10.44,10.915,,,,,9.064,10.314
24-Dec-22,9.314,9.756,9.425,9.468,9.764,9.583,9.554,8.988,9.692,9.893,9.591,9.314,9.433,9.99,9.614,10.525,9.313,9.433,9.825,10.457,9.393,9.473,9.76,10.715,9.588,9.764,10.44,10.915,,,,,9.064,10.314
25-Dec-22,9.314,9.756,9.425,9.468,9.764,9.583,9.554,8.988,9.692,9.893,9.591,9.314,9.433,9.99,9.614,10.525,9.313,9.433,9.825,10.457,9.393,9.473,9.76,10.715,9.588,9.764,10.44,10.915,,,,,9.064,10.314
26-Dec-22,9.314,9.756,9.425,9.468,9.764,9.583,9.554,8.988,9.692,9.893,9.591,9.314,9.433,9.99,9.614,10.525,9.313,9.433,9.825,10.457,9.393,9.473,9.76,10.715,9.588,9.764,10.44,10.915,,,,,9.064,10.314
27-Dec-22,9.314,9.756,9.425,9.468,9.764,9.583,9.554,8.988,9.692,9.893,9.591,9.314,9.433,9.99,9.614,10.525,9.313,9.433,9.825,10.457,9.393,9.473,9.76,10.715,9.588,9.764,10.44,10.915,,,,,9.064,10.314
28-Dec-22,9.324,9.846,9.435,9.548,9.854,9.593,9.644,8.998,9.702,9.983,9.601,9.324,9.523,10.08,9.704,10.615,9.323,9.523,9.915,10.532,9.403,9.563,9.85,10.79,9.598,9.854,10.53,10.99,,,,,9.074,10.404
29-Dec-22,9.324,9.976,9.435,9.662,9.984,9.593,9.774,8.998,9.702,10.113,9.601,9.324,9.653,10.21,9.834,10.745,9.323,9.653,10.045,10.547,9.403,9.693,9.98,10.805,9.598,9.984,10.66,11.005,,,,,9.074,10.534
30-Dec-22,9.324,9.791,9.435,9.5,9.799,9.593,9.589,8.998,9.702,9.928,9.601,9.324,9.468,10.025,9.649,10.56,9.323,9.468,9.86,10.477,9.403,9.508,9.795,10.735,9.598,9.799,10.475,10.935,,,,,9.074,10.349
31-Dec-22,9.324,9.791,9.435,9.5,9.799,9.593,9.589,8.998,9.702,9.928,9.601,9.324,9.468,10.025,9.649,10.56,9.323,9.468,9.86,10.477,9.403,9.508,9.795,10.735,9.598,9.799,10.475,10.935,,,,,9.074,10.349
1-Jan-23,9.324,9.791,9.435,9.5,9.799,9.593,9.589,8.998,9.702,9.928,9.601,9.324,9.468,10.025,9.649,10.56,9.323,9.468,9.86,10.477,9.403,9.508,9.795,10.735,9.598,9.799,10.475,10.935,,,,,9.074,10.349
2-Jan-23,9.324,9.791,9.435,9.5,9.799,9.593,9.589,8.998,9.702,9.928,9.601,9.324,9.468,10.025,9.649,10.56,9.323,9.468,9.86,10.477,9.403,9.508,9.795,10.735,9.598,9.799,10.475,10.935,,,,,9.074,10.349
3-Jan-23,9.324,9.676,9.435,9.399,9.684,9.593,9.474,8.998,9.702,9.813,9.601,9.324,9.353,9.91,9.534,10.445,9.323,9.353,9.745,10.372,9.403,9.393,9.68,10.63,9.598,9.684,10.36,10.83,,,,,9.074,10.234
4-Jan-23,9.364,9.561,9.475,9.303,9.569,9.633,9.359,9.038,9.742,9.698,9.641,9.364,9.238,9.795,9.419,10.33,9.363,9.238,9.63,10.317,9.443,9.278,9.565,10.575,9.638,9.569,10.245,10.775,,,,,9.114,10.119
5-Jan-23,9.364,9.596,9.475,9.334,9.604,9.633,9.394,9.038,9.742,9.733,9.641,9.364,9.273,9.83,9.454,10.365,9.363,9.273,9.665,10.357,9.443,9.313,9.6,10.615,9.638,9.604,10.28,10.815,,,,,9.114,10.154
6-Jan-23,9.364,9.481,9.475,9.233,9.489,9.633,9.279,9.038,9.742,9.618,9.641,9.364,9.158,9.715,9.339,10.25,9.363,9.158,9.55,10.317,9.443,9.198,9.485,10.575,9.638,9.489,10.165,10.775,,,,,9.114,10.039
7-Jan-23,9.364,9.481,9.475,9.233,9.489,9.633,9.279,9.038,9.742,9.618,9.641,9.364,9.158,9.715,9.339,10.25,9.363,9.158,9.55,10.317,9.443,9.198,9.485,10.575,9.638,9.489,10.165,10.775,,,,,9.114,10.039
8-Jan-23,9.364,9.481,9.475,9.233,9.489,9.633,9.279,9.038,9.742,9.618,9.641,9.364,9.158,9.715,9.339,10.25,9.363,9.158,9.55,10.317,9.443,9.198,9.485,10.575,9.638,9.489,10.165,10.775,,,,,9.114,10.039
9-Jan-23,9.474,9.226,9.585,9.023,9.234,9.743,9.024,9.148,9.852,9.363,9.751,9.474,8.903,9.46,9.084,9.995,9.473,8.903,9.295,10.027,9.553,8.943,9.23,10.285,9.748,9.234,9.91,10.485,,,,,9.224,9.784
10-Jan-23,9.474,9.226,9.585,9.023,9.234,9.743,9.024,9.148,9.852,9.363,9.751,9.474,8.903,9.46,9.084,9.995,9.473,8.903,9.295,10.027,9.553,8.943,9.23,10.285,9.748,9.234,9.91,10.485,,,,,9.224,9.784
11-Jan-23,9.424,9.376,9.535,9.149,9.384,9.693,9.174,9.098,9.802,9.513,9.701,9.424,9.053,9.61,9.234,10.145,9.423,9.053,9.445,10.192,9.503,9.093,9.38,10.45,9.698,9.384,10.06,10.65,,,,,9.174,9.934
12-Jan-23,9.424,9.271,9.535,9.056,9.279,9.693,9.069,9.098,9.802,9.408,9.701,9.424,8.948,9.505,9.129,10.04,9.423,8.948,9.34,10.132,9.503,8.988,9.275,10.39,9.698,9.279,9.955,10.59,,,,,9.174,9.829
13-Jan-23,9.424,9.241,9.535,9.03,9.249,9.693,9.039,9.098,9.802,9.378,9.701,9.424,8.918,9.475,9.099,10.01,9.423,8.918,9.31,10.077,9.503,8.958,9.245,10.335,9.698,9.249,9.925,10.535,,,,,9.174,9.799
14-Jan-23,9.424,9.241,9.535,9.03,9.249,9.693,9.039,9.098,9.802,9.378,9.701,9.424,8.918,9.475,9.099,10.01,9.423,8.918,9.31,10.077,9.503,8.958,9.245,10.335,9.698,9.249,9.925,10.535,,,,,9.174,9.799
15-Jan-23,9.424,9.241,9.535,9.03,9.249,9.693,9.039,9.098,9.802,9.378,9.701,9.424,8.918,9.475,9.099,10.01,9.423,8.918,9.31,10.077,9.503,8.958,9.245,10.335,9.698,9.249,9.925,10.535,,,,,9.174,9.799
16-Jan-23,9.449,9.281,9.56,9.068,9.289,9.718,9.079,9.123,9.827,9.418,9.726,9.449,8.958,9.515,9.139,10.05,9.448,8.958,9.35,10.157,9.528,8.998,9.285,10.415,9.723,9.289,9.965,10.615,,,,,9.199,9.839
17-Jan-23,9.424,9.311,9.535,9.092,9.319,9.693,9.109,9.098,9.802,9.448,9.701,9.424,8.988,9.545,9.169,10.08,9.423,8.988,9.38,10.167,9.503,9.028,9.315,10.425,9.698,9.319,9.995,10.625,,,,,9.174,9.869
18-Jan-23,9.474,9.161,9.585,8.966,9.169,9.743,8.959,9.148,9.852,9.298,9.751,9.474,8.838,9.395,9.019,9.93,9.473,8.838,9.23,9.957,9.553,8.878,9.165,10.215,9.748,9.169,9.845,10.415,,,,,9.224,9.719
19-Jan-23,9.394,9.226,9.505,9.013,9.234,9.663,9.024,9.068,9.772,9.363,9.671,9.394,8.903,9.46,9.084,9.995,9.393,8.903,9.295,10.047,9.473,8.943,9.23,10.305,9.668,9.234,9.91,10.505,,,,,9.144,9.784
20-Jan-23,9.394,9.301,9.505,9.079,9.309,9.663,9.099,9.068,9.772,9.438,9.671,9.394,8.978,9.535,9.159,10.07,9.393,8.978,9.37,10.122,9.473,9.018,9.305,10.38,9.668,9.309,9.985,10.58,,,,,9.144,9.859
21-Jan-23,9.394,9.301,9.505,9.079,9.309,9.663,9.099,9.068,9.772,9.438,9.671,9.394,8.978,9.535,9.159,10.07,9.393,8.978,9.37,10.122,9.473,9.018,9.305,10.38,9.668,9.309,9.985,10.58,,,,,9.144,9.859
22-Jan-23,9.394,9.301,9.505,9.079,9.309,9.663,9.099,9.068,9.772,9.438,9.671,9.394,8.978,9.535,9.159,10.07,9.393,8.978,9.37,10.122,9.473,9.018,9.305,10.38,9.668,9.309,9.985,10.58,,,,,9.144,9.859
23-Jan-23,9.394,9.286,9.505,9.066,9.294,9.663,9.084,9.068,9.772,9.423,9.671,9.394,8.963,9.52,9.144,10.055,9.393,8.963,9.355,10.097,9.473,9.003,9.29,10.355,9.668,9.294,9.97,10.555,,,,,9.144,9.844
24-Jan-23,9.599,9.251,9.71,9.06,9.259,9.868,9.049,9.273,9.977,9.388,9.876,9.599,8.928,9.485,9.109,10.02,9.598,8.928,9.32,10.087,9.678,8.968,9.255,10.345,9.873,9.259,9.935,10.545,,,,,9.349,9.809
25-Jan-23,9.524,9.176,9.635,8.985,9.184,9.793,8.974,9.198,9.902,9.313,9.801,9.524,8.853,9.41,9.034,9.945,9.523,8.853,9.245,9.967,9.603,8.893,9.18,10.225,9.798,9.184,9.86,10.425,,,,,9.274,9.734
26-Jan-23,9.299,9.936,9.41,9.624,9.944,9.568,9.734,8.973,9.677,10.073,9.976,9.299,9.613,10.14,9.794,10.705,9.298,9.613,10.005,10.592,9.378,9.853,10.14,10.6,9.45,9.958,10.471,11.805,,,,,9.049,10.494
27-Jan-23,9.199,9.961,9.31,9.634,9.969,9.468,9.759,8.873,9.577,10.098,9.476,9.199,9.638,10.165,9.819,10.73,9.198,9.638,10.03,10.637,9.278,9.878,10.165,10.645,9.35,9.983,10.496,11.85,,,,,8.949,10.519
28-Jan-23,9.199,9.961,9.31,9.634,9.969,9.468,9.759,8.873,9.577,10.098,9.476,9.199,9.638,10.165,9.819,10.73,9.198,9.638,10.03,10.637,9.278,9.878,10.165,10.645,9.35,9.983,10.496,11.85,,,,,8.949,10.519
29-Jan-23,9.199,9.961,9.31,9.634,9.969,9.468,9.759,8.873,9.577,10.098,9.476,9.199,9.638,10.165,9.819,10.73,9.198,9.638,10.03,10.637,9.278,9.878,10.165,10.645,9.35,9.983,10.496,11.85,,,,,8.949,10.519
30-Jan-23,9.104,9.976,9.215,9.635,9.984,9.373,9.774,8.778,9.482,10.113,9.381,9.104,9.653,10.18,9.834,10.745,9.103,9.653,10.045,10.657,9.183,9.893,10.18,10.665,9.255,9.998,10.511,11.87,,,,,8.854,10.534
31-Jan-23,9.074,9.956,9.185,9.614,9.964,9.343,9.754,8.748,9.452,10.093,9.351,9.074,9.633,10.16,9.814,10.725,9.073,9.633,10.025,10.642,9.153,9.873,10.16,10.65,9.225,9.978,10.491,11.855,,,,,8.824,10.514
1-Feb-23,9.074,9.901,9.185,9.566,9.909,9.343,9.699,8.748,9.452,10.038,9.351,9.074,9.578,10.105,9.759,10.67,9.073,9.578,9.97,10.567,9.153,9.818,10.105,10.575,9.225,9.923,10.436,11.78,,,,,8.824,10.459
2-Feb-23,9.069,9.836,9.18,9.508,9.844,9.338,9.634,8.743,9.447,9.973,9.346,9.069,9.513,10.04,9.694,10.605,9.068,9.513,9.905,10.472,9.148,9.753,10.04,10.48,9.22,9.858,10.371,11.685,,,,,8.819,10.394
3-Feb-23,9.069,9.946,9.18,9.605,9.954,9.338,9.744,8.743,9.447,10.083,9.346,9.069,9.623,10.15,9.804,10.715,9.068,9.623,10.015,10.557,9.148,9.863,10.15,10.565,9.22,9.968,10.481,11.77,,,,,8.819,10.504
4-Feb-23,9.069,9.946,9.18,9.605,9.954,9.338,9.744,8.743,9.447,10.083,9.346,9.069,9.623,10.15,9.804,10.715,9.068,9.623,10.015,10.557,9.148,9.863,10.15,10.565,9.22,9.968,10.481,11.77,,,,,8.819,10.504
5-Feb-23,9.069,9.946,9.18,9.605,9.954,9.338,9.744,8.743,9.447,10.083,9.346,9.069,9.623,10.15,9.804,10.715,9.068,9.623,10.015,10.557,9.148,9.863,10.15,10.565,9.22,9.968,10.481,11.77,,,,,8.819,10.504
6-Feb-23,9.099,10.086,9.21,9.731,10.094,9.368,9.884,8.773,9.477,10.223,9.376,9.099,9.763,10.29,9.944,10.855,9.098,9.763,10.155,10.667,9.178,10.003,10.29,10.675,9.25,10.108,10.621,11.88,,,,,8.849,10.644
7-Feb-23,9.049,10.126,9.16,9.76,10.134,9.318,9.924,8.723,9.427,10.263,9.326,9.049,9.803,10.33,9.984,10.895,9.048,9.803,10.195,10.732,9.128,10.043,10.33,10.74,9.2,10.148,10.661,11.945,,,,,8.799,10.684
8-Feb-23,9.099,10.146,9.21,9.784,10.154,9.368,9.944,8.773,9.477,10.283,9.376,9.099,9.823,10.35,10.004,10.915,9.098,9.823,10.215,10.752,9.178,10.063,10.35,10.76,9.25,10.168,10.681,11.965,,,,,8.849,10.704
9-Feb-23,9.089,10.096,9.2,9.739,10.104,9.358,9.894,8.763,9.467,10.233,9.366,9.089,9.773,10.3,9.954,10.865,9.088,9.773,10.165,10.692,9.168,10.013,10.3,10.7,9.24,10.118,10.631,11.905,,,,,8.839,10.654
10-Feb-23,9.089,10.176,9.2,9.809,10.184,9.358,9.974,8.763,9.467,10.313,9.366,9.089,9.853,10.38,10.034,10.945,9.088,9.853,10.245,10.812,9.168,10.093,10.38,10.82,9.24,10.198,10.711,12.025,,,,,8.839,10.734
11-Feb-23,9.089,10.176,9.2,9.809,10.184,9.358,9.974,8.763,9.467,10.313,9.366,9.089,9.853,10.38,10.034,10.945,9.088,9.853,10.245,10.812,9.168,10.093,10.38,10.82,9.24,10.198,10.711,12.025,,,,,8.839,10.734
12-Feb-23,9.089,10.176,9.2,9.809,10.184,9.358,9.974,8.763,9.467,10.313,9.366,9.089,9.853,10.38,10.034,10.945,9.088,9.853,10.245,10.812,9.168,10.093,10.38,10.82,9.24,10.198,10.711,12.025,,,,,8.839,10.734
13-Feb-23,9.049,10.181,9.16,9.808,10.189,9.318,9.979,8.723,9.427,10.318,9.326,9.049,9.858,10.385,10.039,10.95,9.048,9.858,10.25,10.797,9.128,10.098,10.385,10.805,9.2,10.203,10.716,12.01,,,,,8.799,10.739
14-Feb-23,9.099,10.176,9.21,9.81,10.184,9.368,9.974,8.773,9.477,10.313,9.376,9.099,9.853,10.38,10.034,10.945,9.098,9.853,10.245,10.787,9.178,10.093,10.38,10.795,9.25,10.198,10.711,12,,,,,8.849,10.734
15-Feb-23,9.104,10.286,9.215,9.907,10.294,9.373,10.084,8.778,9.482,10.423,9.381,9.104,9.963,10.49,10.144,11.055,9.103,9.963,10.355,10.917,9.183,10.203,10.49,10.925,9.255,10.308,10.821,12.13,,,,,8.854,10.844
16-Feb-23,9.104,10.346,9.215,9.96,10.354,9.373,10.144,8.778,9.482,10.483,9.381,9.104,10.023,10.55,10.204,11.115,9.103,10.023,10.415,10.967,9.183,10.263,10.55,10.975,9.255,10.368,10.881,12.18,,,,,8.854,10.904
17-Feb-23,9.104,10.406,9.215,10.012,10.414,9.373,10.204,8.778,9.482,10.543,9.381,9.104,10.083,10.61,10.264,11.175,9.103,10.083,10.475,11.037,9.183,10.323,10.61,11.045,9.255,10.428,10.941,12.25,,,,,8.854,10.964
18-Feb-23,9.104,10.406,9.215,10.012,10.414,9.373,10.204,8.778,9.482,10.543,9.381,9.104,10.083,10.61,10.264,11.175,9.103,10.083,10.475,11.037,9.183,10.323,10.61,11.045,9.255,10.428,10.941,12.25,,,,,8.854,10.964
19-Feb-23,9.104,10.406,9.215,10.012,10.414,9.373,10.204,8.778,9.482,10.543,9.381,9.104,10.083,10.61,10.264,11.175,9.103,10.083,10.475,11.037,9.183,10.323,10.61,11.045,9.255,10.428,10.941,12.25,,,,,8.854,10.964
20-Feb-23,9.099,10.446,9.21,10.047,10.454,9.368,10.244,8.773,9.477,10.583,9.376,9.099,10.123,10.65,10.304,11.215,9.098,10.123,10.515,11.107,9.178,10.363,10.65,11.115,9.25,10.468,10.981,12.32,,,,,8.849,11.004
21-Feb-23,9.038,10.466,9.149,10.057,10.474,9.307,10.264,8.712,9.416,10.603,9.315,9.038,10.143,10.67,10.324,11.235,9.037,10.143,10.535,11.162,9.117,10.383,10.67,11.17,9.189,10.488,11.001,12.375,,,,,8.788,11.024
22-Feb-23,9.099,10.361,9.21,9.972,10.369,9.368,10.159,8.773,9.477,10.498,9.376,9.099,10.038,10.565,10.219,11.13,9.098,10.038,10.43,11.077,9.178,10.278,10.565,11.085,9.25,10.383,10.896,12.29,,,,,8.849,10.919
23-Feb-23,9.099,10.376,9.21,9.985,10.384,9.368,10.174,8.773,9.477,10.513,9.376,9.099,10.053,10.58,10.234,11.145,9.098,10.053,10.445,11.037,9.178,10.293,10.58,11.045,9.25,10.398,10.911,12.25,,,,,8.849,10.934
24-Feb-23,9.099,10.466,9.21,10.064,10.474,9.368,10.264,8.773,9.477,10.603,9.376,9.099,10.143,10.67,10.324,11.235,9.098,10.143,10.535,11.042,9.178,10.383,10.67,11.05,9.25,10.488,11.001,12.255,,,,,8.849,11.024
25-Feb-23,9.099,10.466,9.21,10.064,10.474,9.368,10.264,8.773,9.477,10.603,9.376,9.099,10.143,10.67,10.324,11.235,9.098,10.143,10.535,11.042,9.178,10.383,10.67,11.05,9.25,10.488,11.001,12.255,,,,,8.849,11.024
26-Feb-23,9.099,10.466,9.21,10.064,10.474,9.368,10.264,8.773,9.477,10.603,9.376,9.099,10.143,10.67,10.324,11.235,9.098,10.143,10.535,11.042,9.178,10.383,10.67,11.05,9.25,10.488,11.001,12.255,,,,,8.849,11.024
27-Feb-23,9.099,10.406,9.21,10.012,10.414,9.368,10.204,8.773,9.477,10.543,9.376,9.099,10.083,10.61,10.264,11.175,9.098,10.083,10.475,10.987,9.178,10.323,10.61,10.995,9.25,10.428,10.941,12.2,,,,,8.849,10.964
28-Feb-23,9.08,10.396,9.191,10.003,10.404,9.349,10.194,8.754,9.458,10.533,9.357,9.08,10.073,10.6,10.254,11.165,9.079,10.073,10.465,11.022,9.159,10.313,10.6,11.03,9.231,10.409,10.931,12.235,,,,,8.83,10.954
1-Mar-23,9.089,10.451,9.2,10.05,10.459,9.358,10.249,8.763,9.467,10.578,9.366,9.089,10.128,10.645,10.309,11.21,9.088,10.128,10.501,11.032,9.168,10.368,10.635,11.005,9.24,10.473,10.966,12.21,,,,,8.839,11.009
2-Mar-23,9.1,10.506,9.211,10.023,10.514,9.369,10.304,8.774,9.478,10.643,9.377,9.099,10.183,10.71,10.364,11.275,9.099,10.183,10.566,11.042,9.179,10.423,10.655,11.05,9.251,10.519,10.986,12.22,,,,,8.85,11.064
3-Mar-23,9.065,10.471,9.176,9.988,10.479,9.334,10.269,8.739,9.443,10.608,9.342,9.064,10.148,10.675,10.329,11.24,9.064,10.148,10.531,11.007,9.144,10.388,10.63,11.015,9.216,10.484,10.961,12.185,,,,,8.815,11.029
4-Mar-23,9.065,10.471,9.176,9.988,10.479,9.334,10.269,8.739,9.443,10.608,9.342,9.064,10.148,10.675,10.329,11.24,9.064,10.148,10.531,11.007,9.144,10.388,10.63,11.015,9.216,10.484,10.961,12.185,,,,,8.815,11.029
5-Mar-23,9.065,10.471,9.176,9.988,10.479,9.334,10.269,8.739,9.443,10.608,9.342,9.064,10.148,10.675,10.329,11.24,9.064,10.148,10.531,11.007,9.144,10.388,10.63,11.015,9.216,10.484,10.961,12.185,,,,,8.815,11.029
6-Mar-23,9.04,10.446,9.151,9.963,10.454,9.309,10.244,8.714,9.418,10.583,9.317,9.039,10.123,10.65,10.304,11.215,9.039,10.123,10.506,10.967,9.119,10.363,10.6,10.975,9.191,10.459,10.931,12.145,,,,,8.79,11.004
7-Mar-23,9.06,10.501,9.171,9.983,10.509,9.329,10.299,8.734,9.438,10.638,9.337,9.059,10.178,10.705,10.359,11.27,9.059,10.178,10.561,11.112,9.139,10.418,10.67,11.12,9.211,10.514,11.001,12.29,,,,,8.81,11.059
8-Mar-23,9.08,10.496,9.191,10.003,10.504,9.349,10.294,8.754,9.458,10.633,9.357,9.079,10.173,10.7,10.354,11.265,9.079,10.173,10.556,11.067,9.159,10.413,10.665,11.075,9.231,10.509,10.996,12.245,,,,,8.83,11.054
9-Mar-23,9.1,10.531,9.211,10.023,10.539,9.369,10.329,8.774,9.478,10.668,9.377,9.099,10.208,10.735,10.389,11.3,9.099,10.208,10.591,11.097,9.179,10.448,10.7,11.105,9.251,10.544,11.031,12.275,,,,,8.85,11.089
10-Mar-23,9.03,10.481,9.141,9.953,10.489,9.299,10.279,8.704,9.408,10.618,9.307,9.029,10.158,10.685,10.339,11.25,9.029,10.158,10.541,11.082,9.109,10.398,10.655,11.09,9.181,10.494,10.986,12.26,,,,,8.78,11.039
11-Mar-23,9.03,10.481,9.141,9.953,10.489,9.299,10.279,8.704,9.408,10.618,9.307,9.029,10.158,10.685,10.339,11.25,9.029,10.158,10.541,11.082,9.109,10.398,10.655,11.09,9.181,10.494,10.986,12.26,,,,,8.78,11.039
12-Mar-23,9.03,10.481,9.141,9.953,10.489,9.299,10.279,8.704,9.408,10.618,9.307,9.029,10.158,10.685,10.339,11.25,9.029,10.158,10.541,11.082,9.109,10.398,10.655,11.09,9.181,10.494,10.986,12.26,,,,,8.78,11.039
13-Mar-23,8.915,10.356,9.026,9.838,10.364,9.184,10.154,8.589,9.293,10.493,9.192,8.914,10.033,10.56,10.214,11.125,8.914,10.033,10.416,11.037,8.994,10.273,10.55,11.045,9.066,10.369,10.881,12.215,,,,,8.665,10.914
14-Mar-23,8.92,10.361,9.031,9.843,10.369,9.189,10.159,8.594,9.298,10.498,9.197,8.919,10.038,10.565,10.219,11.13,8.919,10.038,10.421,11.052,8.999,10.278,10.565,11.06,9.071,10.374,10.896,12.23,,,,,8.67,10.919
15-Mar-23,8.9,10.376,9.011,9.823,10.384,9.169,10.174,8.574,9.278,10.513,9.177,8.899,10.053,10.58,10.234,11.145,8.899,10.053,10.436,11.182,8.979,10.293,10.605,11.19,9.051,10.389,10.936,12.36,,,,,8.65,10.934
16-Mar-23,8.94,10.431,9.051,9.863,10.439,9.209,10.229,8.614,9.318,10.568,9.217,8.939,10.108,10.635,10.289,11.2,8.939,10.108,10.491,11.227,9.019,10.348,10.655,11.235,9.091,10.444,10.986,12.405,,,,,8.69,10.989
17-Mar-23,8.91,10.366,9.021,9.833,10.374,9.179,10.164,8.584,9.288,10.503,9.187,8.909,10.043,10.57,10.224,11.135,8.909,10.043,10.426,11.107,8.989,10.283,10.58,11.115,9.061,10.379,10.911,12.285,,,,,8.66,10.924
18-Mar-23,8.91,10.366,9.021,9.833,10.374,9.179,10.164,8.584,9.288,10.503,9.187,8.909,10.043,10.57,10.224,11.135,8.909,10.043,10.426,11.107,8.989,10.283,10.58,11.115,9.061,10.379,10.911,12.285,,,,,8.66,10.924
19-Mar-23,8.91,10.366,9.021,9.833,10.374,9.179,10.164,8.584,9.288,10.503,9.187,8.909,10.043,10.57,10.224,11.135,8.909,10.043,10.426,11.107,8.989,10.283,10.58,11.115,9.061,10.379,10.911,12.285,,,,,8.66,10.924
20-Mar-23,8.86,10.306,8.971,9.783,10.314,9.129,10.104,8.534,9.238,10.443,9.137,8.859,9.983,10.51,10.164,11.075,8.859,9.983,10.366,11.047,8.939,10.223,10.51,11.055,9.011,10.319,10.841,12.225,,,,,8.61,10.864
21-Mar-23,8.89,10.3,9.002,9.853,10.351,9.139,10.152,8.521,9.248,10.335,9.175,8.578,9.883,10.643,10.249,11.096,8.578,9.883,10.532,11.084,8.886,10.201,10.402,11.077,9,10.289,10.831,12.22,,,,,8.64,10.901
22-Mar-23,8.885,10.326,8.996,9.808,10.334,9.154,10.124,8.559,9.263,10.463,9.162,8.606,10.003,10.53,10.184,11.095,8.606,10.003,10.386,11.032,8.964,10.243,10.535,11.04,9.036,10.339,10.866,12.21,,,,,8.635,10.884
23-Mar-23,8.86,10.281,8.971,9.783,10.289,9.129,10.079,8.534,9.238,10.418,9.137,8.705,9.958,10.485,10.139,11.05,8.705,9.958,10.341,11.002,8.939,10.198,10.49,11.01,9.011,10.294,10.821,12.18,,,,,8.61,10.839
24-Mar-23,8.835,10.266,8.946,9.758,10.274,9.104,10.064,8.509,9.213,10.403,9.112,8.834,9.943,10.47,10.124,11.035,8.834,9.943,10.326,11.067,8.914,10.183,10.52,11.075,8.986,10.279,10.851,12.245,,,,,8.585,10.824
25-Mar-23,8.835,10.266,8.946,9.758,10.274,9.104,10.064,8.509,9.213,10.403,9.112,8.834,9.943,10.47,10.124,11.035,8.834,9.943,10.326,11.067,8.914,10.183,10.52,11.075,8.986,10.279,10.851,12.245,,,,,8.585,10.824
26-Mar-23,8.835,10.266,8.946,9.758,10.274,9.104,10.064,8.509,9.213,10.403,9.112,8.834,9.943,10.47,10.124,11.035,8.834,9.943,10.326,11.067,8.914,10.183,10.52,11.075,8.986,10.279,10.851,12.245,,,,,8.585,10.824
27-Mar-23,8.835,10.256,8.946,9.758,10.264,9.104,10.054,8.509,9.213,10.393,9.112,8.834,9.933,10.46,10.114,11.025,8.834,9.933,10.316,11.097,8.914,10.173,10.535,11.105,8.986,10.269,10.866,12.275,,,,,8.585,10.814
28-Mar-23,9.099,10.342,9.21,10.022,10.35,9.368,10.14,8.773,9.477,10.479,9.376,9.098,10.019,10.546,10.2,11.111,9.098,10.019,10.402,9.822,9.178,10.259,10.336,9.83,9.25,10.355,10.667,11,,,,,8.849,10.9
29-Mar-23,9.029,10.262,9.14,9.952,10.27,9.298,10.06,8.703,9.407,10.399,9.306,9.028,9.939,10.466,10.12,11.031,9.028,9.939,10.322,9.782,9.108,10.179,10.271,9.79,9.18,10.275,10.602,10.96,,,,,8.779,10.82
30-Mar-23,9.169,10.347,9.28,10.092,10.355,9.438,10.145,8.843,9.547,10.484,9.446,9.168,10.024,10.551,10.205,11.116,9.168,10.024,10.407,9.677,9.248,10.264,10.316,9.685,9.32,10.36,10.647,10.855,,,,,8.919,10.905
31-Mar-23,9.164,10.277,9.275,10.087,10.285,9.433,10.075,8.838,9.542,10.414,9.441,9.163,9.954,10.481,10.135,11.046,9.163,9.954,10.337,9.622,9.243,10.194,10.216,9.63,9.315,10.29,10.547,10.8,,,,,8.914,10.835
1-Apr-23,9.164,10.277,9.275,10.087,10.285,9.433,10.075,8.838,9.542,10.414,9.441,9.163,9.954,10.481,10.135,11.046,9.163,9.954,10.337,9.622,9.243,10.194,10.216,9.63,9.315,10.29,10.547,10.8,,,,,8.914,10.835
2-Apr-23,9.164,10.277,9.275,10.087,10.285,9.433,10.075,8.838,9.542,10.414,9.441,9.163,9.954,10.481,10.135,11.046,9.163,9.954,10.337,9.622,9.243,10.194,10.216,9.63,9.315,10.29,10.547,10.8,,,,,8.914,10.835
3-Apr-23,9.204,10.312,9.315,10.127,10.32,9.473,10.11,8.878,9.582,10.449,9.481,9.203,9.989,10.516,10.17,11.081,9.203,9.989,10.372,9.657,9.283,10.229,10.246,9.665,9.355,10.325,10.577,10.835,,,,,8.954,10.87
4-Apr-23,9.209,10.312,9.32,10.132,10.32,9.478,10.11,8.883,9.587,10.449,9.486,9.208,9.989,10.516,10.17,11.081,9.208,9.989,10.372,9.697,9.288,10.229,10.251,9.705,9.36,10.325,10.582,10.875,,,,,8.959,10.87
5-Apr-23,9.129,10.227,9.24,10.052,10.235,9.398,10.025,8.803,9.507,10.364,9.406,9.128,9.904,10.431,10.085,10.996,9.128,9.904,10.287,9.677,9.208,10.144,10.201,9.685,9.28,10.24,10.532,10.855,,,,,8.879,10.785
6-Apr-23,9.164,10.277,9.275,10.087,10.285,9.433,10.075,8.838,9.542,10.414,9.441,9.163,9.954,10.481,10.135,11.046,9.163,9.954,10.337,9.732,9.243,10.194,10.266,9.74,9.315,10.29,10.597,10.91,,,,,8.914,10.835
7-Apr-23,9.164,10.277,9.275,10.087,10.285,9.433,10.075,8.838,9.542,10.414,9.441,9.163,9.954,10.481,10.135,11.046,9.163,9.954,10.337,9.732,9.243,10.194,10.266,9.74,9.315,10.29,10.597,10.91,,,,,8.914,10.835
8-Apr-23,9.164,10.277,9.275,10.087,10.285,9.433,10.075,8.838,9.542,10.414,9.441,9.163,9.954,10.481,10.135,11.046,9.163,9.954,10.337,9.732,9.243,10.194,10.266,9.74,9.315,10.29,10.597,10.91,,,,,8.914,10.835
9-Apr-23,9.164,10.277,9.275,10.087,10.285,9.433,10.075,8.838,9.542,10.414,9.441,9.163,9.954,10.481,10.135,11.046,9.163,9.954,10.337,9.732,9.243,10.194,10.266,9.74,9.315,10.29,10.597,10.91,,,,,8.914,10.835
10-Apr-23,9.164,10.277,9.275,10.087,10.285,9.433,10.075,8.838,9.542,10.414,9.441,9.163,9.954,10.481,10.135,11.046,9.163,9.954,10.337,9.732,9.243,10.194,10.266,9.74,9.315,10.29,10.597,10.91,,,,,8.914,10.835
11-Apr-23,9.259,10.387,9.37,10.182,10.395,9.528,10.185,8.933,9.637,10.524,9.536,9.258,10.064,10.591,10.245,11.156,9.258,10.064,10.447,9.882,9.338,10.304,10.386,9.89,9.41,10.4,10.717,11.06,,,,,9.009,10.945
12-Apr-23,9.239,10.352,9.35,10.162,10.36,9.508,10.15,8.913,9.617,10.489,9.516,9.238,10.029,10.556,10.21,11.121,9.238,10.029,10.412,9.847,9.318,10.269,10.346,9.855,9.39,10.365,10.677,11.025,,,,,8.989,10.91
13-Apr-23,9.249,10.332,9.36,10.172,10.34,9.518,10.13,8.923,9.627,10.469,9.526,9.248,10.009,10.536,10.19,11.101,9.248,10.009,10.392,9.757,9.328,10.249,10.321,9.765,9.4,10.345,10.652,10.935,,,,,8.999,10.89
14-Apr-23,9.309,10.392,9.42,10.232,10.4,9.578,10.19,8.983,9.687,10.529,9.586,9.308,10.069,10.596,10.25,11.161,9.308,10.069,10.452,9.812,9.388,10.309,10.381,9.82,9.46,10.405,10.712,10.99,,,,,9.059,10.95
15-Apr-23,9.309,10.392,9.42,10.232,10.4,9.578,10.19,8.983,9.687,10.529,9.586,9.308,10.069,10.596,10.25,11.161,9.308,10.069,10.452,9.812,9.388,10.309,10.381,9.82,9.46,10.405,10.712,10.99,,,,,9.059,10.95
16-Apr-23,9.309,10.392,9.42,10.232,10.4,9.578,10.19,8.983,9.687,10.529,9.586,9.308,10.069,10.596,10.25,11.161,9.308,10.069,10.452,9.812,9.388,10.309,10.381,9.82,9.46,10.405,10.712,10.99,,,,,9.059,10.95
17-Apr-23,9.449,10.497,9.56,10.372,10.505,9.718,10.295,9.123,9.827,10.634,9.726,9.448,10.174,10.701,10.355,11.266,9.448,10.174,10.557,9.917,9.528,10.414,10.486,9.925,9.6,10.51,10.817,11.095,,,,,9.199,11.055
18-Apr-23,9.449,10.497,9.56,10.372,10.505,9.718,10.295,9.123,9.827,10.634,9.726,9.448,10.174,10.701,10.355,11.266,9.448,10.174,10.557,9.917,9.528,10.414,10.486,9.925,9.6,10.51,10.817,11.095,,,,,9.199,11.055
19-Apr-23,9.449,10.497,9.56,10.372,10.505,9.718,10.295,9.123,9.827,10.634,9.726,9.448,10.174,10.701,10.355,11.266,9.448,10.174,10.557,9.917,9.528,10.414,10.486,9.925,9.6,10.51,10.817,11.095,,,,,9.199,11.055
20-Apr-23,9.494,10.517,9.605,10.417,10.525,9.763,10.315,9.168,9.872,10.654,9.771,9.493,10.194,10.721,10.375,11.286,9.493,10.194,10.577,9.877,9.573,10.434,10.496,9.885,9.645,10.53,10.827,11.055,,,,,9.244,11.075
21-Apr-23,9.529,10.567,9.64,10.452,10.575,9.798,10.365,9.203,9.907,10.704,9.806,9.528,10.244,10.771,10.425,11.336,9.528,10.244,10.627,9.897,9.608,10.484,10.531,9.905,9.68,10.58,10.862,11.075,,,,,9.279,11.125
22-Apr-23,9.529,10.567,9.64,10.452,10.575,9.798,10.365,9.203,9.907,10.704,9.806,9.528,10.244,10.771,10.425,11.336,9.528,10.244,10.627,9.897,9.608,10.484,10.531,9.905,9.68,10.58,10.862,11.075,,,,,9.279,11.125
23-Apr-23,9.529,10.567,9.64,10.452,10.575,9.798,10.365,9.203,9.907,10.704,9.806,9.528,10.244,10.771,10.425,11.336,9.528,10.244,10.627,9.897,9.608,10.484,10.531,9.905,9.68,10.58,10.862,11.075,,,,,9.279,11.125
24-Apr-23,9.579,10.627,9.69,10.502,10.635,9.848,10.425,9.253,9.957,10.764,9.856,9.578,10.304,10.831,10.485,11.396,9.578,10.304,10.687,9.962,9.658,10.544,10.606,9.97,9.73,10.64,10.937,11.14,,,,,9.329,11.185
25-Apr-23,9.579,10.627,9.69,10.502,10.635,9.848,10.425,9.253,9.957,10.764,9.856,9.578,10.304,10.831,10.485,11.396,9.578,10.304,10.687,9.962,9.658,10.544,10.606,9.97,9.73,10.64,10.937,11.14,,,,,9.329,11.185
26-Apr-23,9.559,10.652,9.67,10.482,10.66,9.828,10.45,9.233,9.937,10.789,9.836,9.558,10.329,10.856,10.51,11.421,9.558,10.329,10.712,9.972,9.638,10.569,10.641,9.98,9.71,10.665,10.972,11.15,,,,,9.309,11.21
27-Apr-23,9.499,10.59,9.61,10.422,10.598,9.768,10.388,9.173,9.877,10.727,9.776,9.498,10.267,10.794,10.448,11.359,9.498,10.267,10.65,9.909,9.578,10.507,10.592,9.917,9.65,10.603,10.923,11.087,,,,,9.249,11.148
28-Apr-23,9.544,10.627,9.655,10.467,10.635,9.813,10.425,9.218,9.922,10.764,9.821,9.543,10.304,10.831,10.485,11.396,9.543,10.304,10.687,9.957,9.623,10.544,10.621,9.965,9.695,10.64,10.952,11.135,,,,,9.294,11.185
29-Apr-23,9.544,10.627,9.655,10.467,10.635,9.813,10.425,9.218,9.922,10.764,9.821,9.543,10.304,10.831,10.485,11.396,9.543,10.304,10.687,9.957,9.623,10.544,10.621,9.965,9.695,10.64,10.952,11.135,,,,,9.294,11.185
30-Apr-23,9.544,10.627,9.655,10.467,10.635,9.813,10.425,9.218,9.922,10.764,9.821,9.543,10.304,10.831,10.485,11.396,9.543,10.304,10.687,9.957,9.623,10.544,10.621,9.965,9.695,10.64,10.952,11.135,,,,,9.294,11.185
1-May-23,9.544,10.627,9.655,10.467,10.635,9.813,10.425,9.218,9.922,10.764,9.821,9.543,10.304,10.831,10.485,11.396,9.543,10.304,10.687,9.957,9.623,10.544,10.621,9.965,9.695,10.64,10.952,11.135,,,,,9.294,11.185
2-May-23,9.589,10.642,9.7,10.512,10.65,9.858,10.44,9.263,9.967,10.779,9.866,9.588,10.319,10.846,10.5,11.411,9.588,10.319,10.702,9.967,9.668,10.559,10.636,9.975,9.74,10.655,10.967,11.145,,,,,9.339,11.2
3-May-23,9.514,10.572,9.625,10.437,10.58,9.783,10.37,9.188,9.892,10.709,9.791,9.513,10.249,10.776,10.43,11.341,9.513,10.249,10.632,9.927,9.593,10.489,10.551,9.935,9.665,10.585,10.882,11.105,,,,,9.264,11.13
4-May-23,9.454,10.537,9.565,10.377,10.545,9.723,10.335,9.128,9.832,10.674,9.731,9.453,10.214,10.741,10.395,11.306,9.453,10.214,10.597,9.957,9.533,10.454,10.516,10.135,9.605,10.55,10.847,11.135,,,,,9.204,11.095
5-May-23,9.469,10.577,9.58,10.392,10.585,9.738,10.375,9.143,9.847,10.714,9.746,9.468,10.254,10.781,10.435,11.346,9.468,10.254,10.637,9.957,9.548,10.494,10.576,10.235,9.62,10.59,10.907,11.135,,,,,9.219,11.135
6-May-23,9.469,10.577,9.58,10.392,10.585,9.738,10.375,9.143,9.847,10.714,9.746,9.468,10.254,10.781,10.435,11.346,9.468,10.254,10.637,9.957,9.548,10.494,10.576,10.235,9.62,10.59,10.907,11.135,,,,,9.219,11.135
7-May-23,9.469,10.577,9.58,10.392,10.585,9.738,10.375,9.143,9.847,10.714,9.746,9.468,10.254,10.781,10.435,11.346,9.468,10.254,10.637,9.957,9.548,10.494,10.576,10.235,9.62,10.59,10.907,11.135,,,,,9.219,11.135
8-May-23,9.484,10.507,9.595,10.407,10.515,9.753,10.305,9.158,9.862,10.744,9.761,9.483,10.184,10.811,10.365,11.176,9.483,10.184,10.667,10.037,9.563,10.524,10.596,10.515,9.635,10.62,10.927,11.215,,,,,9.234,11.057
9-May-23,9.609,10.662,9.72,10.532,10.67,9.878,10.46,9.283,9.987,10.899,9.886,9.608,10.339,10.966,10.52,11.231,9.608,10.339,10.822,10.197,9.688,10.679,10.771,10.725,9.76,10.775,11.102,11.375,,,,,9.359,11.22
10-May-23,9.899,10.917,10.01,10.822,10.925,10.168,10.715,9.573,10.277,11.154,10.176,9.898,10.594,11.221,10.775,11.486,9.898,10.594,11.077,10.392,9.978,10.934,11.011,10.92,10.05,11.03,11.342,11.57,,,,,9.649,11.475
11-May-23,10.369,11.207,10.48,11.292,11.215,10.638,11.005,10.043,10.747,11.444,10.646,10.368,10.884,11.511,11.065,11.776,10.368,10.884,11.367,10.577,10.448,11.224,11.276,11.105,10.52,11.32,11.607,11.755,,,,,10.119,11.765
12-May-23,10.414,11.287,10.525,11.337,11.295,10.683,11.085,10.088,10.792,11.524,10.691,10.413,10.964,11.591,11.145,11.856,10.413,10.964,11.447,10.537,10.493,11.304,11.361,11.065,10.565,11.4,11.692,11.715,,,,,10.164,11.845
13-May-23,10.414,11.287,10.525,11.337,11.295,10.683,11.085,10.088,10.792,11.524,10.691,10.413,10.964,11.591,11.145,11.856,10.413,10.964,11.447,10.537,10.493,11.304,11.361,11.065,10.565,11.4,11.692,11.715,,,,,10.164,11.845
14-May-23,10.414,11.287,10.525,11.337,11.295,10.683,11.085,10.088,10.792,11.524,10.691,10.413,10.964,11.591,11.145,11.856,10.413,10.964,11.447,10.537,10.493,11.304,11.361,11.065,10.565,11.4,11.692,11.715,,,,,10.164,11.845
15-May-23,10.129,11.082,10.24,11.052,11.09,10.398,10.88,9.803,10.507,11.319,10.406,10.128,10.759,11.386,10.94,11.651,10.128,10.759,11.242,10.477,10.208,11.099,11.161,11.005,10.28,11.195,11.492,11.655,,,,,9.879,11.64
16-May-23,10.139,11.102,10.25,11.062,11.11,10.408,10.9,9.813,10.517,11.339,10.416,10.138,10.779,11.406,10.96,11.671,10.138,10.779,11.262,10.472,10.218,11.119,11.176,11,10.29,11.215,11.507,11.65,,,,,9.889,11.66
17-May-23,10.514,11.402,10.625,11.437,11.41,10.783,11.2,10.188,10.892,11.639,10.791,10.513,11.079,11.706,11.26,11.971,10.513,11.079,11.562,10.702,10.593,11.419,11.456,11.23,10.665,11.515,11.787,11.88,,,,,10.264,11.96
18-May-23,10.514,11.402,10.625,11.437,11.41,10.783,11.2,10.188,10.892,11.639,10.791,10.513,11.079,11.706,11.26,11.971,10.513,11.079,11.562,10.702,10.593,11.419,11.456,11.23,10.665,11.515,11.787,11.88,,,,,10.264,11.96
19-May-23,10.754,11.612,10.865,11.677,11.62,11.023,11.41,10.428,11.132,11.849,11.031,10.753,11.289,11.916,11.47,12.181,10.753,11.289,11.772,10.917,10.833,11.629,11.646,11.445,10.905,11.725,11.977,12.095,,,,,10.504,12.17
20-May-23,10.754,11.612,10.865,11.677,11.62,11.023,11.41,10.428,11.132,11.849,11.031,10.753,11.289,11.916,11.47,12.181,10.753,11.289,11.772,10.917,10.833,11.629,11.646,11.445,10.905,11.725,11.977,12.095,,,,,10.504,12.17
21-May-23,10.754,11.612,10.865,11.677,11.62,11.023,11.41,10.428,11.132,11.849,11.031,10.753,11.289,11.916,11.47,12.181,10.753,11.289,11.772,10.917,10.833,11.629,11.646,11.445,10.905,11.725,11.977,12.095,,,,,10.504,12.17
22-May-23,10.694,11.597,10.805,11.617,11.605,10.963,11.395,10.368,11.072,11.834,10.971,10.693,11.274,11.901,11.455,12.166,10.693,11.274,11.757,10.932,10.773,11.614,11.636,11.46,10.845,11.71,11.967,12.11,,,,,10.444,12.155
23-May-23,10.659,11.592,10.77,11.582,11.6,10.928,11.39,10.333,11.037,11.829,10.936,10.658,11.269,11.896,11.45,12.161,10.658,11.269,11.752,10.962,10.738,11.609,11.646,11.49,10.81,11.705,11.977,12.14,,,,,10.409,12.15
24-May-23,10.454,11.392,10.565,11.377,11.4,10.723,11.19,10.128,10.832,11.629,10.731,10.453,11.069,11.696,11.25,11.961,10.453,11.069,11.552,10.857,10.533,11.409,11.441,11.385,10.605,11.505,11.772,12.035,,,,,10.204,11.95
25-May-23,10.434,11.437,10.545,11.357,11.445,10.703,11.235,10.108,10.812,11.674,10.711,10.433,11.114,11.741,11.295,12.006,10.433,11.114,11.597,10.922,10.513,11.454,11.476,11.45,10.585,11.55,11.807,12.1,,,,,10.184,11.995
26-May-23,10.393,11.002,10.525,11.337,11.01,10.683,10.8,10.088,10.792,11.239,10.691,10.413,10.679,11.306,10.86,11.471,10.413,10.679,11.162,11.627,10.513,11.019,11.711,11.655,10.585,11.115,12.042,12.305,,,,,10.143,11.56
27-May-23,10.393,11.002,10.525,11.337,11.01,10.683,10.8,10.088,10.792,11.239,10.691,10.413,10.679,11.306,10.86,11.471,10.413,10.679,11.162,11.627,10.513,11.019,11.711,11.655,10.585,11.115,12.042,12.305,,,,,10.143,11.56
28-May-23,10.393,11.002,10.525,11.337,11.01,10.683,10.8,10.088,10.792,11.239,10.691,10.413,10.679,11.306,10.86,11.471,10.413,10.679,11.162,11.627,10.513,11.019,11.711,11.655,10.585,11.115,12.042,12.305,,,,,10.143,11.56
29-May-23,10.418,11.007,10.55,11.362,11.015,10.708,10.805,10.113,10.817,11.244,10.716,10.438,10.684,11.311,10.865,11.476,10.438,10.684,11.167,11.627,10.538,11.024,11.716,11.655,10.61,11.12,12.047,12.305,,,,,10.168,11.565
30-May-23,10.613,11.202,10.745,11.557,11.21,10.903,11,10.308,11.012,11.439,10.911,10.633,10.879,11.506,11.06,11.671,10.633,10.879,11.362,11.777,10.733,11.219,11.911,11.805,10.805,11.315,12.242,12.455,,,,,10.363,11.76
31-May-23,10.588,11.187,10.72,11.532,11.195,10.878,10.985,10.283,10.987,11.424,10.886,10.608,10.864,11.491,11.045,11.656,10.608,10.864,11.347,11.752,10.708,11.204,11.896,11.78,10.78,11.3,12.227,12.43,,,,,10.338,11.745
1-Jun-23,10.458,11.127,10.59,11.402,11.135,10.748,10.925,10.153,10.857,11.364,10.756,10.478,10.804,11.431,10.985,11.596,10.478,10.804,11.287,11.687,10.578,11.144,11.821,11.715,10.65,11.24,12.152,12.365,,,,,10.208,11.685
2-Jun-23,10.443,11.132,10.575,11.387,11.14,10.733,10.93,10.138,10.842,11.369,10.741,10.463,10.809,11.436,10.99,11.601,10.463,10.809,11.292,11.672,10.563,11.149,11.806,11.7,10.635,11.245,12.137,12.35,,,,,10.193,11.69
3-Jun-23,10.443,11.132,10.575,11.387,11.14,10.733,10.93,10.138,10.842,11.369,10.741,10.463,10.809,11.436,10.99,11.601,10.463,10.809,11.292,11.672,10.563,11.149,11.806,11.7,10.635,11.245,12.137,12.35,,,,,10.193,11.69
4-Jun-23,10.443,11.132,10.575,11.387,11.14,10.733,10.93,10.138,10.842,11.369,10.741,10.463,10.809,11.436,10.99,11.601,10.463,10.809,11.292,11.672,10.563,11.149,11.806,11.7,10.635,11.245,12.137,12.35,,,,,10.193,11.69
5-Jun-23,10.308,11.007,10.44,11.252,11.015,10.598,10.805,10.003,10.707,11.244,10.606,10.328,10.684,11.311,10.865,11.476,10.328,10.684,11.167,11.552,10.428,11.024,11.691,11.58,10.5,11.12,12.022,12.23,,,,,10.058,11.565
6-Jun-23,10.178,10.852,10.31,11.122,10.86,10.468,10.65,9.873,10.577,11.089,10.476,10.198,10.529,11.156,10.71,11.321,10.198,10.529,11.012,11.402,10.298,10.869,11.516,11.43,10.37,10.965,11.847,12.08,,,,,9.928,11.41
7-Jun-23,10.228,10.817,10.36,11.172,10.825,10.518,10.615,9.923,10.627,11.054,10.526,10.248,10.494,11.121,10.675,11.286,10.248,10.494,10.977,11.337,10.348,10.834,11.481,11.365,10.42,10.93,11.812,12.015,10.649,10.603,12.25,12.4,9.978,11.375
8-Jun-23,10.203,10.717,10.335,11.147,10.725,10.493,10.515,9.898,10.602,10.954,10.501,10.223,10.394,11.021,10.575,11.186,10.223,10.394,10.877,11.252,10.323,10.734,11.376,11.28,10.395,10.83,11.707,11.93,10.624,10.503,12.145,12.315,9.953,11.275
9-Jun-23,10.193,10.707,10.325,11.137,10.715,10.483,10.505,9.888,10.592,10.944,10.491,10.213,10.384,11.011,10.565,11.176,10.213,10.384,10.867,11.247,10.313,10.724,11.361,11.275,10.385,10.82,11.692,11.925,10.614,10.493,12.13,12.31,9.943,11.265
10-Jun-23,10.193,10.707,10.325,11.137,10.715,10.483,10.505,9.888,10.592,10.944,10.491,10.213,10.384,11.011,10.565,11.176,10.213,10.384,10.867,11.247,10.313,10.724,11.361,11.275,10.385,10.82,11.692,11.925,10.614,10.493,12.13,12.31,9.943,11.265
11-Jun-23,10.193,10.707,10.325,11.137,10.715,10.483,10.505,9.888,10.592,10.944,10.491,10.213,10.384,11.011,10.565,11.176,10.213,10.384,10.867,11.247,10.313,10.724,11.361,11.275,10.385,10.82,11.692,11.925,10.614,10.493,12.13,12.31,9.943,11.265
12-Jun-23,10.133,10.652,10.265,11.077,10.66,10.423,10.45,9.828,10.532,10.889,10.431,10.153,10.329,10.956,10.51,11.121,10.153,10.329,10.812,11.192,10.253,10.669,11.306,11.22,10.325,10.765,11.637,11.87,10.554,10.438,12.075,12.255,9.883,11.21
13-Jun-23,10.123,10.602,10.255,11.067,10.61,10.413,10.4,9.818,10.522,10.839,10.421,10.143,10.279,10.906,10.46,11.071,10.143,10.279,10.762,11.142,10.243,10.619,11.261,11.17,10.315,10.715,11.592,11.82,10.544,10.388,12.03,12.205,9.873,11.16
14-Jun-23,10.113,10.592,10.245,11.057,10.6,10.403,10.39,9.808,10.512,10.829,10.411,10.133,10.269,10.896,10.45,11.061,10.133,10.269,10.752,11.122,10.233,10.609,11.251,11.15,10.305,10.705,11.582,11.8,10.534,10.378,12.02,12.185,9.863,11.15
15-Jun-23,10.148,10.627,10.28,11.092,10.635,10.438,10.425,9.843,10.547,10.864,10.446,10.168,10.304,10.931,10.485,11.096,10.168,10.304,10.787,11.152,10.268,10.644,11.281,11.18,10.34,10.74,11.612,11.83,10.569,10.413,12.05,12.215,9.898,11.185
16-Jun-23,10.158,10.678,10.29,11.102,10.686,10.448,10.476,9.853,10.557,10.915,10.456,10.178,10.355,10.982,10.536,11.147,10.178,10.355,10.838,11.172,10.278,10.695,11.319,11.2,10.35,10.791,11.65,11.85,10.579,10.464,12.088,12.235,9.908,11.236
17-Jun-23,10.158,10.678,10.29,11.102,10.686,10.448,10.476,9.853,10.557,10.915,10.456,10.178,10.355,10.982,10.536,11.147,10.178,10.355,10.838,11.172,10.278,10.695,11.319,11.2,10.35,10.791,11.65,11.85,10.579,10.464,12.088,12.235,9.908,11.236
18-Jun-23,10.158,10.678,10.29,11.102,10.686,10.448,10.476,9.853,10.557,10.915,10.456,10.178,10.355,10.982,10.536,11.147,10.178,10.355,10.838,11.172,10.278,10.695,11.319,11.2,10.35,10.791,11.65,11.85,10.579,10.464,12.088,12.235,9.908,11.236
19-Jun-23,10.198,10.667,10.33,11.142,10.675,10.488,10.465,9.893,10.597,10.904,10.496,10.218,10.344,10.971,10.525,11.136,10.218,10.344,10.827,11.172,10.318,10.684,11.321,11.2,10.39,10.78,11.652,11.85,10.619,10.453,12.09,12.235,9.948,11.225
20-Jun-23,10.208,10.712,10.34,11.152,10.72,10.498,10.51,9.903,10.607,10.949,10.506,10.228,10.389,11.016,10.57,11.181,10.228,10.389,10.872,11.252,10.328,10.729,11.361,11.28,10.4,10.825,11.692,11.93,10.629,10.498,12.13,12.315,9.958,11.27
21-Jun-23,10.048,10.607,10.18,10.992,10.615,10.338,10.405,9.743,10.447,10.844,10.346,10.068,10.284,10.911,10.465,11.076,10.068,10.284,10.767,11.212,10.168,10.624,11.276,11.24,10.24,10.72,11.607,11.89,10.469,10.393,12.045,12.275,9.798,11.165
22-Jun-23,10.043,10.577,10.175,10.987,10.585,10.333,10.375,9.738,10.442,10.814,10.341,10.063,10.254,10.881,10.435,11.046,10.063,10.254,10.737,11.222,10.163,10.594,11.261,11.25,10.235,10.69,11.592,11.9,10.464,10.363,12.03,12.285,9.793,11.135
23-Jun-23,10.028,10.562,10.16,10.972,10.57,10.318,10.36,9.723,10.427,10.799,10.326,10.048,10.239,10.866,10.42,11.031,10.048,10.239,10.722,11.222,10.148,10.579,11.251,11.25,10.22,10.675,11.582,11.9,10.449,10.348,12.02,12.285,9.778,11.12
24-Jun-23,10.028,10.562,10.16,10.972,10.57,10.318,10.36,9.723,10.427,10.799,10.326,10.048,10.239,10.866,10.42,11.031,10.048,10.239,10.722,11.222,10.148,10.579,11.251,11.25,10.22,10.675,11.582,11.9,10.449,10.348,12.02,12.285,9.778,11.12
25-Jun-23,10.028,10.562,10.16,10.972,10.57,10.318,10.36,9.723,10.427,10.799,10.326,10.048,10.239,10.866,10.42,11.031,10.048,10.239,10.722,11.222,10.148,10.579,11.251,11.25,10.22,10.675,11.582,11.9,10.449,10.348,12.02,12.285,9.778,11.12
26-Jun-23,9.948,10.492,10.08,10.892,10.5,10.238,10.29,9.643,10.347,10.729,10.246,9.968,10.169,10.796,10.35,10.961,9.968,10.169,10.652,11.147,10.068,10.509,11.186,11.175,10.14,10.605,11.517,11.825,10.369,10.278,11.955,12.21,9.698,11.05
27-Jun-23,9.858,10.407,9.99,10.802,10.415,10.148,10.205,9.553,10.257,10.644,10.156,9.878,10.084,10.711,10.265,10.876,9.878,10.084,10.567,11.082,9.978,10.424,11.126,11.11,10.05,10.52,11.457,11.76,10.279,10.193,11.895,12.145,9.608,10.965
28-Jun-23,9.788,10.367,9.92,10.732,10.375,10.078,10.165,9.483,10.187,10.604,10.086,9.808,10.044,10.671,10.225,10.836,9.808,10.044,10.527,11.042,9.908,10.384,11.086,11.07,9.98,10.48,11.417,11.72,10.209,10.153,11.855,12.105,9.538,10.925
29-Jun-23,9.828,10.382,9.96,10.772,10.39,10.118,10.18,9.523,10.227,10.619,10.126,9.848,10.059,10.686,10.24,10.851,9.848,10.059,10.542,11.097,9.948,10.399,11.126,11.125,10.02,10.495,11.457,11.775,10.249,10.168,11.895,12.16,9.578,10.94
30-Jun-23,9.878,10.397,10.01,10.822,10.405,10.168,10.195,9.573,10.277,10.634,10.176,9.898,10.074,10.701,10.255,10.866,9.898,10.074,10.557,11.087,9.998,10.414,11.111,11.115,10.07,10.51,11.442,11.765,10.299,10.183,11.88,12.15,9.628,10.955
1-Jul-23,9.878,10.397,10.01,10.822,10.405,10.168,10.195,9.573,10.277,10.634,10.176,9.898,10.074,10.701,10.255,10.866,9.898,10.074,10.557,11.087,9.998,10.414,11.111,11.115,10.07,10.51,11.442,11.765,10.299,10.183,11.88,12.15,9.628,10.955
2-Jul-23,9.878,10.397,10.01,10.822,10.405,10.168,10.195,9.573,10.277,10.634,10.176,9.898,10.074,10.701,10.255,10.866,9.898,10.074,10.557,11.087,9.998,10.414,11.111,11.115,10.07,10.51,11.442,11.765,10.299,10.183,11.88,12.15,9.628,10.955
3-Jul-23,9.868,10.397,10,10.812,10.405,10.158,10.195,9.563,10.267,10.634,10.166,9.888,10.074,10.701,10.255,10.866,9.888,10.074,10.557,11.087,9.988,10.414,11.121,11.115,10.06,10.51,11.452,11.765,10.289,10.183,11.89,12.15,9.618,10.955
4-Jul-23,9.923,10.427,10.055,10.867,10.435,10.213,10.225,9.618,10.322,10.664,10.221,9.943,10.104,10.731,10.285,10.896,9.943,10.104,10.587,11.057,10.043,10.444,11.151,11.085,10.115,10.54,11.482,11.735,10.344,10.213,11.92,12.12,9.673,10.985
5-Jul-23,9.863,10.402,9.995,10.807,10.41,10.153,10.2,9.558,10.262,10.639,10.161,9.883,10.079,10.706,10.26,10.871,9.883,10.079,10.562,11.122,9.983,10.419,11.136,11.15,10.055,10.515,11.467,11.8,10.284,10.188,11.905,12.185,9.613,10.96
6-Jul-23,10.028,10.587,10.16,10.972,10.595,10.318,10.385,9.723,10.427,10.824,10.326,10.048,10.264,10.891,10.445,11.056,10.048,10.264,10.747,11.327,10.148,10.604,11.331,11.355,10.22,10.7,11.662,12.005,10.449,10.373,12.1,12.39,9.778,11.145
7-Jul-23,10.093,10.657,10.225,11.037,10.665,10.383,10.455,9.788,10.492,10.894,10.391,10.113,10.334,10.961,10.515,11.126,10.113,10.334,10.817,11.397,10.213,10.674,11.396,11.425,10.285,10.77,11.727,12.075,10.514,10.443,12.165,12.46,9.843,11.215
8-Jul-23,10.093,10.657,10.225,11.037,10.665,10.383,10.455,9.788,10.492,10.894,10.391,10.113,10.334,10.961,10.515,11.126,10.113,10.334,10.817,11.397,10.213,10.674,11.396,11.425,10.285,10.77,11.727,12.075,10.514,10.443,12.165,12.46,9.843,11.215
9-Jul-23,10.093,10.657,10.225,11.037,10.665,10.383,10.455,9.788,10.492,10.894,10.391,10.113,10.334,10.961,10.515,11.126,10.113,10.334,10.817,11.397,10.213,10.674,11.396,11.425,10.285,10.77,11.727,12.075,10.514,10.443,12.165,12.46,9.843,11.215
10-Jul-23,10.108,10.692,10.24,11.052,10.7,10.398,10.49,9.803,10.507,10.929,10.406,10.128,10.369,10.996,10.55,11.161,10.128,10.369,10.852,11.432,10.228,10.709,11.436,11.46,10.3,10.805,11.767,12.11,10.529,10.478,12.205,12.495,9.858,11.25
11-Jul-23,10.058,10.612,10.19,11.002,10.62,10.348,10.41,9.753,10.457,10.849,10.356,10.078,10.289,10.916,10.47,11.081,10.078,10.289,10.772,11.337,10.178,10.629,11.356,11.365,10.25,10.725,11.687,12.015,10.479,10.398,12.125,12.4,9.808,11.17
12-Jul-23,9.888,10.347,10.02,10.832,10.355,10.178,10.145,9.583,10.287,10.584,10.186,9.908,10.024,10.651,10.205,10.816,9.908,10.024,10.507,11.107,10.008,10.364,11.091,11.135,10.08,10.46,11.422,11.785,10.309,10.133,11.86,12.17,9.638,10.905
13-Jul-23,9.838,10.287,9.97,10.782,10.295,10.128,10.085,9.533,10.237,10.524,10.136,9.858,9.964,10.591,10.145,10.756,9.858,9.964,10.447,10.987,9.958,10.304,11.006,11.015,10.03,10.4,11.337,11.665,10.259,10.073,11.775,12.05,9.588,10.845
14-Jul-23,9.913,10.362,10.045,10.857,10.37,10.203,10.16,9.608,10.312,10.599,10.211,9.933,10.039,10.666,10.22,10.831,9.933,10.039,10.522,11.102,10.033,10.379,11.091,11.13,10.105,10.475,11.422,11.78,10.334,10.148,11.86,12.165,9.663,10.92
15-Jul-23,9.913,10.362,10.045,10.857,10.37,10.203,10.16,9.608,10.312,10.599,10.211,9.933,10.039,10.666,10.22,10.831,9.933,10.039,10.522,11.102,10.033,10.379,11.091,11.13,10.105,10.475,11.422,11.78,10.334,10.148,11.86,12.165,9.663,10.92
16-Jul-23,9.913,10.362,10.045,10.857,10.37,10.203,10.16,9.608,10.312,10.599,10.211,9.933,10.039,10.666,10.22,10.831,9.933,10.039,10.522,11.102,10.033,10.379,11.091,11.13,10.105,10.475,11.422,11.78,10.334,10.148,11.86,12.165,9.663,10.92
17-Jul-23,9.843,10.332,9.975,10.787,10.34,10.133,10.13,9.538,10.242,10.569,10.141,9.863,10.009,10.636,10.19,10.801,9.863,10.009,10.492,11.072,9.963,10.349,11.066,11.1,10.035,10.445,11.397,11.75,10.264,10.118,11.835,12.135,9.593,10.89
18-Jul-23,9.683,10.212,9.815,10.627,10.22,9.973,10.01,9.378,10.082,10.449,9.981,9.703,9.889,10.516,10.07,10.681,9.703,9.889,10.372,10.952,9.803,10.229,10.921,10.98,9.875,10.325,11.252,11.63,10.104,9.998,11.69,12.015,9.433,10.77
19-Jul-23,9.678,10.192,9.81,10.622,10.2,9.968,9.99,9.373,10.077,10.429,9.976,9.698,9.869,10.496,10.05,10.661,9.698,9.869,10.352,10.947,9.798,10.209,10.911,10.975,9.87,10.305,11.242,11.625,10.099,9.978,11.68,12.01,9.428,10.75
20-Jul-23,9.703,10.242,9.835,10.647,10.25,9.993,10.04,9.398,10.102,10.479,10.001,9.723,9.919,10.546,10.1,10.711,9.723,9.919,10.402,10.992,9.823,10.259,10.971,11.02,9.895,10.355,11.302,11.67,10.124,10.028,11.74,12.055,9.453,10.8
21-Jul-23,9.693,10.222,9.825,10.637,10.23,9.983,10.02,9.388,10.092,10.459,9.991,9.713,9.899,10.526,10.08,10.691,9.713,9.899,10.382,10.962,9.813,10.239,10.961,10.99,9.885,10.335,11.292,11.64,10.114,10.008,11.73,12.025,9.443,10.78
22-Jul-23,9.693,10.222,9.825,10.637,10.23,9.983,10.02,9.388,10.092,10.459,9.991,9.713,9.899,10.526,10.08,10.691,9.713,9.899,10.382,10.962,9.813,10.239,10.961,10.99,9.885,10.335,11.292,11.64,10.114,10.008,11.73,12.025,9.443,10.78
23-Jul-23,9.693,10.222,9.825,10.637,10.23,9.983,10.02,9.388,10.092,10.459,9.991,9.713,9.899,10.526,10.08,10.691,9.713,9.899,10.382,10.962,9.813,10.239,10.961,10.99,9.885,10.335,11.292,11.64,10.114,10.008,11.73,12.025,9.443,10.78
24-Jul-23,9.613,10.147,9.745,10.557,10.155,9.903,9.945,9.308,10.012,10.384,9.911,9.633,9.824,10.451,10.005,10.616,9.633,9.824,10.307,10.877,9.733,10.164,10.881,10.905,9.805,10.26,11.212,11.555,10.034,9.933,11.65,11.94,9.363,10.705
25-Jul-23,9.623,10.172,9.755,10.567,10.18,9.913,9.97,9.318,10.022,10.409,9.921,9.643,9.849,10.476,10.03,10.641,9.643,9.849,10.332,10.897,9.743,10.189,10.906,10.925,9.815,10.285,11.237,11.575,10.044,9.958,11.675,11.96,9.373,10.73
26-Jul-23,9.618,10.142,9.75,10.562,10.15,9.908,9.94,9.313,10.017,10.379,9.916,9.638,9.819,10.446,10,10.611,9.638,9.819,10.302,10.887,9.738,10.159,10.876,10.915,9.81,10.255,11.207,11.565,10.039,9.928,11.645,11.95,9.368,10.7
27-Jul-23,9.598,10.102,9.73,10.542,10.11,9.888,9.9,9.293,9.997,10.339,9.896,9.618,9.779,10.406,9.96,10.571,9.618,9.779,10.262,10.842,9.718,10.119,10.841,10.87,9.79,10.215,11.172,11.52,10.019,9.888,11.61,11.905,9.348,10.66
28-Jul-23,9.573,10.072,9.705,10.517,10.08,9.863,9.87,9.268,9.972,10.309,9.871,9.593,9.749,10.376,9.93,10.541,9.593,9.749,10.232,10.817,9.693,10.089,10.811,10.845,9.765,10.185,11.142,11.495,9.994,9.858,11.58,11.88,9.323,10.63
29-Jul-23,9.573,10.072,9.705,10.517,10.08,9.863,9.87,9.268,9.972,10.309,9.871,9.593,9.749,10.376,9.93,10.541,9.593,9.749,10.232,10.817,9.693,10.089,10.811,10.845,9.765,10.185,11.142,11.495,9.994,9.858,11.58,11.88,9.323,10.63
30-Jul-23,9.573,10.072,9.705,10.517,10.08,9.863,9.87,9.268,9.972,10.309,9.871,9.593,9.749,10.376,9.93,10.541,9.593,9.749,10.232,10.817,9.693,10.089,10.811,10.845,9.765,10.185,11.142,11.495,9.994,9.858,11.58,11.88,9.323,10.63
31-Jul-23,9.613,10.097,9.745,10.557,10.105,9.903,9.895,9.308,10.012,10.334,9.911,9.633,9.774,10.401,9.955,10.566,9.633,9.774,10.257,10.847,9.733,10.114,10.846,10.875,9.805,10.21,11.177,11.525,10.034,9.883,11.615,11.91,9.363,10.655
1-Aug-23,9.708,10.202,9.84,10.652,10.21,9.998,10,9.403,10.107,10.439,10.006,9.728,9.879,10.506,10.06,10.671,9.728,9.879,10.362,10.912,9.828,10.219,10.926,10.94,9.9,10.315,11.257,11.59,10.129,9.988,11.695,11.975,9.458,10.76
2-Aug-23,9.768,10.257,9.9,10.712,10.265,10.058,10.055,9.463,10.167,10.494,10.066,9.788,9.934,10.561,10.115,10.726,9.788,9.934,10.417,11.017,9.888,10.274,10.991,11.045,9.96,10.37,11.322,11.695,10.189,10.043,11.76,12.08,9.518,10.815
3-Aug-23,9.828,10.327,9.96,10.772,10.335,10.118,10.125,9.523,10.227,10.564,10.126,9.848,10.004,10.631,10.185,10.796,9.848,10.004,10.487,11.077,9.948,10.344,11.071,11.105,10.02,10.44,11.402,11.755,10.249,10.113,11.84,12.14,9.578,10.885
4-Aug-23,9.668,10.157,9.8,10.612,10.165,9.958,9.955,9.363,10.067,10.394,9.966,9.688,9.834,10.461,10.015,10.626,9.688,9.834,10.317,10.922,9.788,10.174,10.911,10.95,9.86,10.27,11.242,11.6,10.089,9.943,11.68,11.985,9.418,10.715
5-Aug-23,9.668,10.157,9.8,10.612,10.165,9.958,9.955,9.363,10.067,10.394,9.966,9.688,9.834,10.461,10.015,10.626,9.688,9.834,10.317,10.922,9.788,10.174,10.911,10.95,9.86,10.27,11.242,11.6,10.089,9.943,11.68,11.985,9.418,10.715
6-Aug-23,9.668,10.157,9.8,10.612,10.165,9.958,9.955,9.363,10.067,10.394,9.966,9.688,9.834,10.461,10.015,10.626,9.688,9.834,10.317,10.922,9.788,10.174,10.911,10.95,9.86,10.27,11.242,11.6,10.089,9.943,11.68,11.985,9.418,10.715
7-Aug-23,9.633,10.132,9.765,10.577,10.14,9.923,9.93,9.328,10.032,10.369,9.931,9.653,9.809,10.436,9.99,10.601,9.653,9.809,10.292,10.967,9.753,10.149,10.921,10.995,9.825,10.245,11.252,11.645,10.054,9.918,11.69,12.03,9.383,10.69
8-Aug-23,9.558,10.102,9.69,10.502,10.11,9.848,9.9,9.253,9.957,10.339,9.856,9.578,9.779,10.406,9.96,10.571,9.578,9.779,10.262,10.937,9.678,10.119,10.911,10.965,9.75,10.215,11.242,11.615,9.979,9.888,11.68,12,9.308,10.66
9-Aug-23,9.558,10.102,9.69,10.502,10.11,9.848,9.9,9.253,9.957,10.339,9.856,9.578,9.779,10.406,9.96,10.571,9.578,9.779,10.262,10.937,9.678,10.119,10.911,10.965,9.75,10.215,11.242,11.615,9.979,9.888,11.68,12,9.308,10.66
10-Aug-23,9.508,10.007,9.64,10.452,10.015,9.798,9.805,9.203,9.907,10.244,9.806,9.528,9.684,10.311,9.865,10.476,9.528,9.684,10.167,10.877,9.628,10.024,10.831,10.905,9.7,10.12,11.162,11.555,9.929,9.793,11.6,11.94,9.258,10.565
11-Aug-23,9.568,10.052,9.7,10.512,10.06,9.858,9.85,9.263,9.967,10.289,9.866,9.588,9.729,10.356,9.91,10.521,9.588,9.729,10.212,10.962,9.688,10.069,10.896,10.99,9.76,10.165,11.227,11.64,9.989,9.838,11.665,12.025,9.318,10.61
12-Aug-23,9.568,10.052,9.7,10.512,10.06,9.858,9.85,9.263,9.967,10.289,9.866,9.588,9.729,10.356,9.91,10.521,9.588,9.729,10.212,10.962,9.688,10.069,10.896,10.99,9.76,10.165,11.227,11.64,9.989,9.838,11.665,12.025,9.318,10.61
13-Aug-23,9.568,10.052,9.7,10.512,10.06,9.858,9.85,9.263,9.967,10.289,9.866,9.588,9.729,10.356,9.91,10.521,9.588,9.729,10.212,10.962,9.688,10.069,10.896,10.99,9.76,10.165,11.227,11.64,9.989,9.838,11.665,12.025,9.318,10.61
14-Aug-23,9.688,10.217,9.82,10.632,10.225,9.978,10.015,9.383,10.087,10.454,9.986,9.708,9.894,10.521,10.075,10.686,9.708,9.894,10.377,11.132,9.808,10.234,11.061,11.16,9.88,10.33,11.392,11.81,10.109,10.003,11.83,12.195,9.438,10.775
15-Aug-23,9.718,10.242,9.85,10.662,10.25,10.008,10.04,9.413,10.117,10.479,10.016,9.738,9.919,10.546,10.1,10.711,9.738,9.919,10.402,11.192,9.838,10.259,11.116,11.22,9.91,10.355,11.447,11.87,10.139,10.028,11.885,12.255,9.468,10.8
16-Aug-23,9.718,10.232,9.85,10.662,10.24,10.008,10.03,9.413,10.117,10.469,10.016,9.738,9.909,10.536,10.09,10.701,9.738,9.909,10.392,11.092,9.838,10.249,11.076,11.12,9.91,10.345,11.407,11.77,10.139,10.018,11.845,12.155,9.468,10.79
17-Aug-23,9.828,10.307,9.96,10.772,10.315,10.118,10.105,9.523,10.227,10.544,10.126,9.848,9.984,10.611,10.165,10.776,9.848,9.984,10.467,11.202,9.948,10.324,11.151,11.23,10.02,10.42,11.482,11.88,10.249,10.093,11.92,12.265,9.578,10.865
18-Aug-23,9.878,10.357,10.01,10.822,10.365,10.168,10.155,9.573,10.277,10.594,10.176,9.898,10.034,10.661,10.215,10.826,9.898,10.034,10.517,11.252,9.998,10.374,11.226,11.28,10.07,10.47,11.557,11.93,10.299,10.143,11.995,12.315,9.628,10.915
19-Aug-23,9.878,10.357,10.01,10.822,10.365,10.168,10.155,9.573,10.277,10.594,10.176,9.898,10.034,10.661,10.215,10.826,9.898,10.034,10.517,11.252,9.998,10.374,11.226,11.28,10.07,10.47,11.557,11.93,10.299,10.143,11.995,12.315,9.628,10.915
20-Aug-23,9.878,10.357,10.01,10.822,10.365,10.168,10.155,9.573,10.277,10.594,10.176,9.898,10.034,10.661,10.215,10.826,9.898,10.034,10.517,11.252,9.998,10.374,11.226,11.28,10.07,10.47,11.557,11.93,10.299,10.143,11.995,12.315,9.628,10.915
21-Aug-23,9.918,10.422,10.05,10.862,10.43,10.208,10.22,9.613,10.317,10.659,10.216,9.938,10.099,10.726,10.28,10.891,9.938,10.099,10.582,11.337,10.038,10.439,11.281,11.365,10.11,10.535,11.612,12.015,10.339,10.208,12.05,12.4,9.668,10.98
22-Aug-23,9.878,10.362,10.01,10.822,10.37,10.168,10.16,9.573,10.277,10.599,10.176,9.898,10.039,10.666,10.22,10.831,9.898,10.039,10.522,11.257,9.998,10.379,11.221,11.285,10.07,10.475,11.552,11.935,10.299,10.148,11.99,12.32,9.628,10.92
23-Aug-23,9.698,10.177,9.83,10.642,10.185,9.988,9.975,9.393,10.097,10.414,9.996,9.718,9.854,10.481,10.035,10.646,9.718,9.854,10.337,11.072,9.818,10.194,11.036,11.1,9.89,10.29,11.367,11.75,10.119,9.963,11.805,12.135,9.448,10.735
24-Aug-23,9.618,10.087,9.75,10.562,10.095,9.908,9.885,9.313,10.017,10.324,9.916,9.638,9.764,10.391,9.945,10.556,9.638,9.764,10.247,10.977,9.738,10.104,10.936,11.005,9.81,10.2,11.267,11.655,10.039,9.873,11.705,12.04,9.368,10.645
25-Aug-23,9.618,10.097,9.75,10.562,10.105,9.908,9.895,9.313,10.017,10.334,9.916,9.638,9.774,10.401,9.955,10.566,9.638,9.774,10.257,10.997,9.738,10.114,10.956,11.025,9.81,10.21,11.287,11.675,10.039,9.883,11.725,12.06,9.368,10.655
26-Aug-23,9.618,10.097,9.75,10.562,10.105,9.908,9.895,9.313,10.017,10.334,9.916,9.638,9.774,10.401,9.955,10.566,9.638,9.774,10.257,10.997,9.738,10.114,10.956,11.025,9.81,10.21,11.287,11.675,10.039,9.883,11.725,12.06,9.368,10.655
27-Aug-23,9.618,10.097,9.75,10.562,10.105,9.908,9.895,9.313,10.017,10.334,9.916,9.638,9.774,10.401,9.955,10.566,9.638,9.774,10.257,10.997,9.738,10.114,10.956,11.025,9.81,10.21,11.287,11.675,10.039,9.883,11.725,12.06,9.368,10.655
28-Aug-23,9.59,10.397,9.722,10.534,10.205,9.88,10.195,9.285,9.989,10.611,9.888,9.61,10.074,10.678,10.255,10.843,9.61,10.074,10.534,11.037,9.81,10.314,10.834,11.415,10.082,10.61,11.165,11.715,10.4,10.95,11.5,12,9.34,10.755
29-Aug-23,9.555,10.402,9.687,10.499,10.41,9.845,10.2,9.25,9.954,10.626,9.853,9.575,10.079,10.693,10.26,10.858,9.575,10.079,10.549,11.052,9.775,10.319,10.849,11.43,10.047,10.615,11.18,11.73,10.365,10.955,11.515,12.015,9.305,10.96
30-Aug-23,9.56,10.442,9.692,10.504,10.45,9.85,10.24,9.255,9.959,10.666,9.858,9.58,10.119,10.733,10.3,10.898,9.58,10.119,10.589,11.092,9.78,10.359,10.889,11.47,10.052,10.655,11.22,11.77,10.37,10.995,11.555,12.055,9.31,11
31-Aug-23,9.6,10.512,9.732,10.544,10.52,9.89,10.31,9.295,9.999,10.736,9.898,9.62,10.189,10.803,10.37,10.968,9.62,10.189,10.659,11.162,9.82,10.429,10.959,11.54,10.092,10.725,11.29,11.84,10.41,11.065,11.625,12.125,9.35,11.07
1-Sep-23,9.65,10.537,9.782,10.594,10.545,9.94,10.335,9.345,10.049,10.766,9.948,9.67,10.214,10.833,10.395,10.998,9.67,10.214,10.689,11.177,9.87,10.454,10.989,11.555,10.142,10.75,11.32,11.855,10.46,11.09,11.655,12.14,9.4,11.095
2-Sep-23,9.65,10.537,9.782,10.594,10.545,9.94,10.335,9.345,10.049,10.766,9.948,9.67,10.214,10.833,10.395,10.998,9.67,10.214,10.689,11.177,9.87,10.454,10.989,11.555,10.142,10.75,11.32,11.855,10.46,11.09,11.655,12.14,9.4,11.095
3-Sep-23,9.65,10.537,9.782,10.594,10.545,9.94,10.335,9.345,10.049,10.766,9.948,9.67,10.214,10.833,10.395,10.998,9.67,10.214,10.689,11.177,9.87,10.454,10.989,11.555,10.142,10.75,11.32,11.855,10.46,11.09,11.655,12.14,9.4,11.095
4-Sep-23,9.65,10.537,9.782,10.594,10.545,9.94,10.335,9.345,10.049,10.766,9.948,9.67,10.214,10.833,10.395,10.998,9.67,10.214,10.689,11.177,9.87,10.454,10.989,11.555,10.142,10.75,11.32,11.855,10.46,11.09,11.655,12.14,9.4,11.095
5-Sep-23,9.8,10.657,9.932,10.744,10.665,10.09,10.455,9.495,10.199,10.911,10.098,9.82,10.334,10.978,10.515,11.143,9.82,10.334,10.834,11.392,10.02,10.574,11.134,11.77,10.292,10.87,11.465,12.07,10.61,11.21,11.8,12.355,9.55,11.215
6-Sep-23,9.8,10.657,9.932,10.744,10.665,10.09,10.455,9.495,10.199,10.911,10.098,9.82,10.334,10.978,10.515,11.143,9.82,10.334,10.834,11.392,10.02,10.574,11.134,11.77,10.292,10.87,11.465,12.07,10.61,11.21,11.8,12.355,9.55,11.215
7-Sep-23,9.76,10.622,9.892,10.704,10.63,10.05,10.42,9.455,10.159,10.936,10.058,9.78,10.299,11.003,10.48,11.168,9.78,10.299,10.859,11.362,9.98,10.539,11.159,11.74,10.252,10.835,11.49,12.04,10.57,11.175,11.825,12.325,9.51,11.18
8-Sep-23,9.72,10.612,9.852,10.664,10.62,10.01,10.41,9.415,10.119,10.941,10.018,9.74,10.289,11.008,10.47,11.173,9.74,10.289,10.864,11.382,9.94,10.529,11.164,11.76,10.212,10.825,11.495,12.06,10.53,11.165,11.83,12.345,9.47,11.17
9-Sep-23,9.72,10.612,9.852,10.664,10.62,10.01,10.41,9.415,10.119,10.941,10.018,9.74,10.289,11.008,10.47,11.173,9.74,10.289,10.864,11.382,9.94,10.529,11.164,11.76,10.212,10.825,11.495,12.06,10.53,11.165,11.83,12.345,9.47,11.17
10-Sep-23,9.72,10.612,9.852,10.664,10.62,10.01,10.41,9.415,10.119,10.941,10.018,9.74,10.289,11.008,10.47,11.173,9.74,10.289,10.864,11.382,9.94,10.529,11.164,11.76,10.212,10.825,11.495,12.06,10.53,11.165,11.83,12.345,9.47,11.17
11-Sep-23,9.7,10.617,9.832,10.644,10.625,9.99,10.415,9.395,10.099,10.966,9.998,9.72,10.294,11.033,10.475,11.198,9.72,10.294,10.889,11.407,9.92,10.534,11.189,11.785,10.192,10.83,11.52,12.085,10.51,11.17,11.855,12.37,9.45,11.175
12-Sep-23,9.725,10.637,9.857,10.669,10.645,10.015,10.435,9.42,10.124,10.986,10.023,9.745,10.314,11.053,10.495,11.218,9.745,10.314,10.909,11.427,9.945,10.554,11.209,11.805,10.217,10.85,11.54,12.105,10.535,11.19,11.875,12.39,9.475,11.195
13-Sep-23,9.715,10.642,9.847,10.659,10.65,10.005,10.44,9.41,10.114,10.986,10.013,9.735,10.319,11.053,10.5,11.218,9.735,10.319,10.909,11.432,9.935,10.559,11.209,11.81,10.207,10.855,11.54,12.11,10.525,11.195,11.875,12.395,9.465,11.2
14-Sep-23,9.75,10.677,9.882,10.694,10.685,10.04,10.475,9.445,10.149,11.016,10.048,9.77,10.354,11.083,10.535,11.248,9.77,10.354,10.939,11.462,9.97,10.594,11.239,11.84,10.242,10.89,11.57,12.14,10.56,11.23,11.905,12.425,9.5,11.235
15-Sep-23,9.785,10.712,9.917,10.729,10.72,10.075,10.51,9.48,10.184,11.036,10.083,9.805,10.389,11.103,10.57,11.268,9.805,10.389,10.959,11.472,10.005,10.629,11.259,11.85,10.277,10.925,11.59,12.15,10.595,11.265,11.925,12.435,9.535,11.27
16-Sep-23,9.785,10.712,9.917,10.729,10.72,10.075,10.51,9.48,10.184,11.036,10.083,9.805,10.389,11.103,10.57,11.268,9.805,10.389,10.959,11.472,10.005,10.629,11.259,11.85,10.277,10.925,11.59,12.15,10.595,11.265,11.925,12.435,9.535,11.27
17-Sep-23,9.785,10.712,9.917,10.729,10.72,10.075,10.51,9.48,10.184,11.036,10.083,9.805,10.389,11.103,10.57,11.268,9.805,10.389,10.959,11.472,10.005,10.629,11.259,11.85,10.277,10.925,11.59,12.15,10.595,11.265,11.925,12.435,9.535,11.27
18-Sep-23,9.825,10.752,9.957,10.769,10.76,10.115,10.55,9.52,10.224,11.091,10.123,9.845,10.429,11.158,10.61,11.323,9.845,10.429,11.014,11.522,10.045,10.669,11.314,11.9,10.317,10.965,11.645,12.2,10.635,11.305,11.98,12.485,9.575,11.31
19-Sep-23,9.81,10.722,9.942,10.754,10.73,10.1,10.52,9.505,10.209,11.056,10.108,9.83,10.399,11.123,10.58,11.288,9.83,10.399,10.979,11.502,10.03,10.639,11.279,11.88,10.302,10.935,11.61,12.18,10.62,11.275,11.945,12.465,9.56,11.28
20-Sep-23,9.795,10.692,9.927,10.739,10.7,10.085,10.49,9.49,10.194,11.056,10.093,9.815,10.369,11.123,10.55,11.288,9.815,10.369,10.979,11.502,10.015,10.609,11.279,11.88,10.287,10.905,11.61,12.18,10.605,11.245,11.945,12.465,9.545,11.25
21-Sep-23,9.89,10.802,10.022,10.834,10.81,10.18,10.6,9.585,10.289,11.146,10.188,9.91,10.479,11.213,10.66,11.378,9.91,10.479,11.069,11.607,10.11,10.719,11.369,11.985,10.382,11.015,11.7,12.285,10.7,11.355,12.035,12.57,9.64,11.36
22-Sep-23,9.98,10.892,10.112,10.924,10.9,10.27,10.69,9.675,10.379,11.231,10.278,10,10.569,11.298,10.75,11.463,10,10.569,11.154,11.687,10.2,10.809,11.454,12.065,10.472,11.105,11.785,12.365,10.79,11.445,12.12,12.65,9.73,11.45
23-Sep-23,9.98,10.892,10.112,10.924,10.9,10.27,10.69,9.675,10.379,11.231,10.278,10,10.569,11.298,10.75,11.463,10,10.569,11.154,11.687,10.2,10.809,11.454,12.065,10.472,11.105,11.785,12.365,10.79,11.445,12.12,12.65,9.73,11.45
24-Sep-23,9.98,10.892,10.112,10.924,10.9,10.27,10.69,9.675,10.379,11.231,10.278,10,10.569,11.298,10.75,11.463,10,10.569,11.154,11.687,10.2,10.809,11.454,12.065,10.472,11.105,11.785,12.365,10.79,11.445,12.12,12.65,9.73,11.45
25-Sep-23,9.895,10.937,10.027,10.839,10.945,10.185,10.735,9.59,10.294,11.126,10.193,9.915,10.614,11.193,10.795,11.358,9.915,10.614,11.049,11.697,10.115,10.854,11.349,12.075,10.387,11.15,11.68,12.375,10.705,11.49,12.015,12.66,9.645,11.495
26-Sep-23,10.095,11.012,10.227,11.039,11.02,10.385,10.81,9.79,10.494,11.356,10.393,10.115,10.689,11.423,10.87,11.588,10.115,10.689,11.279,11.837,10.315,10.929,11.579,12.215,10.587,11.225,11.91,12.515,10.905,11.565,12.245,12.8,9.845,11.57
27-Sep-23,10.135,11.067,10.267,11.079,11.075,10.425,10.865,9.83,10.534,11.406,10.433,10.155,10.744,11.473,10.925,11.638,10.155,10.744,11.329,11.862,10.355,10.984,11.629,12.24,10.627,11.28,11.96,12.54,10.945,11.62,12.295,12.825,9.885,11.625
28-Sep-23,10.34,11.277,10.472,11.284,11.285,10.63,11.075,10.035,10.739,11.626,10.638,10.36,10.954,11.693,11.135,11.858,10.36,10.954,11.549,12.047,10.56,11.194,11.849,12.425,10.832,11.49,12.18,12.725,11.15,11.83,12.515,13.01,10.09,11.835
29-Sep-23,10.34,11.277,10.472,11.284,11.285,10.63,11.075,10.035,10.739,11.626,10.638,10.36,10.954,11.693,11.135,11.858,10.36,10.954,11.549,12.047,10.56,11.194,11.849,12.425,10.832,11.49,12.18,12.725,11.15,11.83,12.515,13.01,10.09,11.835
30-Sep-23,10.34,11.277,10.472,11.284,11.285,10.63,11.075,10.035,10.739,11.626,10.638,10.36,10.954,11.693,11.135,11.858,10.36,10.954,11.549,12.047,10.56,11.194,11.849,12.425,10.832,11.49,12.18,12.725,11.15,11.83,12.515,13.01,10.09,11.835
1-Oct-23,10.34,11.277,10.472,11.284,11.285,10.63,11.075,10.035,10.739,11.626,10.638,10.36,10.954,11.693,11.135,11.858,10.36,10.954,11.549,12.047,10.56,11.194,11.849,12.425,10.832,11.49,12.18,12.725,11.15,11.83,12.515,13.01,10.09,11.835
2-Oct-23,10.195,11.132,10.327,11.139,11.14,10.485,10.93,9.89,10.594,11.461,10.493,10.215,10.809,11.528,10.99,11.693,10.215,10.809,11.384,11.877,10.415,11.049,11.684,12.255,10.687,11.345,12.015,12.555,11.005,11.685,12.35,12.84,9.945,11.69
3-Oct-23,10.335,11.257,10.467,11.279,11.265,10.625,11.055,10.03,10.734,11.556,10.633,10.355,10.934,11.623,11.115,11.788,10.355,10.934,11.479,11.927,10.555,11.174,11.779,12.305,10.827,11.47,12.11,12.605,11.145,11.81,12.445,12.89,10.085,11.815
4-Oct-23,10.43,11.352,10.562,11.374,11.36,10.72,11.15,10.125,10.829,11.646,10.728,10.45,11.029,11.713,11.21,11.878,10.45,11.029,11.569,12.027,10.65,11.269,11.869,12.405,10.922,11.565,12.2,12.705,11.24,11.905,12.535,12.99,10.18,11.91
5-Oct-23,10.305,11.242,10.437,11.249,11.25,10.595,11.04,10,10.704,11.551,10.603,10.325,10.919,11.618,11.1,11.783,10.325,10.919,11.474,11.927,10.525,11.159,11.774,12.305,10.797,11.455,12.105,12.605,11.115,11.795,12.44,12.89,10.055,11.8
6-Oct-23,10.16,11.127,10.292,11.104,11.135,10.45,10.925,9.855,10.559,11.436,10.458,10.18,10.804,11.503,10.985,11.668,10.18,10.804,11.359,11.787,10.38,11.044,11.659,12.165,10.652,11.34,11.99,12.465,10.97,11.68,12.325,12.75,9.91,11.685
7-Oct-23,10.16,11.127,10.292,11.104,11.135,10.45,10.925,9.855,10.559,11.436,10.458,10.18,10.804,11.503,10.985,11.668,10.18,10.804,11.359,11.787,10.38,11.044,11.659,12.165,10.652,11.34,11.99,12.465,10.97,11.68,12.325,12.75,9.91,11.685
8-Oct-23,10.16,11.127,10.292,11.104,11.135,10.45,10.925,9.855,10.559,11.436,10.458,10.18,10.804,11.503,10.985,11.668,10.18,10.804,11.359,11.787,10.38,11.044,11.659,12.165,10.652,11.34,11.99,12.465,10.97,11.68,12.325,12.75,9.91,11.685
9-Oct-23,10.185,11.167,10.317,11.129,11.175,10.475,10.965,9.88,10.584,11.476,10.483,10.205,10.844,11.543,11.025,11.708,10.205,10.844,11.399,11.837,10.405,11.084,11.699,12.215,10.677,11.38,12.03,12.515,10.995,11.72,12.365,12.8,9.935,11.725
10-Oct-23,10.04,11.027,10.172,10.984,11.035,10.33,10.825,9.735,10.439,11.341,10.338,10.06,10.704,11.408,10.885,11.573,10.06,10.704,11.264,11.722,10.26,10.944,11.564,12.1,10.532,11.24,11.895,12.4,10.85,11.58,12.23,12.685,9.79,11.585
11-Oct-23,9.985,10.962,10.117,10.929,10.97,10.275,10.76,9.68,10.384,11.276,10.283,10.005,10.639,11.343,10.82,11.508,10.005,10.639,11.199,11.692,10.205,10.879,11.499,12.07,10.477,11.175,11.83,12.37,10.795,11.515,12.165,12.655,9.735,11.52
12-Oct-23,9.98,10.907,10.112,10.924,10.915,10.27,10.705,9.675,10.379,11.216,10.278,10,10.584,11.283,10.765,11.448,10,10.584,11.139,11.667,10.2,10.824,11.439,12.045,10.472,11.12,11.77,12.345,10.79,11.46,12.105,12.63,9.73,11.465
13-Oct-23,10.05,10.967,10.182,10.994,10.975,10.34,10.765,9.745,10.449,11.296,10.348,10.07,10.644,11.363,10.825,11.528,10.07,10.644,11.219,11.747,10.27,10.884,11.519,12.125,10.542,11.18,11.85,12.425,10.86,11.52,12.185,12.71,9.8,11.525
14-Oct-23,10.05,10.967,10.182,10.994,10.975,10.34,10.765,9.745,10.449,11.296,10.348,10.07,10.644,11.363,10.825,11.528,10.07,10.644,11.219,11.747,10.27,10.884,11.519,12.125,10.542,11.18,11.85,12.425,10.86,11.52,12.185,12.71,9.8,11.525
15-Oct-23,10.05,10.967,10.182,10.994,10.975,10.34,10.765,9.745,10.449,11.296,10.348,10.07,10.644,11.363,10.825,11.528,10.07,10.644,11.219,11.747,10.27,10.884,11.519,12.125,10.542,11.18,11.85,12.425,10.86,11.52,12.185,12.71,9.8,11.525
16-Oct-23,10.055,10.972,10.187,10.999,10.98,10.345,10.77,9.75,10.454,11.331,10.353,10.075,10.649,11.398,10.83,11.563,10.075,10.649,11.254,11.787,10.275,10.889,11.554,12.165,10.547,11.185,11.885,12.465,10.865,11.525,12.22,12.75,9.805,11.53
17-Oct-23,10.095,10.997,10.227,11.039,11.005,10.385,10.795,9.79,10.494,11.356,10.393,10.115,10.674,11.423,10.855,11.588,10.115,10.674,11.279,11.787,10.315,10.914,11.579,12.165,10.587,11.21,11.91,12.465,10.905,11.55,12.245,12.75,9.845,11.555
18-Oct-23,10.165,11.062,10.297,11.109,11.07,10.455,10.86,9.86,10.564,11.426,10.463,10.185,10.739,11.493,10.92,11.658,10.185,10.739,11.349,11.912,10.385,10.979,11.649,12.29,10.657,11.275,11.98,12.59,10.975,11.615,12.315,12.875,9.915,11.62
19-Oct-23,10.225,11.122,10.357,11.169,11.13,10.515,10.92,9.92,10.624,11.486,10.523,10.245,10.799,11.553,10.98,11.718,10.245,10.799,11.409,11.872,10.445,11.039,11.709,12.25,10.717,11.335,12.04,12.55,11.035,11.675,12.375,12.835,9.975,11.88
